time_s,temperature_C,pwm,heat_cool
0.12,35.54,0,1
0.24,35.54,0,1
0.37,35.54,0,1
0.49,35.54,0,1
0.61,35.55,0,1
0.73,35.54,0,1
0.85,35.54,0,1
0.98,35.55,0,1
1.1,35.54,0,1
1.22,35.54,0,1
1.34,35.54,0,1
1.47,35.54,0,1
1.59,35.54,0,1
1.71,35.54,0,1
1.83,35.54,0,1
1.95,35.54,0,1
2.08,35.54,0,1
2.2,35.54,0,1
2.32,35.55,0,1
2.44,35.54,0,1
2.57,35.54,0,1
2.69,35.55,0,1
2.81,35.54,0,1
2.93,35.54,0,1
3.05,35.54,0,1
3.18,35.54,0,1
3.3,35.55,0,1
3.42,35.54,0,1
3.54,35.54,0,1
3.66,35.54,0,1
3.79,35.54,0,1
3.91,35.54,0,1
4.03,35.54,0,1
4.15,35.54,0,1
4.28,35.54,0,1
4.4,35.54,0,1
4.52,35.55,0,1
4.64,35.54,0,1
4.76,35.54,0,1
4.89,35.55,0,1
5.01,35.54,0,1
5.13,35.54,0,1
5.25,35.54,0,1
5.38,35.54,0,1
5.5,35.54,0,1
5.62,35.55,0,1
5.74,35.55,0,1
5.86,35.54,0,1
5.99,35.54,0,1
6.11,35.55,0,1
6.23,35.54,0,1
6.35,35.54,0,1
6.48,35.54,0,1
6.6,35.54,0,1
6.72,35.54,0,1
6.84,35.55,0,1
6.97,35.55,0,1
7.09,35.54,0,1
7.21,35.54,0,1
7.33,35.55,0,1
7.45,35.54,0,1
7.57,35.54,0,1
7.7,35.54,0,1
7.82,35.54,0,1
7.94,35.54,0,1
8.06,35.54,0,1
8.19,35.54,0,1
8.31,35.54,0,1
8.43,35.54,0,1
8.55,35.54,0,1
8.68,35.54,0,1
8.8,35.55,0,1
8.92,35.54,0,1
9.04,35.54,0,1
9.16,35.54,0,1
9.29,35.55,0,1
9.41,35.54,0,1
9.53,35.54,0,1
9.65,35.54,0,1
9.78,35.54,0,1
9.9,35.54,0,1
10.02,35.54,0,1
10.14,35.54,0,1
10.26,35.54,0,1
10.39,35.55,0,1
10.51,35.54,0,1
10.63,35.54,0,1
10.75,35.54,0,1
10.88,35.54,0,1
11.0,35.54,0,1
11.12,35.54,0,1
11.24,35.54,0,1
11.36,35.54,0,1
11.49,35.55,0,1
11.61,35.55,0,1
11.73,35.54,0,1
11.85,35.54,0,1
11.98,35.54,0,1
12.1,35.55,0,1
12.22,35.54,0,1
12.34,35.54,0,1
12.47,35.54,0,1
12.59,35.54,0,1
12.71,35.54,0,1
12.83,35.55,0,1
12.95,35.54,0,1
13.08,35.54,0,1
13.2,35.54,0,1
13.32,35.54,0,1
13.44,35.54,0,1
13.56,35.54,0,1
13.69,35.54,0,1
13.81,35.54,0,1
13.93,35.54,0,1
14.06,35.54,0,1
14.18,35.54,0,1
14.3,35.54,0,1
14.42,35.54,0,1
14.54,35.54,0,1
14.67,35.54,0,1
14.79,35.54,0,1
14.91,35.54,0,1
15.03,35.54,0,1
15.16,35.54,0,1
15.28,35.54,0,1
15.4,35.54,0,1
15.52,35.54,0,1
15.64,35.54,0,1
15.77,35.54,0,1
15.89,35.54,0,1
16.01,35.54,0,1
16.13,35.54,0,1
16.26,35.54,0,1
16.38,35.54,0,1
16.5,35.54,0,1
16.62,35.54,0,1
16.75,35.54,0,1
16.87,35.54,0,1
16.99,35.54,0,1
17.11,35.54,0,1
17.23,35.54,0,1
17.36,35.54,0,1
17.48,35.54,0,1
17.6,35.54,0,1
17.72,35.54,0,1
17.85,35.54,0,1
17.97,35.54,0,1
18.09,35.54,0,1
18.21,35.54,0,1
18.33,35.54,0,1
18.46,35.54,0,1
18.58,35.54,0,1
18.7,35.54,0,1
18.82,35.54,0,1
18.95,35.54,0,1
19.07,35.54,0,1
19.19,35.54,0,1
19.31,35.54,0,1
19.43,35.54,0,1
19.56,35.54,0,1
19.68,35.54,0,1
19.8,35.54,0,1
19.92,35.54,0,1
20.05,35.54,0,1
20.17,35.54,0,1
20.29,35.54,0,1
20.41,35.54,0,1
20.54,35.54,0,1
20.66,35.54,0,1
20.78,35.54,0,1
20.9,35.54,0,1
21.02,35.54,0,1
21.15,35.54,0,1
21.27,35.54,0,1
21.39,35.54,0,1
21.51,35.54,0,1
21.64,35.54,0,1
21.76,35.54,0,1
21.88,35.54,0,1
22.0,35.54,0,1
22.12,35.54,0,1
22.25,35.54,0,1
22.37,35.54,0,1
22.49,35.54,0,1
22.61,35.54,0,1
22.74,35.54,0,1
22.86,35.54,0,1
22.98,35.54,0,1
23.1,35.54,0,1
23.23,35.54,0,1
23.35,35.54,0,1
23.47,35.54,0,1
23.59,35.54,0,1
23.71,35.54,0,1
23.84,35.54,0,1
23.96,35.54,0,1
24.08,35.54,0,1
24.2,35.54,0,1
24.33,35.54,0,1
24.45,35.54,0,1
24.57,35.54,0,1
24.69,35.54,0,1
24.81,35.54,0,1
24.94,35.54,0,1
25.06,35.54,0,1
25.18,35.54,0,1
25.3,35.54,0,1
25.43,35.54,0,1
25.55,35.54,0,1
25.67,35.54,0,1
25.79,35.54,0,1
25.92,35.54,0,1
26.04,35.54,0,1
26.16,35.54,0,1
26.28,35.54,0,1
26.4,35.54,0,1
26.53,35.54,0,1
26.65,35.54,0,1
26.77,35.54,0,1
26.89,35.54,0,1
27.02,35.54,0,1
27.14,35.54,0,1
27.26,35.54,0,1
27.38,35.54,0,1
27.5,35.54,0,1
27.63,35.54,0,1
27.75,35.54,0,1
27.87,35.54,0,1
28.0,35.54,0,1
28.12,35.54,0,1
28.24,35.54,0,1
28.36,35.54,0,1
28.48,35.54,0,1
28.61,35.53,0,1
28.73,35.54,0,1
28.85,35.54,0,1
28.97,35.54,0,1
29.09,35.54,0,1
29.22,35.54,0,1
29.34,35.54,0,1
29.46,35.54,0,1
29.58,35.54,0,1
29.71,35.54,0,1
29.83,35.54,0,1
29.95,35.54,0,1
30.07,35.54,0,1
30.19,35.54,0,1
30.32,35.54,0,1
30.44,35.54,0,1
30.56,35.54,0,1
30.68,35.54,0,1
30.81,35.54,0,1
30.93,35.54,0,1
31.05,35.54,0,1
31.17,35.54,0,1
31.3,35.54,0,1
31.42,35.54,0,1
31.54,35.54,0,1
31.66,35.54,0,1
31.78,35.54,0,1
31.91,35.54,0,1
32.03,35.54,0,1
32.15,35.54,0,1
32.27,35.54,0,1
32.4,35.54,0,1
32.52,35.54,0,1
32.64,35.54,0,1
32.76,35.54,0,1
32.88,35.54,0,1
33.01,35.54,0,1
33.13,35.54,0,1
33.25,35.54,0,1
33.38,35.54,0,1
33.5,35.54,0,1
33.62,35.54,0,1
33.74,35.54,0,1
33.86,35.54,0,1
33.99,35.54,0,1
34.11,35.54,0,1
34.23,35.54,0,1
34.35,35.54,0,1
34.48,35.54,0,1
34.6,35.54,0,1
34.72,35.54,0,1
34.84,35.54,0,1
34.96,35.54,0,1
35.09,35.54,0,1
35.21,35.54,0,1
35.33,35.54,0,1
35.45,35.54,0,1
35.58,35.54,0,1
35.7,35.54,0,1
35.82,35.54,0,1
35.94,35.54,0,1
36.06,35.54,0,1
36.19,35.54,0,1
36.31,35.54,0,1
36.43,35.54,0,1
36.55,35.54,0,1
36.68,35.54,0,1
36.8,35.54,0,1
36.92,35.54,0,1
37.04,35.54,0,1
37.17,35.54,0,1
37.29,35.54,0,1
37.41,35.54,0,1
37.53,35.54,0,1
37.65,35.54,0,1
37.78,35.55,0,1
37.9,35.54,0,1
38.02,35.54,0,1
38.14,35.54,0,1
38.27,35.54,0,1
38.39,35.54,0,1
38.51,35.54,0,1
38.63,35.54,0,1
38.76,35.54,0,1
38.88,35.55,0,1
39.0,35.54,0,1
39.12,35.54,0,1
39.24,35.54,0,1
39.37,35.54,0,1
39.49,35.54,0,1
39.61,35.54,0,1
39.73,35.54,0,1
39.86,35.54,0,1
39.98,35.54,0,1
40.1,35.54,0,1
40.22,35.54,0,1
40.34,35.54,0,1
40.47,35.54,0,1
40.59,35.54,0,1
40.71,35.55,0,1
40.83,35.54,0,1
40.96,35.54,0,1
41.08,35.54,0,1
41.2,35.55,0,1
41.32,35.54,0,1
41.45,35.54,0,1
41.57,35.54,0,1
41.69,35.54,0,1
41.81,35.54,0,1
41.93,35.54,0,1
42.06,35.54,0,1
42.18,35.55,0,1
42.3,35.55,20,1
42.43,35.56,41,1
42.55,35.55,57,1
42.67,35.56,67,1
42.79,35.56,80,1
42.92,35.55,94,1
43.04,35.55,94,1
43.16,35.54,94,1
43.28,35.54,97,1
43.41,35.54,95,1
43.53,35.54,94,1
43.65,35.54,92,1
43.78,35.55,87,1
43.9,35.53,48,1
44.02,35.54,0,1
44.14,35.54,0,1
44.27,35.55,0,1
44.39,35.54,0,1
44.51,35.54,0,1
44.63,35.54,0,1
44.75,35.54,0,1
44.88,35.55,0,1
45.0,35.54,0,1
45.12,35.54,0,1
45.24,35.54,0,1
45.37,35.54,0,1
45.49,35.55,0,1
45.61,35.54,0,1
45.73,35.54,0,1
45.85,35.54,0,1
45.97,35.54,0,1
46.1,35.55,0,1
46.22,35.55,0,1
46.34,35.54,0,1
46.46,35.54,0,1
46.59,35.55,0,1
46.71,35.54,0,1
46.83,35.54,0,1
46.95,35.54,0,1
47.07,35.55,0,1
47.2,35.55,0,1
47.32,35.55,0,1
47.44,35.54,0,1
47.56,35.54,0,1
47.69,35.55,0,1
47.81,35.55,0,1
47.93,35.54,0,1
48.05,35.54,0,1
48.17,35.55,0,1
48.29,35.55,0,1
48.42,35.54,0,1
48.54,35.54,0,1
48.66,35.55,0,1
48.78,35.54,0,1
48.91,35.54,0,1
49.03,35.55,0,1
49.15,35.55,0,1
49.27,35.54,3,0
49.4,35.54,3,0
49.52,35.54,3,0
49.64,35.55,3,0
49.76,35.54,3,0
49.88,35.54,3,0
50.01,35.55,3,0
50.13,35.54,3,0
50.25,35.54,3,0
50.38,35.55,3,0
50.5,35.55,3,0
50.62,35.54,3,0
50.74,35.54,3,0
50.87,35.55,3,0
50.99,35.55,3,0
51.11,35.54,3,0
51.23,35.55,3,0
51.35,35.55,3,0
51.48,35.54,3,0
51.6,35.54,3,0
51.72,35.55,3,0
51.85,35.55,3,0
51.97,35.54,0,0
52.09,35.55,0,0
52.21,35.54,0,0
52.33,35.54,0,0
52.46,35.55,0,0
52.58,35.55,3,0
52.7,35.54,3,0
52.82,35.55,3,0
52.95,35.54,3,0
53.07,35.54,3,0
53.19,35.55,3,0
53.31,35.55,3,0
53.44,35.54,3,0
53.56,35.55,3,0
53.68,35.54,3,0
53.8,35.54,3,0
53.92,35.55,3,0
54.05,35.55,3,0
54.17,35.53,3,0
54.29,35.55,3,0
54.42,35.54,3,0
54.54,35.53,3,0
54.66,35.55,3,0
54.78,35.54,3,0
54.9,35.54,3,0
55.03,35.55,3,0
55.15,35.54,3,0
55.27,35.54,3,0
55.39,35.55,3,0
55.52,35.54,3,0
55.64,35.54,3,0
55.76,35.55,3,0
55.88,35.54,3,0
56.01,35.55,3,0
56.13,35.55,3,0
56.25,35.54,3,0
56.37,35.55,3,0
56.5,35.54,3,0
56.62,35.54,3,0
56.74,35.55,3,0
56.86,35.54,3,0
56.99,35.55,3,0
57.11,35.55,3,0
57.23,35.54,3,0
57.35,35.55,3,0
57.48,35.53,3,0
57.6,35.55,3,0
57.72,35.55,3,0
57.84,35.54,3,0
57.97,35.55,3,0
58.09,35.53,3,0
58.21,35.55,3,0
58.33,35.54,3,0
58.46,35.54,3,0
58.58,35.55,3,0
58.7,35.54,3,0
58.82,35.55,3,0
58.95,35.54,3,0
59.07,35.55,3,0
59.19,35.55,3,0
59.31,35.53,3,0
59.44,35.55,3,0
59.56,35.54,3,0
59.68,35.55,3,0
59.8,35.54,3,0
59.92,35.54,3,0
60.05,35.55,3,0
60.17,35.53,3,0
60.29,35.55,3,0
60.41,35.54,3,0
60.54,35.54,3,0
60.66,35.55,3,0
60.78,35.53,3,0
60.9,35.55,3,0
61.03,35.54,3,0
61.15,35.55,3,0
61.27,35.54,3,0
61.39,35.54,3,0
61.52,35.55,3,0
61.64,35.53,3,0
61.76,35.55,3,0
61.88,35.54,3,0
62.01,35.55,3,0
62.13,35.55,3,0
62.25,35.54,3,0
62.37,35.55,3,0
62.5,35.54,3,0
62.62,35.55,3,0
62.74,35.53,3,0
62.86,35.55,0,0
62.99,35.55,0,0
63.11,35.54,0,0
63.23,35.55,0,0
63.35,35.54,0,0
63.47,35.55,0,0
63.6,35.54,0,0
63.72,35.55,0,0
63.84,35.54,0,0
63.96,35.55,0,0
64.08,35.55,0,0
64.21,35.54,0,0
64.33,35.54,0,0
64.45,35.53,0,0
64.57,35.55,0,0
64.69,35.53,0,0
64.82,35.55,0,0
64.94,35.53,0,0
65.06,35.55,0,0
65.18,35.54,0,0
65.3,35.54,0,0
65.43,35.54,0,0
65.55,35.54,0,0
65.67,35.55,0,0
65.79,35.53,0,0
65.91,35.55,0,0
66.04,35.53,0,0
66.16,35.55,0,0
66.28,35.53,0,0
66.4,35.55,0,0
66.53,35.54,0,0
66.65,35.54,0,0
66.77,35.54,0,0
66.89,35.54,0,0
67.01,35.54,0,0
67.14,35.53,0,0
67.26,35.55,0,0
67.38,35.53,0,0
67.5,35.55,0,0
67.62,35.53,0,0
67.75,35.55,0,0
67.87,35.53,0,0
67.99,35.54,0,0
68.11,35.54,0,0
68.24,35.54,0,0
68.36,35.55,0,0
68.48,35.54,0,0
68.6,35.55,0,0
68.72,35.53,0,0
68.85,35.55,0,0
68.97,35.53,0,0
69.09,35.55,0,0
69.21,35.53,0,0
69.33,35.55,0,0
69.46,35.53,0,0
69.58,35.55,0,0
69.7,35.53,0,0
69.82,35.55,0,0
69.94,35.53,0,0
70.07,35.55,0,0
70.19,35.54,0,0
70.31,35.55,0,0
70.43,35.53,0,0
70.55,35.55,0,0
70.68,35.53,0,0
70.8,35.54,0,0
70.92,35.53,3,0
71.04,35.55,3,0
71.17,35.53,3,0
71.29,35.55,3,0
71.41,35.53,3,0
71.53,35.55,3,0
71.66,35.53,3,0
71.78,35.55,3,0
71.9,35.54,3,0
72.02,35.55,3,0
72.15,35.53,3,0
72.27,35.55,3,0
72.39,35.53,3,0
72.51,35.55,3,0
72.64,35.53,3,0
72.76,35.54,3,0
72.88,35.53,3,0
73.0,35.54,3,0
73.13,35.54,3,0
73.25,35.54,3,0
73.37,35.54,3,0
73.49,35.53,3,0
73.62,35.55,6,0
73.74,35.53,6,0
73.86,35.55,6,0
73.98,35.53,79,0
74.11,35.55,79,0
74.23,35.53,255,0
74.35,35.55,255,0
74.47,35.53,255,0
74.6,35.55,255,0
74.72,35.53,255,0
74.84,35.55,255,0
74.96,35.53,255,0
75.09,35.55,255,0
75.21,35.53,255,0
75.33,35.55,255,0
75.45,35.53,255,0
75.58,35.54,255,0
75.7,35.53,255,0
75.82,35.55,255,0
75.94,35.53,255,0
76.07,35.55,255,0
76.19,35.53,255,0
76.31,35.55,255,0
76.43,35.53,255,0
76.56,35.54,255,0
76.68,35.53,255,0
76.8,35.55,255,0
76.92,35.53,255,0
77.05,35.55,255,0
77.17,35.53,255,0
77.29,35.55,79,0
77.41,35.53,79,0
77.54,35.54,6,0
77.66,35.53,6,0
77.78,35.55,6,0
77.9,35.53,6,0
78.03,35.55,6,0
78.15,35.53,6,0
78.27,35.54,6,0
78.39,35.53,6,0
78.51,35.54,6,0
78.64,35.53,6,0
78.76,35.55,6,0
78.88,35.53,6,0
79.0,35.55,6,0
79.12,35.53,6,0
79.25,35.55,6,0
79.37,35.53,6,0
79.49,35.55,6,0
79.61,35.53,6,0
79.73,35.55,6,0
79.86,35.53,6,0
79.98,35.55,6,0
80.1,35.53,6,0
80.22,35.55,6,0
80.35,35.53,6,0
80.47,35.55,6,0
80.59,35.53,6,0
80.71,35.55,6,0
80.83,35.53,6,0
80.96,35.55,3,0
81.08,35.53,3,0
81.2,35.55,3,0
81.32,35.54,3,0
81.45,35.54,3,0
81.57,35.54,3,0
81.69,35.53,3,0
81.81,35.55,36,0
81.94,35.53,36,0
82.06,35.55,37,0
82.18,35.53,36,0
82.3,35.55,36,0
82.43,35.54,37,0
82.55,35.54,36,0
82.67,35.54,36,0
82.79,35.53,36,0
82.92,35.55,36,0
83.04,35.53,36,0
83.16,35.55,37,0
83.28,35.53,37,0
83.41,35.55,36,0
83.53,35.53,37,0
83.65,35.54,37,0
83.77,35.54,36,0
83.9,35.54,36,0
84.02,35.55,36,0
84.14,35.53,36,0
84.26,35.56,37,0
84.39,35.53,37,0
84.51,35.55,255,0
84.63,35.54,255,0
84.75,35.54,255,0
84.88,35.54,255,0
85.0,35.53,255,0
85.12,35.55,255,0
85.24,35.53,255,0
85.37,35.55,37,0
85.49,35.53,37,0
85.61,35.55,36,0
85.73,35.53,37,0
85.86,35.54,37,0
85.98,35.54,36,0
86.1,35.53,36,0
86.22,35.55,36,0
86.35,35.53,36,0
86.47,35.55,37,0
86.59,35.53,37,0
86.71,35.55,36,0
86.84,35.53,37,0
86.96,35.54,3,0
87.08,35.54,3,0
87.2,35.54,3,0
87.33,35.55,3,0
87.45,35.53,3,0
87.57,35.55,3,0
87.69,35.53,3,0
87.82,35.55,3,0
87.94,35.54,3,0
88.06,35.54,3,0
88.18,35.55,3,0
88.31,35.53,3,0
88.43,35.56,3,0
88.55,35.53,3,0
88.67,35.55,3,0
88.8,35.54,3,0
88.92,35.53,3,0
89.04,35.55,3,0
89.16,35.53,3,0
89.29,35.55,3,0
89.41,35.54,3,0
89.53,35.54,3,0
89.65,35.55,3,0
89.78,35.53,3,0
89.9,35.55,3,0
90.02,35.54,3,0
90.14,35.54,3,0
90.27,35.55,3,0
90.39,35.53,3,0
90.51,35.55,3,0
90.63,35.54,3,0
90.76,35.54,3,0
90.88,35.55,3,0
91.0,35.53,3,0
91.12,35.55,3,0
91.25,35.54,3,0
91.37,35.54,33,0
91.49,35.55,33,0
91.61,35.53,6,0
91.74,35.55,6,0
91.86,35.54,6,0
91.98,35.54,6,0
92.1,35.55,6,0
92.22,35.53,6,0
92.35,35.55,6,0
92.47,35.54,6,0
92.59,35.53,6,0
92.71,35.55,6,0
92.84,35.53,6,0
92.96,35.55,6,0
93.08,35.54,6,0
0.12,35.55,0,1
0.24,35.56,0,1
0.37,35.55,0,1
0.49,35.56,0,1
0.61,35.55,0,1
0.73,35.56,0,1
0.85,35.55,0,1
0.98,35.55,0,1
1.1,35.55,0,1
1.22,35.55,0,1
1.34,35.55,0,1
1.47,35.56,0,1
1.59,35.55,0,1
1.71,35.56,0,1
1.83,35.55,0,1
1.95,35.55,0,1
2.08,35.55,0,1
2.2,35.55,0,1
2.32,35.55,0,1
2.44,35.55,0,1
2.57,35.55,0,1
2.69,35.55,0,1
2.81,35.55,0,1
2.93,35.55,0,1
3.05,35.55,0,1
3.18,35.55,0,1
3.3,35.55,0,1
3.42,35.55,0,1
3.54,35.55,0,1
3.66,35.56,0,1
3.79,35.55,0,1
3.91,35.55,0,1
4.03,35.55,0,1
4.15,35.55,0,1
4.28,35.55,0,1
4.4,35.56,0,1
4.52,35.55,0,1
4.64,35.55,0,0
4.76,35.55,0,0
4.89,35.55,0,0
5.01,35.55,0,0
5.13,35.55,0,0
5.25,35.55,0,1
5.38,35.55,0,1
5.5,35.55,0,1
5.62,35.55,0,1
5.74,35.55,0,1
5.86,35.55,0,1
5.99,35.55,0,1
6.11,35.55,0,1
6.23,35.55,0,1
6.35,35.55,0,1
6.47,35.55,0,1
6.6,35.55,0,1
6.72,35.55,0,1
6.84,35.55,0,1
6.96,35.56,0,1
7.08,35.55,0,1
7.21,35.55,0,1
7.33,35.55,0,1
7.45,35.55,0,1
7.57,35.55,3,0
7.7,35.55,3,0
7.82,35.55,3,0
7.94,35.55,3,0
8.06,35.55,3,0
8.18,35.55,3,0
8.31,35.55,3,0
8.43,35.55,3,0
8.55,35.55,3,0
8.68,35.55,3,0
8.8,35.55,3,0
8.92,35.55,3,0
9.04,35.55,3,0
9.16,35.55,3,0
9.29,35.55,3,0
9.41,35.55,3,0
9.53,35.55,3,0
9.65,35.55,3,0
9.78,35.55,3,0
9.9,35.55,3,0
10.02,35.55,3,0
10.14,35.55,3,0
10.27,35.55,3,0
10.39,35.56,3,0
10.51,35.55,3,0
10.63,35.55,3,0
10.76,35.55,0,0
10.88,35.55,0,0
11.0,35.55,0,0
11.12,35.55,0,0
11.24,35.55,0,0
11.37,35.56,0,0
11.49,35.55,0,0
11.61,35.55,0,0
11.73,35.55,0,0
11.85,35.55,0,0
11.98,35.55,0,0
12.1,35.55,0,0
12.22,35.55,0,0
12.34,35.55,0,0
12.47,35.55,0,0
12.59,35.55,0,0
12.71,35.55,0,0
12.83,35.55,0,0
12.95,35.55,0,0
13.07,35.55,0,0
13.2,35.55,0,0
13.32,35.56,0,0
13.44,35.55,0,0
13.56,35.55,0,0
13.69,35.55,0,0
13.81,35.55,0,0
13.93,35.55,0,0
14.05,35.55,0,0
14.18,35.55,0,0
14.3,35.55,0,0
14.42,35.55,0,0
14.54,35.55,0,0
14.66,35.55,0,0
14.78,35.55,0,0
14.91,35.55,0,0
15.03,35.55,0,0
15.15,35.55,0,0
15.27,35.55,0,0
15.4,35.55,0,0
15.52,35.55,0,0
15.64,35.55,0,0
15.76,35.55,0,0
15.88,35.55,0,0
16.01,35.55,0,0
16.13,35.55,0,0
16.25,35.55,0,0
16.37,35.55,0,0
16.49,35.55,0,0
16.62,35.55,0,0
16.74,35.55,0,0
16.86,35.55,0,0
16.98,35.55,0,0
17.1,35.55,0,0
17.23,35.55,0,0
17.35,35.55,0,0
17.47,35.55,0,0
17.59,35.55,0,0
17.71,35.55,0,0
17.84,35.55,0,0
17.96,35.55,0,0
18.08,35.55,0,0
18.2,35.55,0,0
18.33,35.55,0,0
18.45,35.55,0,0
18.57,35.55,0,0
18.69,35.55,0,0
18.81,35.55,0,0
18.94,35.55,0,0
19.06,35.55,0,0
19.18,35.55,0,0
19.3,35.55,0,0
19.42,35.55,0,0
19.55,35.55,0,0
19.67,35.55,0,0
19.79,35.55,0,0
19.91,35.55,0,0
20.03,35.55,0,0
20.16,35.55,0,0
20.28,35.55,0,0
20.4,35.55,0,0
20.52,35.55,0,0
20.64,35.55,0,0
20.77,35.55,0,0
20.89,35.55,0,0
21.01,35.55,0,0
21.13,35.55,0,0
21.26,35.55,0,0
21.38,35.55,0,0
21.5,35.55,0,0
21.62,35.54,0,0
21.74,35.55,0,0
21.87,35.55,0,0
21.99,35.55,0,0
22.11,35.55,0,0
22.23,35.55,0,0
22.35,35.55,0,0
22.48,35.55,0,0
22.6,35.55,0,0
22.72,35.55,0,0
22.84,35.55,0,0
22.96,35.55,0,0
23.09,35.55,0,0
23.21,35.55,0,0
23.33,35.55,0,0
23.45,35.55,0,0
23.58,35.55,0,0
23.7,35.55,0,0
23.82,35.55,0,0
23.94,35.55,0,0
24.06,35.55,0,0
24.19,35.55,0,0
24.31,35.55,0,0
24.43,35.55,0,0
24.55,35.55,0,0
24.67,35.55,0,0
24.8,35.55,0,0
24.92,35.55,0,0
25.04,35.55,0,0
25.16,35.55,0,0
25.28,35.55,0,0
25.41,35.54,0,0
25.53,35.55,0,0
25.65,35.55,0,0
25.77,35.55,0,0
25.89,35.55,0,0
26.02,35.55,0,0
26.14,35.55,0,0
26.26,35.55,0,0
26.38,35.55,0,0
26.51,35.55,0,0
26.63,35.55,0,0
26.75,35.55,0,0
26.87,35.55,0,0
26.99,35.55,0,0
27.12,35.55,0,0
27.24,35.55,0,0
27.36,35.55,0,0
27.48,35.55,0,0
27.6,35.55,0,0
27.73,35.54,0,0
27.85,35.55,0,0
27.97,35.55,0,0
28.09,35.55,0,0
28.22,35.55,0,0
28.34,35.55,0,0
28.46,35.55,0,0
28.58,35.55,0,0
28.7,35.54,0,0
28.83,35.55,0,0
28.95,35.55,0,0
29.07,35.55,0,0
29.19,35.55,0,0
29.31,35.55,0,0
29.44,35.55,0,0
29.56,35.55,0,0
29.68,35.55,0,0
29.8,35.55,0,0
29.92,35.55,0,0
30.05,35.55,0,0
30.17,35.55,0,0
30.29,35.55,0,0
30.41,35.55,0,0
30.53,35.55,0,0
30.66,35.55,0,0
30.78,35.55,0,0
30.9,35.55,0,0
31.02,35.55,0,0
31.14,35.55,0,0
31.27,35.55,0,0
31.39,35.55,0,0
31.51,35.55,0,0
31.63,35.54,0,0
31.76,35.55,0,0
31.88,35.55,0,0
32.0,35.55,0,0
32.12,35.55,0,0
32.24,35.54,0,0
32.37,35.55,0,0
32.49,35.55,0,0
32.61,35.55,0,0
32.73,35.54,0,0
32.86,35.55,0,0
32.98,35.54,0,0
33.1,35.55,0,0
33.22,35.55,0,0
33.34,35.55,0,0
33.47,35.55,0,0
33.59,35.55,0,0
33.71,35.54,0,0
33.83,35.55,0,0
33.95,35.54,0,0
34.08,35.55,0,0
34.2,35.54,0,0
34.32,35.55,0,0
34.44,35.55,0,0
34.56,35.55,0,0
34.69,35.55,0,0
34.81,35.55,0,0
34.93,35.55,0,0
35.05,35.55,0,0
35.18,35.55,0,0
35.3,35.55,0,0
35.42,35.54,0,0
35.54,35.55,0,0
35.66,35.55,0,0
35.79,35.55,0,0
35.91,35.55,0,0
36.03,35.55,0,0
36.15,35.55,0,0
36.27,35.55,0,0
36.4,35.55,0,0
36.52,35.55,0,0
36.64,35.55,0,0
36.76,35.55,0,0
36.88,35.55,0,0
37.01,35.55,0,0
37.13,35.54,0,0
37.25,35.55,0,0
37.37,35.55,0,0
37.49,35.55,0,0
37.62,35.55,0,0
37.74,35.55,0,0
37.86,35.54,0,0
37.98,35.55,0,0
38.11,35.54,0,0
38.23,35.55,0,0
38.35,35.55,0,0
38.47,35.55,0,0
38.59,35.55,0,0
38.72,35.55,0,0
38.84,35.54,0,0
38.96,35.55,0,0
39.08,35.55,0,0
39.2,35.55,0,0
39.33,35.55,0,0
39.45,35.55,0,0
39.57,35.55,0,0
39.69,35.55,0,0
39.81,35.55,0,0
39.94,35.56,0,0
40.06,35.56,0,0
40.18,35.56,0,0
40.3,35.56,0,0
40.43,35.56,0,0
40.55,35.56,0,0
40.67,35.56,0,0
40.79,35.56,0,0
40.91,35.56,0,0
41.04,35.56,0,0
41.16,35.56,0,0
41.28,35.56,0,0
41.4,35.56,0,0
41.52,35.56,0,0
41.65,35.56,0,0
41.77,35.56,0,0
41.89,35.56,0,0
42.01,35.55,0,0
42.13,35.55,0,0
42.26,35.55,0,0
42.38,35.56,0,0
42.5,35.55,0,0
42.62,35.55,0,0
42.75,35.55,0,0
42.87,35.55,0,0
42.99,35.55,0,0
43.11,35.55,0,0
43.23,35.55,0,0
43.36,35.56,0,0
43.48,35.55,0,0
43.6,35.55,0,0
43.72,35.55,0,0
43.84,35.55,0,0
43.97,35.55,0,0
44.09,35.55,0,0
44.21,35.55,0,0
44.33,35.55,0,0
44.45,35.55,0,0
44.58,35.55,0,0
44.7,35.55,0,0
44.82,35.55,0,0
44.94,35.55,0,0
45.06,35.55,0,0
45.19,35.55,0,0
45.31,35.55,0,0
45.43,35.55,0,0
45.55,35.55,0,0
45.68,35.55,0,0
45.8,35.55,0,0
45.92,35.56,0,0
46.04,35.55,0,0
46.16,35.56,0,0
46.29,35.56,0,0
46.41,35.56,0,0
46.53,35.56,0,0
46.65,35.56,0,0
46.77,35.56,0,0
46.9,35.56,0,0
47.02,35.56,0,0
47.14,35.56,0,0
47.26,35.56,0,0
47.38,35.55,0,0
47.51,35.56,0,0
47.63,35.55,0,0
47.75,35.56,0,0
47.87,35.55,0,0
48.0,35.55,0,0
48.12,35.56,0,0
48.24,35.55,0,0
48.36,35.55,0,0
48.48,35.55,0,0
48.61,35.55,0,0
48.73,35.55,0,0
48.85,35.55,0,0
48.97,35.55,0,0
49.09,35.55,0,0
49.22,35.55,0,0
49.34,35.55,0,0
49.46,35.55,0,0
49.58,35.55,0,0
49.7,35.55,0,0
49.83,35.55,0,0
49.95,35.55,0,0
50.07,35.55,0,0
50.19,35.54,0,0
50.31,35.54,0,0
50.44,35.54,0,0
50.56,35.54,0,0
50.68,35.54,0,0
50.8,35.54,0,0
50.93,35.54,0,0
51.05,35.54,0,0
51.17,35.54,0,0
51.29,35.54,0,0
51.41,35.55,0,0
51.54,35.55,0,0
51.66,35.55,0,0
51.78,35.55,0,0
51.9,35.56,0,0
52.02,35.56,0,0
52.15,35.56,0,0
52.27,35.56,0,0
52.39,35.56,0,0
52.51,35.56,0,0
52.63,35.56,0,0
52.76,35.56,0,0
52.88,35.56,0,0
53.0,35.56,0,0
53.12,35.56,0,0
53.25,35.56,0,0
53.37,35.56,0,0
53.49,35.56,0,0
53.61,35.56,0,0
53.73,35.56,0,0
53.86,35.56,0,0
53.98,35.56,0,0
54.1,35.56,0,0
54.22,35.56,0,0
54.34,35.56,0,0
54.47,35.56,0,0
54.59,35.56,0,0
54.71,35.56,0,0
54.83,35.56,0,0
54.96,35.56,0,0
55.08,35.56,0,0
55.2,35.56,0,0
55.32,35.56,0,0
55.44,35.56,0,0
55.56,35.56,0,0
55.69,35.56,0,0
55.81,35.56,0,0
55.93,35.56,0,0
56.05,35.56,0,0
56.18,35.56,0,0
56.3,35.56,0,0
56.42,35.56,0,0
56.54,35.56,0,0
56.66,35.56,0,0
56.79,35.56,0,0
56.91,35.56,0,0
57.03,35.56,0,0
57.15,35.56,0,0
57.28,35.56,0,0
57.4,35.56,0,0
57.52,35.56,0,0
57.64,35.56,0,0
57.76,35.56,0,0
57.88,35.56,0,0
58.01,35.56,0,0
58.13,35.56,0,0
58.25,35.56,0,0
58.37,35.56,0,0
58.5,35.56,0,0
58.62,35.56,0,0
58.74,35.56,0,0
58.86,35.56,0,0
58.98,35.56,0,0
59.11,35.56,0,0
59.23,35.56,0,0
59.35,35.56,0,0
59.47,35.56,0,0
59.59,35.56,0,0
59.72,35.56,0,0
59.84,35.56,0,0
59.96,35.56,0,0
60.08,35.56,0,0
60.21,35.56,0,0
60.33,35.56,0,0
60.45,35.56,0,0
60.57,35.56,0,0
60.69,35.56,0,0
60.81,35.56,0,0
60.94,35.56,0,0
61.06,35.56,0,0
61.18,35.56,0,0
61.3,35.56,0,0
61.43,35.56,0,0
61.55,35.56,0,0
61.67,35.56,0,0
61.79,35.56,0,0
61.92,35.56,0,0
62.04,35.56,0,0
62.16,35.56,0,0
62.28,35.56,0,0
62.4,35.56,0,0
62.53,35.56,0,0
62.65,35.56,0,0
62.77,35.56,0,0
62.89,35.56,0,0
63.01,35.56,0,0
63.13,35.56,0,0
63.26,35.56,0,0
63.38,35.56,0,0
63.5,35.56,0,0
63.62,35.56,0,0
63.75,35.56,0,0
63.87,35.56,0,0
63.99,35.56,0,0
64.11,35.56,0,0
64.23,35.56,0,0
64.36,35.55,0,0
64.48,35.55,0,0
64.6,35.56,0,0
64.72,35.55,0,0
64.84,35.55,0,0
64.97,35.55,0,0
65.09,35.55,0,0
65.21,35.55,0,0
65.33,35.56,0,0
65.45,35.55,0,0
65.58,35.56,0,0
65.7,35.56,0,0
65.82,35.55,0,0
65.94,35.55,0,0
66.07,35.55,0,0
66.19,35.56,0,0
66.31,35.56,0,0
66.43,35.55,0,0
66.55,35.55,0,0
66.68,35.56,0,0
66.8,35.55,0,0
66.92,35.55,0,0
67.04,35.55,0,0
67.16,35.55,0,0
67.29,35.55,0,0
67.41,35.55,0,0
67.53,35.55,0,0
67.65,35.55,0,0
67.77,35.55,0,0
67.9,35.55,0,0
68.02,35.55,0,0
68.14,35.55,0,0
68.26,35.55,0,0
68.38,35.55,0,0
68.51,35.55,0,0
68.63,35.55,0,0
68.75,35.55,0,0
68.87,35.55,0,0
69.0,35.55,0,0
69.12,35.55,0,0
69.24,35.55,0,0
69.36,35.55,0,0
69.48,35.55,0,0
69.61,35.55,0,0
69.73,35.55,0,0
69.85,35.55,0,0
69.97,35.56,0,0
70.09,35.55,0,0
70.22,35.55,0,0
70.34,35.55,0,0
70.46,35.55,0,0
70.58,35.55,0,0
70.7,35.55,0,0
70.83,35.55,0,0
70.95,35.55,0,0
71.07,35.55,0,0
71.19,35.55,0,0
71.32,35.55,0,0
71.44,35.55,0,0
71.56,35.55,0,0
71.68,35.55,0,0
71.8,35.55,0,0
71.93,35.55,0,0
72.05,35.55,0,0
72.17,35.55,0,0
72.29,35.55,0,0
72.41,35.55,0,0
72.54,35.55,0,0
72.66,35.55,0,0
72.78,35.55,0,0
72.9,35.55,0,0
73.02,35.55,0,0
73.15,35.55,0,0
73.27,35.55,0,0
73.39,35.55,0,0
73.51,35.55,0,0
73.63,35.55,0,0
73.76,35.55,0,0
73.88,35.55,0,0
74.0,35.55,0,0
74.12,35.55,0,0
74.25,35.55,0,0
74.37,35.55,0,0
74.49,35.55,0,0
74.61,35.55,0,0
74.73,35.55,0,0
74.86,35.55,0,0
74.98,35.55,0,0
75.1,35.55,0,0
75.22,35.55,0,0
75.34,35.55,0,0
75.47,35.55,0,0
75.59,35.55,0,0
75.71,35.55,0,0
75.83,35.55,0,0
75.96,35.55,0,0
76.08,35.55,0,0
76.2,35.55,0,0
76.32,35.55,0,0
76.44,35.55,0,0
76.57,35.55,0,0
76.69,35.55,0,0
76.81,35.55,0,0
76.93,35.55,0,0
77.05,35.55,0,0
77.18,35.55,0,0
77.3,35.55,0,0
77.42,35.55,0,0
77.54,35.55,0,0
77.66,35.55,0,0
77.79,35.55,0,0
77.91,35.55,0,0
78.03,35.55,0,0
78.15,35.55,0,0
78.27,35.55,0,0
78.4,35.55,0,0
78.52,35.55,0,0
78.64,35.55,0,0
78.76,35.55,0,0
78.88,35.55,0,0
79.01,35.55,0,0
79.13,35.55,0,0
79.25,35.55,0,0
79.37,35.55,0,0
79.5,35.55,0,0
79.62,35.55,0,0
79.74,35.55,0,0
79.86,35.55,0,0
79.98,35.56,0,0
80.11,35.56,0,0
80.23,35.56,0,0
80.35,35.56,0,0
80.47,35.56,0,0
80.59,35.56,0,0
80.72,35.56,0,0
80.84,35.56,0,0
80.96,35.56,3,0
81.08,35.56,3,0
81.21,35.56,3,0
81.33,35.56,3,0
81.45,35.56,3,0
81.57,35.56,3,0
81.7,35.56,3,0
81.82,35.56,3,0
81.94,35.56,3,0
82.06,35.56,3,0
82.19,35.56,3,0
82.31,35.56,3,0
82.43,35.56,3,0
82.55,35.56,3,0
82.68,35.56,3,0
82.8,35.56,3,0
82.92,35.56,3,0
83.04,35.56,3,0
83.17,35.56,3,0
83.29,35.56,3,0
83.41,35.56,3,0
83.53,35.56,3,0
83.66,35.56,3,0
83.78,35.56,3,0
83.9,35.56,3,0
84.02,35.56,3,0
84.15,35.56,3,0
84.27,35.56,3,0
84.39,35.56,3,0
84.51,35.56,3,0
84.63,35.56,3,0
84.76,35.56,3,0
84.88,35.56,3,0
85.0,35.56,3,0
85.12,35.56,3,0
85.25,35.56,3,0
85.37,35.56,3,0
85.49,35.56,3,0
85.61,35.56,3,0
85.74,35.56,3,0
85.86,35.56,3,0
85.98,35.56,3,0
86.11,35.56,3,0
86.23,35.56,3,0
86.35,35.56,3,0
86.47,35.56,3,0
86.59,35.56,3,0
86.72,35.56,3,0
86.84,35.55,3,0
86.96,35.55,3,0
87.08,35.55,3,0
87.21,35.55,3,0
87.33,35.55,3,0
87.45,35.55,3,0
87.57,35.55,3,0
87.7,35.55,3,0
87.82,35.55,3,0
87.94,35.55,3,0
88.06,35.55,3,0
88.19,35.55,3,0
88.31,35.55,3,0
88.43,35.55,3,0
88.55,35.55,3,0
88.68,35.55,3,0
88.8,35.55,3,0
88.92,35.55,3,0
89.04,35.55,3,0
89.16,35.56,3,0
89.29,35.55,3,0
89.41,35.55,3,0
89.53,35.55,3,0
89.65,35.55,3,0
89.78,35.55,3,0
89.9,35.55,3,0
90.02,35.55,3,0
90.14,35.55,3,0
90.27,35.55,3,0
90.39,35.55,3,0
90.51,35.55,3,0
90.63,35.55,3,0
90.76,35.55,3,0
90.88,35.55,3,0
91.0,35.55,3,0
91.12,35.55,3,0
91.25,35.55,3,0
91.37,35.55,3,0
91.49,35.55,3,0
91.61,35.55,3,0
91.74,35.55,3,0
91.86,35.55,3,0
91.98,35.55,3,0
92.1,35.55,3,0
92.23,35.55,3,0
92.35,35.55,3,0
92.47,35.55,3,0
92.59,35.55,3,0
92.72,35.55,3,0
92.84,35.55,3,0
92.96,35.55,3,0
93.08,35.55,3,0
93.21,35.55,3,0
93.33,35.56,3,0
93.45,35.56,3,0
93.57,35.56,3,0
93.7,35.56,3,0
93.82,35.56,3,0
93.94,35.56,3,0
94.06,35.56,3,0
94.19,35.56,3,0
94.31,35.56,3,0
94.43,35.56,3,0
94.55,35.56,3,0
94.68,35.56,3,0
94.8,35.56,3,0
94.92,35.56,3,0
95.04,35.56,3,0
95.16,35.56,3,0
95.29,35.56,3,0
95.41,35.56,3,0
95.53,35.56,3,0
95.65,35.56,3,0
95.78,35.56,3,0
95.9,35.56,6,0
96.02,35.56,6,0
96.14,35.56,6,0
96.27,35.56,6,0
96.39,35.56,6,0
96.51,35.57,6,0
96.63,35.57,6,0
96.76,35.56,6,0
96.88,35.56,6,0
97.0,35.57,6,0
97.12,35.56,6,0
97.25,35.56,6,0
97.37,35.56,6,0
97.49,35.56,6,0
97.61,35.56,6,0
97.74,35.56,9,0
97.86,35.56,9,0
97.98,35.56,9,0
98.11,35.56,9,0
98.23,35.56,9,0
98.35,35.56,9,0
98.47,35.56,9,0
98.59,35.56,9,0
98.72,35.56,9,0
98.84,35.56,9,0
98.96,35.56,9,0
99.08,35.56,9,0
99.21,35.56,9,0
99.33,35.56,9,0
99.45,35.56,9,0
99.57,35.56,9,0
99.7,35.56,9,0
99.82,35.56,9,0
99.94,35.56,9,0
100.06,35.56,9,0
100.19,35.56,9,0
100.31,35.56,9,0
100.43,35.56,9,0
100.55,35.56,9,0
100.68,35.56,9,0
100.8,35.56,9,0
100.92,35.56,9,0
101.04,35.56,9,0
101.17,35.56,9,0
101.29,35.56,9,0
101.41,35.56,9,0
101.53,35.56,9,0
101.66,35.56,9,0
101.78,35.56,9,0
101.9,35.56,9,0
102.02,35.56,9,0
102.15,35.56,9,0
102.27,35.56,9,0
102.39,35.56,9,0
102.51,35.56,9,0
102.64,35.56,9,0
102.76,35.56,9,0
102.88,35.56,9,0
103.0,35.56,9,0
103.13,35.56,9,0
103.25,35.56,9,0
103.37,35.56,9,0
103.49,35.56,9,0
103.62,35.56,9,0
103.74,35.56,9,0
103.86,35.56,9,0
103.98,35.56,9,0
104.11,35.56,9,0
104.23,35.56,9,0
104.35,35.56,9,0
104.47,35.56,9,0
104.6,35.56,9,0
104.72,35.56,9,0
104.84,35.56,9,0
104.96,35.56,9,0
105.08,35.56,9,0
105.21,35.56,9,0
105.33,35.56,9,0
105.45,35.56,9,0
105.57,35.56,9,0
105.7,35.56,9,0
105.82,35.56,9,0
105.94,35.56,9,0
106.06,35.56,9,0
106.19,35.56,9,0
106.31,35.56,9,0
106.43,35.56,9,0
106.55,35.56,9,0
106.68,35.56,9,0
106.8,35.56,9,0
106.92,35.56,9,0
107.04,35.56,9,0
107.17,35.56,9,0
107.29,35.56,9,0
107.41,35.56,9,0
107.54,35.56,9,0
107.66,35.56,9,0
107.78,35.56,9,0
107.9,35.56,9,0
108.02,35.56,9,0
108.15,35.56,9,0
108.27,35.56,9,0
108.39,35.56,9,0
108.51,35.56,9,0
108.64,35.56,9,0
108.76,35.56,9,0
108.88,35.56,9,0
109.0,35.56,9,0
109.13,35.56,9,0
109.25,35.56,9,0
109.37,35.56,9,0
109.5,35.56,9,0
109.62,35.56,9,0
109.74,35.56,9,0
109.86,35.56,9,0
109.98,35.56,9,0
110.11,35.56,9,0
110.23,35.56,9,0
110.35,35.56,9,0
110.47,35.56,9,0
110.6,35.56,9,0
110.72,35.56,9,0
110.84,35.56,9,0
110.96,35.56,9,0
111.09,35.56,9,0
111.21,35.56,9,0
111.33,35.56,9,0
111.45,35.56,9,0
111.58,35.56,9,0
111.7,35.56,9,0
111.82,35.56,9,0
111.94,35.56,9,0
112.07,35.56,9,0
112.19,35.56,9,0
112.31,35.56,9,0
112.43,35.56,9,0
112.56,35.56,9,0
112.68,35.56,9,0
112.8,35.56,9,0
112.92,35.56,9,0
113.05,35.56,9,0
113.17,35.56,9,0
113.29,35.56,9,0
113.41,35.56,9,0
113.54,35.56,9,0
113.66,35.56,9,0
113.78,35.56,9,0
113.9,35.56,9,0
114.03,35.56,9,0
114.15,35.56,9,0
114.27,35.56,9,0
114.39,35.56,9,0
114.52,35.56,9,0
114.64,35.56,9,0
114.76,35.56,9,0
114.88,35.56,9,0
115.01,35.56,9,0
115.13,35.56,9,0
115.25,35.56,9,0
115.37,35.56,9,0
115.5,35.56,9,0
115.62,35.56,9,0
115.74,35.56,9,0
115.86,35.56,9,0
115.99,35.56,9,0
116.11,35.56,9,0
116.23,35.56,9,0
116.35,35.56,9,0
116.48,35.56,9,0
116.6,35.56,9,0
116.72,35.56,9,0
116.84,35.56,9,0
116.97,35.56,9,0
117.09,35.56,9,0
117.21,35.56,9,0
117.33,35.56,9,0
117.46,35.56,9,0
117.58,35.56,9,0
117.7,35.56,9,0
117.82,35.55,9,0
117.95,35.55,9,0
118.07,35.55,9,0
118.19,35.55,9,0
118.31,35.55,9,0
118.43,35.55,9,0
118.56,35.55,9,0
118.68,35.55,9,0
118.8,35.55,9,0
118.93,35.55,9,0
119.05,35.55,9,0
119.17,35.55,9,0
119.29,35.55,9,0
119.41,35.55,9,0
119.54,35.56,9,0
119.66,35.56,9,0
119.78,35.56,9,0
119.91,35.56,9,0
120.03,35.56,9,0
120.15,35.56,9,0
120.27,35.56,9,0
120.39,35.56,9,0
120.52,35.56,9,0
120.64,35.56,9,0
120.76,35.56,9,0
120.89,35.56,9,0
121.01,35.56,9,0
121.13,35.56,9,0
121.25,35.56,9,0
121.37,35.56,9,0
121.5,35.56,9,0
121.62,35.56,9,0
121.74,35.56,9,0
121.87,35.56,9,0
121.99,35.56,9,0
122.11,35.56,9,0
122.23,35.56,9,0
122.36,35.56,9,0
122.48,35.56,9,0
122.6,35.56,9,0
122.72,35.56,9,0
122.84,35.56,9,0
122.97,35.56,9,0
123.09,35.56,9,0
123.21,35.56,9,0
123.33,35.56,9,0
123.46,35.56,9,0
123.58,35.56,9,0
123.7,35.56,9,0
123.82,35.56,9,0
123.95,35.56,9,0
124.07,35.56,9,0
124.19,35.56,9,0
124.31,35.56,9,0
124.44,35.56,9,0
124.56,35.56,9,0
124.68,35.56,9,0
124.8,35.56,9,0
124.93,35.56,9,0
125.05,35.56,9,0
125.17,35.56,9,0
125.29,35.56,9,0
125.42,35.56,9,0
125.54,35.56,9,0
125.66,35.56,9,0
125.79,35.56,9,0
125.91,35.56,9,0
126.03,35.56,9,0
126.15,35.56,9,0
126.27,35.56,9,0
126.4,35.56,9,0
126.52,35.56,9,0
126.64,35.56,9,0
126.76,35.56,9,0
126.89,35.56,9,0
127.01,35.56,9,0
127.13,35.56,9,0
127.25,35.56,9,0
127.38,35.56,9,0
127.5,35.56,9,0
127.62,35.56,9,0
127.75,35.56,9,0
127.87,35.56,9,0
127.99,35.56,9,0
128.11,35.56,9,0
128.23,35.56,9,0
128.36,35.56,9,0
128.48,35.56,9,0
128.6,35.56,0,0
128.72,35.56,0,0
128.85,35.56,0,0
128.97,35.56,0,0
129.09,35.56,0,0
129.21,35.56,0,0
129.34,35.56,0,0
129.46,35.56,0,0
129.58,35.56,0,0
129.7,35.56,0,0
129.82,35.56,0,0
129.95,35.56,0,0
130.07,35.56,0,0
130.19,35.56,0,0
130.31,35.56,0,0
130.44,35.56,0,0
130.56,35.56,0,0
130.68,35.56,0,0
130.8,35.56,0,0
130.92,35.56,0,0
131.05,35.56,0,0
131.17,35.56,0,0
131.29,35.56,0,0
131.41,35.56,0,0
131.53,35.56,0,0
131.66,35.56,0,0
131.78,35.56,0,0
131.9,35.56,0,0
132.02,35.56,0,0
132.15,35.56,0,0
132.27,35.56,0,0
132.39,35.56,0,0
132.51,35.56,0,0
132.63,35.56,0,0
132.76,35.56,0,0
132.88,35.56,0,0
133.0,35.56,0,0
133.12,35.56,0,0
133.24,35.56,0,0
133.37,35.56,0,0
133.49,35.56,0,0
133.61,35.56,0,0
133.73,35.56,0,0
133.86,35.56,0,0
133.98,35.56,0,0
134.1,35.56,0,0
134.22,35.56,0,0
134.34,35.56,0,0
134.47,35.56,0,0
134.59,35.56,0,0
134.71,35.56,0,0
134.83,35.56,0,0
134.96,35.56,0,0
135.08,35.56,15,0
135.2,35.56,15,0
135.32,35.56,15,0
135.45,35.56,15,0
135.57,35.56,15,0
135.69,35.56,15,0
135.81,35.56,15,0
135.93,35.56,15,0
136.06,35.56,15,0
136.18,35.56,15,0
136.3,35.56,15,0
136.43,35.56,15,0
136.55,35.56,15,0
136.67,35.56,15,0
136.79,35.56,3,0
136.91,35.56,3,0
137.04,35.56,3,0
137.16,35.56,3,0
137.28,35.56,3,0
137.41,35.56,3,0
137.53,35.56,3,0
137.65,35.56,3,0
137.77,35.56,3,0
137.89,35.56,3,0
138.02,35.56,3,0
138.14,35.56,3,0
138.26,35.56,3,0
138.38,35.56,3,0
138.51,35.56,3,0
138.63,35.56,3,0
138.75,35.56,3,0
138.87,35.56,3,0
139.0,35.56,0,0
139.12,35.56,0,0
139.24,35.56,0,0
139.36,35.56,0,0
139.49,35.56,0,0
139.61,35.56,0,0
139.73,35.56,0,0
139.85,35.56,0,0
139.97,35.56,0,0
140.1,35.56,0,0
140.22,35.56,0,0
140.34,35.56,0,0
140.46,35.56,0,0
140.59,35.56,0,0
140.71,35.56,0,0
140.83,35.56,0,0
140.95,35.56,0,0
141.07,35.56,0,0
141.2,35.56,0,0
141.32,35.56,0,0
141.44,35.56,0,0
141.56,35.56,0,0
141.68,35.56,0,0
141.81,35.56,0,0
141.93,35.56,0,0
142.05,35.56,0,0
142.17,35.56,0,0
142.3,35.56,0,0
142.42,35.56,0,0
142.54,35.56,0,0
142.66,35.56,0,0
142.78,35.56,0,0
142.91,35.56,0,0
143.03,35.56,0,0
143.15,35.56,0,0
143.27,35.56,0,0
143.4,35.56,0,0
143.52,35.56,0,0
143.64,35.56,0,0
143.76,35.56,0,0
143.88,35.56,0,0
144.01,35.56,0,0
144.13,35.56,0,0
144.25,35.56,0,0
144.37,35.56,0,0
144.49,35.56,0,0
144.62,35.56,0,0
144.74,35.56,0,0
144.86,35.56,0,0
144.98,35.56,0,0
145.11,35.56,28,0
145.23,35.56,28,0
145.35,35.56,28,0
145.47,35.56,28,0
145.6,35.56,28,0
145.72,35.56,28,0
145.84,35.56,28,0
145.96,35.56,28,0
146.09,35.55,28,0
146.21,35.55,28,0
146.33,35.56,28,0
146.45,35.56,28,0
146.58,35.56,28,0
146.7,35.56,28,0
146.82,35.56,28,0
146.95,35.56,28,0
147.07,35.56,28,0
147.19,35.56,28,0
147.31,35.56,28,0
147.43,35.56,28,0
147.56,35.56,28,0
147.68,35.56,28,0
147.8,35.56,28,0
147.92,35.56,28,0
148.05,35.56,28,0
148.17,35.56,28,0
148.29,35.56,28,0
148.41,35.56,28,0
148.54,35.56,28,0
148.66,35.56,28,0
148.78,35.56,28,0
148.9,35.56,28,0
149.03,35.56,28,0
149.15,35.56,28,0
149.27,35.56,28,0
149.4,35.56,28,0
149.52,35.56,28,0
149.64,35.56,28,0
149.76,35.56,28,0
149.88,35.56,28,0
150.01,35.56,28,0
150.13,35.56,28,0
150.25,35.56,28,0
150.38,35.56,28,0
150.5,35.56,28,0
150.62,35.56,28,0
150.74,35.56,28,0
150.87,35.56,3,0
150.99,35.56,3,0
151.11,35.56,3,0
151.23,35.56,3,0
151.36,35.56,3,0
151.48,35.56,3,0
151.6,35.56,3,0
151.72,35.56,3,0
151.85,35.56,3,0
151.97,35.56,3,0
152.09,35.56,3,0
152.21,35.56,3,0
152.34,35.56,3,0
152.46,35.56,3,0
152.58,35.56,3,0
152.7,35.56,3,0
152.83,35.56,3,0
152.95,35.56,3,0
153.07,35.56,3,0
153.19,35.56,3,0
153.32,35.56,3,0
153.44,35.56,3,0
153.56,35.56,3,0
153.68,35.56,3,0
153.8,35.56,3,0
153.93,35.56,3,0
154.05,35.56,3,0
154.17,35.56,18,0
154.3,35.56,18,0
154.42,35.56,18,0
154.54,35.56,18,0
154.66,35.56,18,0
154.79,35.56,18,0
154.91,35.56,18,0
155.03,35.56,18,0
155.15,35.56,18,0
155.28,35.56,18,0
155.4,35.56,18,0
155.52,35.56,18,0
155.64,35.56,18,0
155.77,35.56,18,0
155.89,35.56,18,0
156.01,35.56,18,0
156.13,35.56,18,0
156.26,35.56,18,0
156.38,35.56,18,0
156.5,35.56,18,0
156.62,35.56,18,0
156.75,35.56,18,0
156.87,35.56,18,0
156.99,35.56,18,0
157.11,35.56,18,0
157.24,35.56,18,0
157.36,35.56,18,0
157.48,35.56,18,0
157.6,35.56,18,0
157.73,35.56,18,0
157.85,35.56,18,0
157.97,35.56,18,0
158.1,35.56,18,0
158.22,35.56,18,0
158.34,35.56,18,0
158.46,35.56,18,0
158.58,35.56,18,0
158.71,35.56,18,0
158.83,35.56,18,0
158.95,35.56,18,0
159.08,35.56,18,0
159.2,35.56,18,0
159.32,35.56,18,0
159.44,35.56,18,0
159.57,35.56,18,0
159.69,35.56,18,0
159.81,35.56,18,0
159.93,35.56,18,0
160.05,35.56,18,0
160.18,35.56,18,0
160.3,35.56,18,0
160.42,35.56,18,0
160.55,35.56,18,0
160.67,35.56,18,0
160.79,35.56,18,0
160.91,35.56,18,0
161.04,35.56,18,0
161.16,35.56,18,0
161.28,35.56,18,0
161.4,35.56,18,0
161.53,35.56,18,0
161.65,35.56,18,0
161.77,35.56,18,0
161.89,35.56,18,0
162.02,35.56,18,0
162.14,35.56,18,0
162.26,35.56,18,0
162.38,35.56,18,0
162.51,35.56,18,0
162.63,35.56,18,0
162.75,35.56,18,0
162.87,35.56,18,0
163.0,35.56,18,0
163.12,35.56,18,0
163.24,35.56,18,0
163.36,35.56,18,0
163.49,35.56,18,0
163.61,35.56,18,0
163.73,35.56,18,0
163.85,35.56,18,0
163.98,35.56,18,0
164.1,35.56,18,0
164.22,35.56,18,0
164.34,35.55,18,0
164.47,35.56,18,0
164.59,35.56,28,0
164.71,35.56,28,0
164.84,35.56,28,0
164.96,35.56,28,0
165.08,35.56,28,0
165.2,35.56,28,0
165.32,35.55,28,0
165.45,35.56,28,0
165.57,35.55,28,0
165.69,35.55,28,0
165.82,35.56,28,0
165.94,35.55,28,0
166.06,35.55,28,0
166.18,35.55,28,0
166.3,35.55,28,0
166.43,35.55,28,0
166.55,35.55,28,0
166.67,35.56,28,0
166.8,35.55,28,0
166.92,35.56,28,0
167.04,35.56,28,0
167.16,35.55,28,0
167.29,35.55,28,0
167.41,35.56,28,0
167.53,35.56,28,0
167.65,35.55,28,0
167.78,35.56,28,0
167.9,35.56,28,0
168.02,35.56,28,0
168.14,35.55,28,0
168.27,35.56,28,0
168.39,35.56,28,0
168.51,35.55,28,0
168.63,35.56,28,0
168.76,35.55,28,0
168.88,35.56,28,0
169.0,35.56,28,0
169.12,35.56,28,0
169.25,35.56,28,0
169.37,35.56,28,0
169.49,35.56,28,0
169.61,35.56,28,0
169.74,35.56,28,0
169.86,35.56,28,0
169.98,35.56,28,0
170.1,35.56,28,0
170.23,35.56,28,0
170.35,35.56,28,0
170.47,35.56,28,0
170.59,35.56,28,0
170.72,35.56,28,0
170.84,35.56,28,0
170.96,35.56,28,0
171.08,35.56,28,0
171.21,35.56,28,0
171.33,35.56,28,0
171.45,35.56,28,0
171.58,35.56,28,0
171.7,35.56,28,0
171.82,35.56,28,0
171.94,35.56,28,0
172.06,35.56,28,0
172.19,35.56,28,0
172.31,35.56,28,0
172.43,35.55,28,0
172.55,35.55,28,0
172.68,35.56,28,0
172.8,35.55,28,0
172.92,35.55,28,0
173.05,35.55,28,0
173.17,35.56,28,0
173.29,35.56,28,0
173.41,35.55,28,0
173.54,35.55,28,0
173.66,35.55,28,0
173.78,35.55,28,0
173.9,35.55,28,0
174.02,35.55,28,0
174.15,35.55,28,0
174.27,35.54,28,0
174.39,35.54,28,0
174.52,35.54,28,0
174.64,35.54,28,0
174.76,35.54,28,0
174.88,35.54,28,0
175.01,35.54,28,0
175.13,35.54,28,0
175.25,35.54,28,0
175.37,35.54,28,0
175.5,35.54,28,0
175.62,35.54,28,0
175.74,35.54,28,0
175.86,35.55,28,0
175.99,35.56,28,0
176.11,35.55,3,0
176.23,35.55,3,0
176.35,35.56,3,0
176.48,35.55,3,0
176.6,35.55,3,0
176.72,35.55,3,0
176.84,35.55,3,0
176.97,35.55,3,0
177.09,35.55,3,0
177.21,35.55,3,0
177.33,35.55,3,0
177.46,35.55,3,0
177.58,35.55,3,0
177.7,35.55,3,0
177.82,35.55,3,0
177.95,35.55,3,0
178.07,35.55,3,0
178.19,35.55,3,0
178.31,35.55,3,0
178.44,35.55,3,0
178.56,35.55,3,0
178.68,35.55,3,0
178.8,35.55,3,0
178.93,35.55,3,0
179.05,35.55,3,0
179.17,35.55,3,0
179.29,35.54,3,0
179.42,35.54,3,0
179.54,35.54,3,0
179.66,35.54,3,0
179.78,35.54,3,0
179.91,35.54,3,0
180.03,35.54,3,0
180.15,35.54,3,0
180.27,35.54,3,0
180.4,35.54,3,0
180.52,35.54,3,0
180.64,35.54,3,0
180.76,35.54,3,0
180.89,35.54,3,0
181.01,35.54,3,0
181.13,35.54,3,0
181.25,35.54,3,0
181.38,35.54,3,0
181.5,35.54,3,0
181.62,35.54,3,0
181.74,35.54,3,0
181.87,35.54,3,0
181.99,35.54,3,0
182.11,35.54,3,0
182.23,35.54,3,0
182.36,35.54,3,0
182.48,35.54,3,0
182.6,35.54,3,0
182.72,35.54,3,0
182.85,35.54,3,0
182.97,35.54,3,0
183.09,35.54,3,0
183.21,35.54,3,0
183.33,35.55,3,0
183.46,35.53,3,0
183.58,35.54,3,0
183.7,35.54,3,0
183.83,35.54,3,0
183.95,35.53,3,0
184.07,35.53,3,0
184.19,35.54,3,0
184.31,35.54,3,0
184.44,35.53,3,0
184.56,35.54,3,0
184.68,35.53,3,0
184.8,35.53,3,0
184.93,35.53,3,0
185.05,35.52,3,0
185.17,35.52,3,0
185.29,35.53,3,0
185.42,35.51,3,0
185.54,35.53,3,0
185.66,35.53,3,0
185.79,35.52,3,0
185.91,35.51,3,0
186.03,35.51,3,0
186.15,35.51,3,0
186.27,35.51,3,0
186.4,35.51,3,0
186.52,35.51,3,0
186.64,35.52,3,0
186.77,35.51,3,0
186.89,35.51,3,0
187.01,35.51,3,0
187.13,35.5,3,0
187.25,35.51,3,0
187.38,35.49,2,0
187.5,35.5,2,0
187.62,35.5,3,0
187.74,35.5,2,0
187.87,35.5,2,0
187.99,35.49,2,0
188.11,35.5,2,0
188.23,35.49,2,0
188.36,35.48,2,0
188.48,35.5,2,0
188.6,35.49,17,0
188.73,35.48,17,0
188.85,35.48,18,0
188.97,35.49,17,0
189.09,35.48,17,0
189.21,35.48,17,0
189.34,35.47,17,0
189.46,35.47,17,0
189.58,35.46,17,0
189.71,35.46,17,0
189.83,35.45,17,0
189.95,35.44,17,0
190.07,35.44,17,0
190.2,35.43,17,0
190.32,35.41,17,0
190.44,35.41,17,0
190.56,35.41,17,0
190.69,35.4,17,0
190.81,35.38,17,0
190.93,35.39,17,0
191.05,35.38,17,0
191.18,35.36,17,0
191.3,35.36,17,0
191.42,35.35,17,0
191.54,35.34,17,0
191.67,35.33,17,0
191.79,35.33,17,0
191.91,35.32,17,0
192.03,35.31,17,0
192.16,35.29,17,0
192.28,35.29,17,0
192.4,35.28,17,0
192.52,35.27,16,0
192.65,35.26,16,0
192.77,35.25,16,0
192.89,35.25,16,0
193.01,35.24,16,0
193.14,35.23,16,0
193.26,35.23,16,0
193.38,35.21,16,0
193.5,35.21,16,0
193.63,35.2,16,0
193.75,35.19,16,0
193.87,35.18,16,0
193.99,35.18,16,0
194.12,35.17,16,0
194.24,35.15,16,0
194.36,35.16,16,0
194.48,35.14,16,0
194.61,35.13,16,0
194.73,35.13,16,0
194.85,35.13,16,0
194.97,35.12,16,0
195.1,35.11,16,0
195.22,35.08,16,0
195.34,35.1,16,0
195.47,35.09,15,0
195.59,35.09,15,0
195.71,35.07,16,0
195.83,35.06,15,0
195.96,35.07,15,0
196.08,35.06,15,0
196.2,35.05,15,0
196.32,35.04,15,0
196.45,35.03,15,0
196.57,35.03,15,0
196.69,35.02,15,0
196.81,35.02,15,0
196.94,35.01,15,0
197.06,35.01,15,0
197.18,35.0,15,0
197.3,35.0,15,0
197.43,34.98,15,0
197.55,34.98,15,0
197.67,34.98,15,0
197.79,34.97,15,0
197.91,34.97,15,0
198.04,34.96,15,0
198.16,34.95,15,0
198.28,34.95,15,0
198.41,34.95,15,0
198.53,34.94,15,0
198.65,34.93,15,0
198.77,34.92,15,0
198.9,34.92,15,0
199.02,34.91,15,0
199.14,34.92,15,0
199.26,34.9,15,0
199.39,34.9,15,0
199.51,34.9,15,0
199.63,34.89,14,0
199.75,34.89,14,0
199.88,34.88,14,0
200.0,34.86,14,0
200.12,34.87,14,0
200.24,34.87,14,0
200.37,34.86,14,0
200.49,34.85,14,0
200.61,34.86,14,0
200.73,34.84,14,0
200.86,34.86,14,0
200.98,34.84,14,0
201.1,34.83,14,0
201.22,34.82,14,0
201.35,34.83,14,0
201.47,34.81,14,0
201.59,34.82,14,0
201.71,34.81,14,0
201.84,34.81,14,0
201.96,34.8,14,0
202.08,34.8,14,0
202.2,34.8,14,0
202.33,34.79,14,0
202.45,34.79,14,0
202.57,34.78,14,0
202.69,34.78,14,0
202.82,34.76,14,0
202.94,34.76,14,0
203.06,34.76,14,0
203.18,34.77,14,0
203.31,34.77,14,0
203.43,34.75,14,0
203.55,34.75,14,0
203.67,34.75,14,0
203.8,34.73,14,0
203.92,34.74,14,0
204.04,34.72,14,0
204.16,34.73,14,0
204.29,34.71,14,0
204.41,34.71,14,0
204.53,34.72,14,0
204.66,34.71,14,0
204.78,34.71,14,0
204.9,34.7,14,0
205.02,34.71,14,0
205.15,34.7,14,0
205.27,34.7,14,0
205.39,34.7,14,0
205.51,34.68,14,0
205.63,34.67,14,0
205.76,34.68,13,0
205.88,34.67,13,0
206.0,34.67,13,0
206.13,34.67,13,0
206.25,34.67,13,0
206.37,34.66,13,0
206.49,34.65,13,0
206.62,34.64,13,0
206.74,34.65,13,0
206.86,34.64,13,0
206.98,34.64,13,0
207.11,34.63,13,0
207.23,34.62,13,0
207.35,34.62,13,0
207.47,34.62,13,0
207.6,34.62,13,0
207.72,34.62,13,0
207.84,34.61,13,0
207.96,34.62,13,0
208.09,34.61,13,0
208.21,34.6,13,0
208.33,34.6,13,0
208.45,34.6,13,0
208.58,34.6,13,0
208.7,34.59,13,0
208.82,34.58,13,0
208.94,34.59,13,0
209.07,34.58,13,0
209.19,34.58,13,0
209.31,34.58,13,0
209.43,34.56,13,0
209.56,34.57,13,0
209.68,34.57,13,0
209.8,34.57,13,0
209.93,34.55,13,0
210.05,34.55,13,0
210.17,34.55,13,0
210.29,34.55,13,0
210.41,34.55,13,0
210.54,34.54,13,0
210.66,34.53,13,0
210.78,34.54,13,0
210.91,34.53,38,0
211.03,34.54,38,0
211.15,34.52,38,0
211.27,34.53,38,0
211.4,34.53,38,0
211.52,34.52,38,0
211.64,34.51,38,0
211.76,34.49,38,0
211.88,34.48,38,0
212.01,34.47,38,0
212.13,34.47,37,0
212.25,34.45,37,0
212.38,34.43,37,0
212.5,34.42,37,0
212.62,34.4,36,0
212.74,34.39,36,0
212.87,34.38,36,0
212.99,34.36,36,0
213.11,34.34,36,0
213.23,34.32,35,0
213.36,34.31,35,0
213.48,34.3,35,0
213.6,34.28,35,0
213.72,34.27,34,0
213.85,34.25,34,0
213.97,34.24,34,0
214.09,34.21,34,0
214.21,34.19,34,0
214.34,34.19,33,0
214.46,34.18,33,0
214.58,34.17,33,0
214.7,34.15,33,0
214.83,34.13,33,0
214.95,34.12,33,0
215.07,34.11,32,0
215.19,34.1,32,0
215.32,34.09,32,0
215.44,34.06,32,0
215.56,34.05,32,0
215.68,34.04,31,0
215.81,34.02,31,0
215.93,34.01,31,0
216.05,34.0,31,0
216.17,33.99,30,0
216.3,33.98,30,0
216.42,33.96,30,0
216.54,33.96,30,0
216.66,33.94,30,0
216.79,33.92,29,0
216.91,33.91,29,0
217.03,33.91,29,0
217.15,33.9,29,0
217.28,33.89,29,0
217.4,33.87,29,0
217.52,33.87,28,0
217.65,33.86,28,0
217.77,33.84,28,0
217.89,33.84,28,0
218.01,33.83,28,0
218.13,33.82,28,0
218.26,33.81,28,0
218.38,33.81,27,0
218.5,33.78,27,0
218.63,33.77,27,0
218.75,33.77,27,0
218.87,33.76,27,0
218.99,33.75,27,0
219.12,33.74,26,0
219.24,33.74,26,0
219.36,33.73,26,0
219.48,33.73,26,0
219.61,33.72,26,0
219.73,33.71,26,0
219.85,33.71,26,0
219.97,33.7,26,0
220.1,33.68,26,0
220.22,33.67,26,0
220.34,33.67,26,0
220.46,33.67,25,0
220.59,33.66,25,0
220.71,33.65,25,0
220.83,33.64,25,0
220.95,33.63,25,0
221.08,33.62,25,0
221.2,33.63,25,0
221.32,33.61,24,0
221.44,33.61,24,0
221.57,33.6,24,0
221.69,33.61,24,0
221.81,33.6,24,0
221.93,33.6,24,0
222.06,33.57,24,0
222.18,33.56,24,0
222.3,33.56,24,0
222.43,33.58,23,0
222.55,33.55,23,0
222.67,33.55,23,0
222.79,33.56,24,0
222.91,33.55,23,0
223.04,33.54,23,0
223.16,33.54,23,0
223.28,33.54,23,0
223.41,33.52,23,0
223.53,33.52,23,0
223.65,33.51,23,0
223.77,33.53,23,0
223.89,33.51,23,0
224.02,33.5,23,0
224.14,33.5,23,0
224.26,33.49,23,0
224.38,33.48,22,0
224.51,33.48,22,0
224.63,33.48,22,0
224.75,33.48,22,0
224.88,33.45,22,0
225.0,33.47,22,0
225.12,33.45,22,0
225.24,33.45,22,0
225.36,33.44,22,0
225.49,33.47,22,0
225.61,33.47,22,0
225.73,33.46,22,0
225.86,33.44,22,0
225.98,33.44,22,0
226.1,33.42,22,0
226.22,33.42,22,0
226.35,33.44,22,0
226.47,33.42,21,0
226.59,33.44,21,0
226.71,33.41,21,0
226.84,33.43,21,0
226.96,33.36,22,0
227.08,33.39,21,0
227.2,33.43,20,0
227.33,33.39,20,0
227.45,33.45,21,0
227.57,33.34,21,0
227.69,33.33,22,0
227.82,33.31,20,0
227.94,33.41,20,0
228.06,33.31,20,0
228.18,33.35,20,0
228.31,33.31,20,0
228.43,33.31,20,0
228.55,33.37,20,0
228.67,33.34,20,0
228.8,33.38,21,0
228.92,33.35,20,0
229.04,33.35,20,0
229.16,33.33,21,0
229.29,33.34,20,0
229.41,33.32,20,0
229.53,33.33,20,0
229.65,33.34,20,0
229.78,33.33,20,0
229.9,33.32,20,0
230.02,33.33,20,0
230.14,33.32,20,0
230.27,33.33,20,0
230.39,33.31,20,0
230.51,33.3,20,0
230.63,33.32,20,0
230.76,33.31,20,0
230.88,33.29,19,0
231.0,33.29,20,0
231.12,33.29,20,0
231.25,33.3,19,0
231.37,33.3,19,0
231.49,33.29,19,0
231.62,33.29,19,0
231.74,33.28,19,0
231.86,33.28,19,0
231.98,33.28,19,0
232.1,33.28,19,0
232.23,33.26,19,0
232.35,33.27,19,0
232.47,33.26,19,0
232.6,33.26,19,0
232.72,33.26,19,0
232.84,33.26,19,0
232.96,33.25,19,0
233.09,33.25,19,0
233.21,33.26,19,0
233.33,33.25,19,0
233.45,33.25,19,0
233.58,33.25,19,0
233.7,33.24,19,0
233.82,33.24,19,0
233.94,33.24,19,0
234.07,33.24,19,0
234.19,33.23,19,0
234.31,33.24,19,0
234.43,33.23,19,0
234.55,33.23,18,0
234.68,33.23,19,0
234.8,33.22,18,0
234.92,33.22,18,0
235.05,33.19,18,0
235.17,33.21,18,0
235.29,33.2,18,0
235.41,33.22,18,0
235.54,33.21,18,0
235.66,33.21,18,0
235.78,33.21,18,0
235.9,33.2,18,0
236.02,33.2,18,0
236.15,33.19,18,0
236.27,33.19,18,0
236.39,33.19,18,0
236.52,33.19,18,0
236.64,33.18,18,0
236.76,33.19,18,0
236.88,33.19,18,0
237.01,33.19,18,0
237.13,33.19,18,0
237.25,33.18,18,0
237.37,33.19,18,0
237.5,33.18,18,0
237.62,33.17,18,0
237.74,33.17,18,0
237.86,33.17,18,0
237.99,33.17,18,0
238.11,33.17,18,0
238.23,33.16,18,0
238.35,33.16,18,0
238.48,33.16,17,0
238.6,33.16,17,0
238.72,33.15,17,0
238.84,33.15,17,0
238.97,33.15,17,0
239.09,33.15,17,0
239.21,33.15,17,0
239.33,33.15,17,0
239.46,33.14,17,0
239.58,33.13,17,0
239.7,33.15,17,0
239.82,33.14,17,0
239.95,33.12,17,0
240.07,33.14,17,0
240.19,33.13,17,0
240.32,33.14,17,0
240.44,33.13,17,0
240.56,33.13,17,0
240.68,33.13,17,0
240.8,33.12,17,0
240.93,33.12,17,0
241.05,33.12,17,0
241.17,33.12,17,0
241.3,33.12,17,0
241.42,33.12,17,0
241.54,33.11,17,0
241.66,33.13,17,0
241.79,33.11,17,0
241.91,33.11,17,0
242.03,33.1,17,0
242.15,33.11,17,0
242.28,33.11,17,0
242.4,33.11,17,0
242.52,33.1,17,0
242.64,33.1,17,0
242.77,33.09,17,0
242.89,33.09,17,0
243.01,33.1,17,0
243.13,33.09,16,0
243.26,33.11,16,0
243.38,33.1,16,0
243.5,33.09,16,0
243.62,33.09,17,0
243.75,33.09,17,0
243.87,33.09,16,0
243.99,33.09,16,0
244.11,33.09,16,0
244.24,33.08,16,0
244.36,33.09,16,0
244.48,33.07,16,0
244.6,33.07,16,0
244.73,33.08,16,0
244.85,33.06,16,0
244.97,33.07,16,0
245.09,33.07,16,0
245.22,33.07,16,0
245.34,33.07,16,0
245.46,33.05,16,0
245.58,33.07,16,0
245.71,33.06,16,0
245.83,33.06,16,0
245.95,33.07,16,0
246.07,33.06,16,0
246.2,33.06,16,0
246.32,33.06,16,0
246.44,33.05,16,0
246.56,33.06,16,0
246.69,33.05,16,0
246.81,33.05,16,0
246.93,33.05,16,0
247.05,33.06,16,0
247.18,33.05,16,0
247.3,33.05,16,0
247.42,33.05,16,0
247.54,33.04,16,0
247.67,33.04,16,0
247.79,33.04,16,0
247.91,33.03,16,0
248.04,33.03,16,0
248.16,33.03,16,0
248.28,33.04,15,0
248.4,33.04,15,0
248.52,33.03,15,0
248.65,33.03,16,0
248.77,33.03,15,0
248.89,33.03,15,0
249.02,33.02,15,0
249.14,33.03,15,0
249.26,33.02,15,0
249.38,33.02,15,0
249.51,33.01,15,0
249.63,33.02,15,0
249.75,33.02,15,0
249.87,33.02,15,0
250.0,33.01,15,0
250.12,33.02,15,0
250.24,33.02,15,0
250.36,33.02,15,0
250.49,33.01,15,0
250.61,33.02,15,0
250.73,33.01,15,0
250.85,33.01,15,0
250.98,33.01,15,0
251.1,33.01,15,0
251.22,33.01,15,0
251.34,33.01,15,0
251.47,33.01,15,0
251.59,33.01,15,0
251.71,33.01,15,0
251.83,33.0,15,0
251.96,33.01,15,0
252.08,33.0,15,0
252.2,33.0,15,0
252.32,33.0,15,0
252.45,33.0,15,0
252.57,33.0,15,0
252.69,33.0,15,0
252.81,33.0,15,0
252.94,33.0,15,0
253.06,33.0,15,0
253.18,33.0,15,0
253.3,32.99,15,0
253.43,32.99,15,0
253.55,32.99,15,0
253.67,32.99,15,0
253.79,32.99,15,0
253.92,32.99,15,0
254.04,32.99,15,0
254.16,32.99,15,0
254.28,32.99,15,0
254.41,32.99,15,0
254.53,32.98,15,0
254.65,32.98,15,0
254.77,32.98,15,0
254.9,32.99,15,0
255.02,32.98,15,0
255.14,32.98,15,0
255.26,32.98,15,0
255.39,32.98,15,0
255.51,32.98,15,0
255.63,32.97,15,0
255.76,32.98,15,0
255.88,32.97,15,0
256.0,32.97,15,0
256.12,32.97,15,0
256.24,32.97,15,0
256.37,32.97,15,0
256.49,32.97,15,0
256.61,32.97,15,0
256.73,32.97,15,0
256.86,32.97,15,0
256.98,32.97,15,0
257.1,32.96,15,0
257.22,32.96,15,0
257.35,32.96,14,0
257.47,32.97,14,0
257.59,32.95,14,0
257.72,32.97,14,0
257.84,32.97,15,0
257.96,32.96,15,0
258.08,32.96,15,0
258.2,32.96,15,0
258.33,32.96,14,0
258.45,32.95,14,0
258.57,32.95,14,0
258.7,32.96,14,0
258.82,32.95,14,0
258.94,32.96,14,0
259.06,32.96,14,0
259.19,32.95,14,0
259.31,32.95,96,0
259.43,32.96,96,0
259.55,32.95,95,0
259.68,32.95,95,0
259.8,32.94,96,0
259.92,32.93,95,0
260.04,32.91,94,0
260.17,32.91,93,0
260.29,32.87,93,0
260.41,32.84,91,0
260.53,32.81,91,0
260.66,32.78,84,0
260.78,32.74,84,0
260.9,32.71,81,0
261.02,32.67,78,0
261.15,32.62,71,0
261.27,32.6,71,0
261.39,32.56,67,0
261.51,32.52,62,0
261.64,32.48,56,0
261.76,32.45,52,0
261.88,32.42,52,0
262.0,32.37,48,0
262.13,32.36,45,0
262.25,32.31,37,0
262.37,32.28,37,0
262.49,32.25,36,0
262.62,32.23,31,0
262.74,32.2,25,0
262.86,32.19,23,0
262.98,32.16,23,0
263.11,32.14,20,0
263.23,32.13,19,0
263.35,32.12,14,0
263.48,32.11,14,0
263.6,32.1,13,0
263.72,32.08,12,0
263.84,32.08,10,0
263.96,32.07,10,0
264.09,32.06,8,0
264.21,32.07,8,0
264.33,32.05,6,0
264.45,32.06,7,0
264.58,32.05,7,0
264.7,32.07,5,0
264.82,32.06,6,0
264.95,32.07,7,0
265.07,32.08,7,0
265.19,32.08,6,0
265.31,32.09,7,0
265.44,32.09,8,0
265.56,32.11,9,0
265.68,32.1,9,0
265.8,32.11,9,0
265.92,32.11,11,0
266.05,32.13,11,0
266.17,32.14,11,0
266.29,32.15,11,0
266.42,32.15,13,0
266.54,32.16,15,0
266.66,32.16,15,0
266.78,32.17,15,0
266.91,32.18,16,0
267.03,32.21,17,0
267.15,32.19,18,0
267.27,32.2,18,0
267.39,32.21,21,0
267.52,32.2,19,0
267.64,32.22,21,0
267.76,32.22,21,0
267.89,32.23,20,0
268.01,32.23,22,0
268.13,32.24,23,0
268.25,32.24,23,0
268.38,32.24,23,0
268.5,32.24,24,0
268.62,32.25,24,0
268.74,32.25,24,0
268.86,32.25,24,0
268.99,32.23,25,0
269.11,32.24,25,0
269.23,32.24,23,0
269.36,32.24,24,0
269.48,32.25,24,0
269.6,32.26,24,0
269.72,32.24,25,0
269.85,32.24,26,0
269.97,32.24,26,0
270.09,32.23,24,0
270.21,32.23,24,0
270.34,32.24,23,0
270.46,32.22,23,0
270.58,32.23,23,0
270.7,32.23,24,0
270.83,32.23,23,0
270.95,32.22,23,0
271.07,32.22,23,0
271.19,32.21,23,0
271.32,32.21,22,0
271.44,32.2,21,0
271.56,32.2,21,0
271.68,32.2,21,0
271.81,32.2,20,0
271.93,32.2,20,0
272.05,32.2,20,0
272.17,32.2,20,0
272.3,32.2,20,0
272.42,32.19,20,0
272.54,32.19,20,0
272.66,32.19,20,0
272.79,32.18,19,0
272.91,32.19,19,0
273.03,32.19,18,0
273.15,32.16,18,0
273.28,32.17,19,0
273.4,32.18,19,0
273.52,32.17,17,0
273.64,32.18,18,0
273.77,32.19,18,0
273.89,32.16,17,0
274.01,32.18,18,0
274.14,32.19,16,0
274.26,32.18,16,0
274.38,32.19,18,0
274.5,32.18,19,0
274.63,32.17,19,0
274.75,32.18,18,0
274.87,32.18,18,0
274.99,32.18,17,0
275.11,32.18,18,0
275.24,32.18,18,0
275.36,32.17,18,0
275.48,32.19,18,0
275.61,32.18,18,0
275.73,32.19,19,0
275.85,32.19,19,0
275.97,32.19,18,0
276.09,32.18,19,0
276.22,32.19,19,0
276.34,32.18,18,0
276.46,32.19,18,0
276.58,32.2,19,0
276.71,32.19,18,0
276.83,32.19,20,0
276.95,32.19,20,0
277.08,32.19,19,0
277.2,32.19,19,0
277.32,32.18,19,0
277.44,32.2,19,0
277.57,32.19,19,0
277.69,32.19,18,0
277.81,32.18,19,0
277.93,32.19,19,0
278.05,32.19,19,0
278.18,32.19,18,0
278.3,32.19,19,0
278.42,32.18,19,0
278.55,32.19,19,0
278.67,32.19,19,0
278.79,32.17,18,0
278.91,32.19,19,0
279.04,32.17,17,0
279.16,32.18,17,0
279.28,32.19,1,0
279.4,32.18,1,0
279.53,32.17,1,0
279.65,32.18,1,0
279.77,32.19,1,0
279.89,32.18,1,0
280.02,32.19,1,0
280.14,32.19,1,0
280.26,32.2,1,0
280.38,32.2,1,0
280.51,32.2,1,0
280.63,32.21,1,0
280.75,32.22,1,0
280.87,32.23,1,0
281.0,32.23,1,0
281.12,32.25,1,0
281.24,32.26,1,0
281.36,32.26,1,0
281.49,32.27,1,0
281.61,32.27,1,0
281.73,32.29,1,0
281.85,32.29,1,0
281.98,32.3,1,0
282.1,32.3,1,0
282.22,32.32,1,0
282.34,32.33,1,0
282.47,32.34,1,0
282.59,32.34,2,0
282.71,32.35,2,0
282.83,32.37,2,0
282.95,32.37,2,0
283.08,32.38,2,0
283.2,32.38,2,0
283.32,32.39,2,0
283.45,32.4,2,0
283.57,32.41,2,0
283.69,32.42,2,0
283.81,32.43,2,0
283.94,32.44,2,0
284.06,32.44,2,0
284.18,32.46,2,0
284.3,32.46,2,0
284.43,32.47,2,0
284.55,32.48,2,0
284.67,32.49,2,0
284.79,32.49,2,0
284.92,32.48,2,0
285.04,32.51,2,0
285.16,32.51,2,0
285.28,32.51,2,0
285.41,32.52,3,0
285.53,32.52,3,0
285.65,32.53,3,0
285.77,32.54,3,0
285.89,32.55,3,0
286.02,32.56,3,0
286.14,32.56,3,0
286.26,32.57,3,0
286.39,32.58,3,0
286.51,32.59,3,0
286.63,32.59,3,0
286.75,32.59,3,0
286.88,32.6,3,0
287.0,32.61,3,0
287.12,32.61,3,0
287.24,32.61,3,0
287.36,32.62,3,0
287.49,32.63,3,0
287.61,32.63,3,0
287.73,32.63,3,0
287.86,32.65,3,0
287.98,32.65,3,0
288.1,32.65,3,0
288.22,32.65,65,0
288.35,32.67,65,0
288.47,32.66,65,0
288.59,32.67,65,0
288.71,32.67,66,0
288.83,32.67,66,0
288.96,32.66,67,0
289.08,32.64,67,0
289.2,32.63,66,0
289.33,32.62,66,0
289.45,32.61,64,0
289.57,32.58,63,0
289.69,32.56,61,0
289.82,32.54,58,0
289.94,32.52,58,0
290.06,32.49,56,0
290.18,32.46,54,0
290.31,32.44,49,0
290.43,32.42,49,0
290.55,32.4,46,0
290.67,32.37,44,0
290.8,32.35,40,0
290.92,32.31,37,0
291.04,32.29,37,0
291.16,32.27,35,0
291.29,32.26,31,0
291.41,32.23,27,0
291.53,32.21,27,0
291.65,32.19,26,0
291.78,32.18,23,0
291.9,32.16,19,0
292.02,32.14,19,0
292.14,32.13,18,0
292.27,32.12,16,0
292.39,32.11,13,0
292.51,32.09,12,0
292.63,32.09,12,0
292.76,32.09,11,0
292.88,32.06,9,0
293.0,32.07,9,0
293.12,32.07,9,0
293.25,32.07,6,0
293.37,32.07,7,0
293.49,32.06,7,0
293.61,32.06,7,0
293.74,32.06,7,0
293.86,32.07,6,0
293.98,32.06,6,0
294.1,32.08,7,0
294.23,32.08,7,0
294.35,32.08,6,0
294.47,32.1,8,0
294.59,32.1,8,0
294.72,32.1,8,0
294.84,32.1,10,0
294.96,32.11,10,0
295.08,32.11,10,0
295.21,32.11,11,0
295.33,32.13,11,0
295.45,32.14,11,0
295.57,32.14,11,0
295.7,32.14,14,0
295.82,32.15,14,0
295.94,32.16,14,0
296.06,32.17,14,0
296.19,32.16,16,0
296.31,32.17,17,0
296.43,32.17,17,0
296.55,32.19,16,0
296.68,32.19,17,0
296.8,32.19,19,0
296.92,32.19,19,0
297.04,32.19,19,0
297.17,32.19,19,0
297.29,32.19,19,0
297.41,32.2,19,0
297.53,32.2,19,0
297.66,32.2,19,0
297.78,32.2,20,0
297.9,32.2,20,0
298.02,32.21,20,0
298.15,32.2,20,0
298.27,32.2,20,0
298.39,32.2,20,0
298.51,32.2,20,0
298.64,32.2,20,0
298.76,32.2,20,0
298.88,32.2,20,0
299.0,32.2,20,0
299.13,32.19,20,0
299.25,32.2,20,0
299.37,32.2,20,0
299.5,32.19,20,0
299.62,32.19,20,0
299.74,32.19,20,0
299.86,32.19,19,0
299.98,32.19,19,0
300.11,32.18,19,0
300.23,32.19,19,0
300.35,32.18,19,0
300.48,32.18,19,0
300.6,32.18,18,0
300.72,32.18,18,0
300.84,32.18,18,0
300.97,32.18,18,0
301.09,32.17,18,0
301.21,32.18,18,0
301.33,32.18,18,0
301.45,32.17,17,0
301.58,32.17,18,0
301.7,32.17,17,0
301.82,32.16,17,0
301.95,32.17,17,0
302.07,32.18,17,0
302.19,32.17,17,0
302.31,32.16,17,0
302.44,32.17,18,0
302.56,32.2,17,0
302.68,32.16,17,0
302.8,32.17,17,0
302.92,32.17,20,0
303.05,32.16,16,0
303.17,32.16,17,0
303.29,32.16,16,0
303.42,32.16,16,0
303.54,32.17,160,0
303.66,32.16,160,0
303.78,32.17,170,0
303.91,32.17,170,0
304.03,32.14,160,0
304.15,32.13,170,0
304.27,32.1,140,0
304.4,32.05,130,0
304.52,32.02,130,0
304.64,31.97,100,0
304.76,31.92,20,0
304.89,31.86,30,1
305.01,31.8,30,1
305.13,31.74,80,1
305.26,31.7,140,1
305.38,31.66,255,1
305.5,31.64,255,1
305.62,31.63,255,1
305.75,31.64,255,1
305.87,31.69,255,1
305.99,31.76,255,1
306.11,31.87,255,1
306.24,32.02,255,1
306.36,32.18,240,1
306.48,32.37,20,0
306.6,32.58,20,0
306.73,32.8,180,0
306.85,33.04,255,0
306.97,33.27,255,0
307.09,33.48,255,0
307.22,33.67,255,0
307.34,33.83,255,0
307.46,33.95,255,0
307.58,34.04,255,0
307.71,34.12,255,0
307.83,34.15,255,0
307.95,34.17,255,0
308.08,34.17,255,0
308.2,34.16,255,0
308.32,34.12,255,0
308.44,34.07,255,0
308.57,34.02,255,0
308.69,33.94,255,0
308.81,33.86,255,0
308.93,33.77,255,0
309.05,33.67,255,0
309.18,33.57,255,0
309.3,33.46,255,0
309.42,33.35,255,0
309.55,33.22,255,0
309.67,33.09,255,0
309.79,32.97,255,0
309.91,32.84,255,0
310.04,32.7,255,0
310.16,32.56,255,0
310.28,32.43,255,0
310.4,32.29,255,0
310.53,32.14,255,0
310.65,31.99,255,0
310.77,31.85,140,0
310.89,31.7,140,0
311.02,31.55,10,1
311.14,31.41,15,1
311.26,31.27,45,1
311.39,31.15,59,1
311.51,31.04,59,1
311.63,30.95,73,1
311.75,30.87,85,1
311.88,30.82,105,1
312.0,30.78,105,1
312.12,30.76,113,1
312.24,30.75,118,1
312.37,30.76,124,1
312.49,30.81,124,1
312.61,30.85,125,1
312.73,30.94,124,1
312.86,31.01,115,1
312.98,31.11,106,1
313.1,31.22,106,1
313.22,31.34,99,1
313.35,31.47,89,1
313.47,31.6,66,1
313.59,31.76,66,1
313.71,31.91,53,1
313.84,32.05,40,1
313.96,32.19,9,1
314.08,32.33,5,0
314.2,32.48,5,0
314.33,32.61,19,0
314.45,32.74,33,0
314.57,32.86,61,0
314.69,32.96,61,0
314.82,33.06,74,0
314.94,33.16,86,0
315.06,33.22,106,0
315.18,33.29,106,0
315.31,33.35,116,0
315.43,33.36,122,0
315.55,33.39,135,0
315.67,33.41,136,0
315.8,33.44,136,0
315.92,33.42,139,0
316.04,33.41,141,0
316.17,33.4,142,0
316.29,33.37,142,0
316.41,33.34,141,0
316.53,33.3,140,0
316.66,33.26,134,0
316.78,33.22,134,0
316.9,33.18,130,0
317.02,33.11,126,0
317.15,33.05,122,0
317.27,32.99,111,0
317.39,32.92,111,0
317.51,32.87,105,0
317.64,32.81,99,0
317.76,32.74,87,0
317.88,32.68,87,0
318.0,32.62,81,0
318.13,32.56,74,0
318.25,32.5,62,0
318.37,32.45,56,0
318.49,32.38,56,0
318.62,32.33,50,0
318.74,32.27,45,0
318.86,32.24,33,0
318.98,32.19,33,0
319.11,32.16,27,0
319.23,32.12,24,0
319.35,32.07,16,0
319.47,32.05,16,0
319.6,32.02,12,0
319.72,31.99,7,0
319.84,31.97,2,0
319.96,31.96,1,1
320.09,31.93,1,1
320.21,31.92,3,1
320.33,31.91,4,1
320.45,31.9,8,1
320.58,31.9,8,1
320.7,31.89,9,1
320.82,31.89,10,1
320.94,31.9,11,1
321.07,31.91,11,1
321.19,31.92,11,1
321.31,31.93,10,1
321.43,31.93,9,1
321.56,31.95,7,1
321.68,31.96,7,1
321.8,31.98,7,1
321.92,32.01,5,1
322.05,32.02,2,1
322.17,32.03,1,0
322.29,32.06,1,0
322.41,32.08,2,0
322.54,32.11,6,0
322.66,32.13,8,0
322.78,32.15,8,0
322.9,32.16,11,0
323.02,32.18,13,0
323.15,32.19,16,0
323.27,32.21,16,0
323.39,32.22,18,0
323.52,32.25,19,0
323.64,32.25,22,0
323.76,32.26,25,0
323.88,32.26,25,0
324.01,32.27,25,0
324.13,32.29,26,0
324.25,32.29,27,0
324.37,32.29,27,0
324.5,32.3,29,0
324.62,32.3,29,0
324.74,32.3,30,0
324.86,32.3,30,0
324.99,32.31,30,0
325.11,32.3,30,0
325.23,32.3,30,0
325.35,32.3,30,0
325.48,32.29,30,0
325.6,32.29,30,0
325.72,32.29,30,0
325.84,32.28,29,0
325.97,32.28,29,0
326.09,32.27,29,0
326.21,32.26,28,0
326.33,32.26,27,0
326.46,32.26,26,0
326.58,32.25,26,0
326.7,32.23,26,0
326.82,32.24,26,0
326.95,32.23,23,0
327.07,32.23,23,0
327.19,32.22,24,0
327.32,32.22,23,0
327.44,32.21,22,0
327.56,32.2,22,0
327.68,32.2,22,0
327.8,32.2,21,0
327.93,32.19,20,0
328.05,32.19,20,0
328.17,32.19,20,0
328.3,32.18,19,0
328.42,32.18,19,0
328.54,32.18,18,0
328.66,32.17,18,0
328.79,32.16,18,0
328.91,32.18,18,0
329.03,32.18,16,0
329.15,32.17,18,0
329.28,32.16,18,0
329.4,32.16,18,0
329.52,32.17,17,0
329.64,32.17,16,0
329.77,32.16,16,0
329.89,32.17,17,0
330.01,32.16,17,0
330.13,32.15,17,0
330.26,32.17,16,0
330.38,32.16,16,0
330.5,32.17,15,0
330.62,32.15,16,0
330.75,32.16,17,0
330.87,32.16,17,0
330.99,32.17,15,0
331.11,32.16,16,0
331.24,32.16,17,0
331.36,32.17,17,0
331.48,32.17,16,0
331.6,32.17,16,0
331.73,32.17,17,0
331.85,32.16,17,0
331.97,32.18,17,0
332.09,32.16,17,0
332.22,32.17,16,0
332.34,32.17,16,0
332.46,32.17,16,0
332.58,32.15,17,0
332.71,32.17,17,0
332.83,32.17,15,0
332.95,32.18,17,0
333.07,32.19,17,0
333.2,32.16,17,0
333.32,32.19,19,0
333.44,32.18,16,0
333.56,32.2,16,0
333.69,32.19,19,0
333.81,32.18,18,0
333.93,32.21,19,0
334.05,32.18,19,0
334.18,32.18,18,0
334.3,32.18,21,0
334.42,32.17,18,0
334.55,32.19,18,0
334.67,32.18,18,0
334.79,32.18,17,0
334.91,32.2,19,0
335.04,32.17,18,0
335.16,32.18,18,0
335.28,32.19,20,0
335.4,32.2,17,0
335.52,32.19,19,0
335.65,32.19,20,0
335.77,32.19,20,0
335.89,32.19,19,0
336.02,32.17,19,0
336.14,32.18,19,0
336.26,32.18,19,0
336.38,32.18,17,0
336.51,32.18,18,0
336.63,32.18,18,0
336.75,32.18,18,0
336.87,32.2,18,0
337.0,32.18,18,0
337.12,32.17,20,0
337.24,32.17,18,0
337.36,32.18,18,0
337.48,32.18,17,0
337.61,32.17,17,0
337.73,32.18,18,0
337.85,32.17,18,0
337.98,32.17,17,0
338.1,32.17,18,0
338.22,32.17,17,0
338.34,32.17,17,0
338.47,32.17,17,0
338.59,32.17,17,0
338.71,32.17,17,0
338.83,32.17,17,0
338.96,32.17,17,0
339.08,32.17,17,0
339.2,32.18,17,0
339.32,32.17,17,0
339.45,32.17,17,0
339.57,32.17,18,0
339.69,32.17,17,0
339.81,32.17,17,0
339.94,32.16,17,0
340.06,32.17,17,0
340.18,32.17,17,0
340.3,32.17,16,0
340.43,32.17,17,0
340.55,32.17,17,0
340.67,32.17,17,0
340.79,32.16,17,0
340.92,32.17,17,0
341.04,32.16,17,0
341.16,32.17,16,0
341.28,32.17,17,0
341.41,32.16,17,0
341.53,32.17,17,0
341.65,32.17,17,0
341.77,32.17,16,0
341.9,32.18,17,0
342.02,32.17,17,0
342.14,32.17,17,0
342.26,32.18,18,0
342.39,32.17,17,0
342.51,32.17,18,0
342.63,32.17,17,0
342.76,32.16,17,0
342.88,32.16,17,0
343.0,32.16,17,0
343.12,32.17,16,0
343.25,32.18,16,0
343.37,32.17,16,0
343.49,32.17,17,0
343.61,32.17,17,0
343.73,32.17,17,0
343.86,32.15,17,0
343.98,32.17,17,0
344.1,32.17,15,0
344.23,32.17,17,0
344.35,32.17,17,0
344.47,32.18,17,0
344.59,32.16,17,0
344.72,32.17,18,0
344.84,32.18,18,0
344.96,32.17,16,0
345.08,32.17,17,0
345.21,32.17,17,0
345.33,32.18,17,0
345.45,32.18,17,0
345.57,32.17,17,0
345.7,32.18,18,0
345.82,32.17,17,0
345.94,32.17,17,0
346.06,32.18,18,0
346.19,32.18,17,0
346.31,32.16,18,0
346.43,32.18,18,0
346.55,32.18,18,0
346.68,32.19,16,0
346.8,32.17,18,0
346.92,32.18,19,0
347.04,32.17,19,0
347.17,32.17,17,0
347.29,32.17,18,0
347.41,32.17,17,0
347.53,32.17,17,0
347.66,32.17,17,0
347.78,32.17,17,0
347.9,32.17,17,0
348.02,32.18,17,0
348.15,32.17,17,0
348.27,32.16,17,0
348.39,32.17,18,0
348.52,32.17,16,0
348.64,32.17,16,0
348.76,32.19,17,0
348.88,32.17,17,0
349.0,32.18,19,0
349.13,32.17,17,0
349.25,32.16,17,0
349.37,32.17,18,0
349.5,32.17,16,0
349.62,32.17,17,0
349.74,32.17,17,0
349.86,32.17,17,0
349.98,32.17,17,0
350.11,32.16,17,0
350.23,32.17,17,0
350.35,32.17,17,0
350.48,32.17,16,0
350.6,32.17,17,0
350.72,32.17,17,0
350.84,32.16,17,0
350.97,32.17,17,0
351.09,32.16,17,0
351.21,32.17,17,0
351.33,32.16,17,0
351.45,32.16,16,0
351.58,32.16,17,0
351.7,32.16,16,0
351.82,32.16,16,0
351.95,32.17,16,0
352.07,32.17,16,0
352.19,32.16,17,0
352.31,32.16,17,0
352.44,32.17,17,0
352.56,32.17,16,0
352.68,32.18,16,0
352.8,32.18,17,0
352.92,32.17,17,0
353.05,32.18,18,0
353.17,32.18,18,0
353.29,32.17,18,0
353.42,32.16,18,0
353.54,32.17,18,0
353.66,32.18,17,0
353.78,32.16,16,0
353.91,32.18,18,0
354.03,32.17,18,0
354.15,32.17,16,0
354.27,32.17,18,0
354.4,32.17,17,0
354.52,32.16,17,0
354.64,32.17,17,0
354.76,32.16,17,0
354.89,32.17,17,0
355.01,32.15,16,0
355.13,32.16,16,0
355.25,32.16,17,0
355.38,32.16,15,0
355.5,32.17,16,0
355.62,32.17,16,0
355.74,32.17,16,0
355.87,32.17,17,0
355.99,32.16,17,0
356.11,32.16,17,0
356.23,32.16,17,0
356.36,32.17,16,0
356.48,32.16,16,0
356.6,32.17,17,0
356.72,32.17,17,0
356.85,32.16,16,0
356.97,32.18,17,0
357.09,32.16,16,0
357.21,32.17,16,0
357.34,32.16,18,0
357.46,32.17,16,0
357.58,32.17,16,0
357.7,32.17,17,0
357.83,32.16,17,0
357.95,32.17,17,0
358.07,32.16,17,0
358.2,32.17,17,0
358.32,32.17,17,0
358.44,32.18,16,0
358.56,32.17,17,0
358.69,32.16,18,0
358.81,32.16,17,0
358.93,32.16,17,0
359.05,32.17,16,0
359.17,32.17,16,0
359.3,32.18,17,0
359.42,32.18,17,0
359.54,32.16,17,0
359.67,32.17,18,0
359.79,32.15,16,0
359.91,32.18,16,0
360.03,32.15,17,0
360.16,32.15,15,0
360.28,32.17,15,0
360.4,32.17,15,0
360.52,32.16,15,0
360.64,32.17,17,0
360.77,32.17,17,0
360.89,32.17,17,0
361.01,32.17,17,0
361.14,32.18,17,0
361.26,32.17,17,0
361.38,32.17,18,0
361.5,32.16,17,0
361.63,32.17,17,0
361.75,32.17,17,0
361.87,32.17,16,0
361.99,32.16,17,0
362.12,32.18,17,0
362.24,32.17,17,0
362.36,32.17,16,0
362.48,32.17,17,0
362.61,32.18,17,0
362.73,32.17,17,0
362.85,32.18,17,0
362.97,32.18,17,0
363.1,32.17,18,0
363.22,32.17,18,0
363.34,32.18,18,0
363.46,32.17,17,0
363.59,32.17,18,0
363.71,32.17,18,0
363.83,32.16,17,0
363.95,32.17,17,0
364.08,32.17,16,0
364.2,32.19,17,0
364.32,32.17,17,0
364.44,32.17,17,0
364.57,32.17,19,0
364.69,32.16,17,0
364.81,32.17,17,0
364.93,32.16,17,0
365.06,32.17,16,0
365.18,32.16,16,0
365.3,32.17,16,0
365.42,32.15,17,0
365.55,32.16,16,0
365.67,32.17,15,0
365.79,32.16,16,0
365.92,32.16,16,0
366.04,32.16,17,0
366.16,32.17,16,0
366.28,32.16,16,0
366.4,32.16,16,0
366.53,32.17,17,0
366.65,32.16,16,0
366.77,32.17,17,0
366.89,32.16,17,0
367.02,32.17,17,0
367.14,32.17,17,0
367.26,32.15,16,0
367.39,32.16,17,0
367.51,32.16,17,0
367.63,32.16,15,0
367.75,32.16,16,0
367.88,32.16,16,0
368.0,32.17,16,0
368.12,32.17,16,0
368.24,32.16,16,0
368.36,32.17,17,0
368.49,32.16,16,0
368.61,32.17,16,0
368.73,32.17,17,0
368.86,32.16,16,0
368.98,32.16,17,0
369.1,32.16,17,0
369.22,32.17,16,0
369.35,32.16,16,0
369.47,32.17,17,0
369.59,32.16,16,0
369.71,32.16,16,0
369.84,32.16,17,0
369.96,32.16,16,0
370.08,32.17,16,0
370.2,32.16,16,0
370.33,32.17,16,0
370.45,32.17,17,0
370.57,32.16,17,0
370.69,32.16,17,0
370.82,32.15,17,0
370.94,32.16,16,0
371.06,32.16,15,0
371.18,32.17,16,0
371.31,32.15,16,0
371.43,32.16,16,0
371.55,32.16,17,0
371.67,32.17,16,0
371.8,32.15,16,0
371.92,32.16,16,0
372.04,32.18,17,0
372.16,32.16,16,0
372.29,32.17,18,0
372.41,32.16,18,0
372.53,32.16,16,0
372.65,32.15,17,0
372.78,32.17,16,0
372.9,32.16,16,0
373.02,32.16,15,0
373.14,32.15,17,0
373.27,32.16,16,0
373.39,32.16,16,0
373.51,32.17,15,0
373.64,32.16,16,0
373.76,32.17,17,0
373.88,32.16,16,0
374.0,32.16,16,0
374.12,32.16,17,0
374.25,32.16,16,0
374.37,32.15,16,0
374.49,32.16,16,0
374.61,32.17,16,0
374.74,32.16,15,0
374.86,32.15,17,0
374.98,32.16,16,0
375.11,32.16,16,0
375.23,32.16,15,0
375.35,32.15,16,0
375.47,32.16,16,0
375.6,32.16,16,0
375.72,32.17,15,0
375.84,32.16,16,0
375.96,32.15,17,0
376.08,32.15,17,0
376.21,32.14,16,0
376.33,32.17,15,0
376.45,32.16,14,0
376.58,32.16,17,0
376.7,32.16,17,0
376.82,32.16,16,0
376.94,32.16,16,0
377.07,32.16,16,0
377.19,32.16,16,0
377.31,32.16,16,0
377.43,32.16,16,0
377.55,32.16,16,0
377.68,32.15,16,0
377.8,32.16,16,0
377.92,32.16,16,0
378.05,32.16,16,0
378.17,32.17,16,0
378.29,32.16,16,0
378.41,32.16,16,0
378.54,32.16,17,0
378.66,32.17,16,0
378.78,32.16,16,0
378.9,32.16,16,0
379.03,32.17,17,0
379.15,32.17,16,0
379.27,32.16,17,0
379.39,32.16,17,0
379.52,32.16,17,0
379.64,32.16,16,0
379.76,32.16,16,0
379.88,32.16,16,0
380.01,32.16,16,0
380.13,32.17,16,0
380.25,32.16,16,0
380.38,32.16,16,0
380.5,32.16,17,0
380.62,32.15,16,0
380.74,32.15,16,0
380.86,32.16,15,0
380.99,32.16,15,0
381.11,32.16,15,0
381.23,32.16,16,0
381.36,32.15,16,0
381.48,32.16,16,0
381.6,32.18,16,0
381.72,32.17,15,0
381.85,32.16,18,0
381.97,32.16,17,0
382.09,32.16,17,0
382.21,32.16,16,0
382.33,32.18,16,0
382.46,32.16,16,0
382.58,32.16,16,0
382.7,32.17,18,0
382.83,32.16,16,0
382.95,32.15,17,0
383.07,32.16,17,0
383.19,32.15,16,0
383.32,32.16,15,0
383.44,32.17,15,0
383.56,32.15,16,0
383.68,32.17,16,0
383.8,32.17,17,0
383.93,32.15,15,0
384.05,32.16,17,0
384.17,32.16,17,0
384.3,32.15,15,0
384.42,32.16,16,0
384.54,32.17,15,0
384.66,32.17,16,0
384.79,32.15,16,0
384.91,32.16,17,0
385.03,32.15,17,0
385.15,32.15,16,0
385.27,32.16,16,0
385.4,32.17,15,0
385.52,32.17,15,0
385.64,32.16,17,0
385.77,32.16,17,0
385.89,32.16,17,0
386.01,32.16,16,0
386.13,32.15,16,0
386.26,32.16,16,0
386.38,32.16,16,0
386.5,32.16,15,0
386.62,32.16,16,0
386.75,32.15,16,0
386.87,32.16,16,0
386.99,32.16,16,0
387.11,32.16,15,0
387.24,32.16,16,0
387.36,32.16,16,0
387.48,32.17,16,0
387.6,32.16,16,0
387.73,32.16,16,0
387.85,32.16,16,0
387.97,32.16,16,0
388.09,32.16,16,0
388.22,32.16,16,0
388.34,32.16,16,0
388.46,32.16,16,0
388.58,32.17,16,0
388.71,32.17,16,0
388.83,32.16,17,0
388.95,32.17,17,0
389.07,32.16,17,0
389.2,32.16,16,0
389.32,32.16,17,0
389.44,32.16,16,0
389.57,32.17,16,0
389.69,32.15,16,0
389.81,32.17,16,0
389.93,32.16,15,0
390.05,32.16,17,0
390.18,32.16,17,0
390.3,32.16,16,0
390.42,32.17,16,0
390.55,32.16,16,0
390.67,32.16,16,0
390.79,32.15,17,0
390.91,32.16,16,0
391.04,32.15,15,0
391.16,32.17,16,0
391.28,32.16,16,0
391.4,32.16,15,0
391.53,32.16,16,0
391.65,32.15,16,0
391.77,32.16,16,0
391.89,32.15,16,0
392.02,32.16,15,0
392.14,32.16,15,0
392.26,32.16,15,0
392.38,32.16,16,0
392.51,32.16,16,0
392.63,32.16,16,0
392.75,32.16,16,0
392.87,32.17,16,0
393.0,32.18,16,0
393.12,32.16,16,0
393.24,32.16,18,0
393.36,32.16,18,0
393.49,32.16,16,0
393.61,32.15,16,0
393.73,32.17,16,0
393.85,32.16,16,0
393.98,32.16,15,0
394.1,32.15,17,0
394.22,32.15,16,0
394.34,32.16,15,0
394.47,32.16,15,0
394.59,32.16,15,0
394.71,32.16,16,0
394.83,32.16,16,0
394.96,32.15,16,0
395.08,32.16,16,0
395.2,32.16,16,0
395.32,32.15,16,0
395.45,32.16,16,0
395.57,32.16,16,0
395.69,32.16,15,0
395.81,32.16,16,0
395.94,32.16,16,0
396.06,32.16,16,0
396.18,32.16,16,0
396.3,32.15,16,0
396.43,32.16,16,0
396.55,32.17,16,0
396.67,32.16,15,0
396.79,32.16,16,0
396.92,32.15,16,0
397.04,32.16,16,0
397.16,32.15,16,0
397.29,32.15,15,0
397.41,32.16,16,0
397.53,32.16,15,0
397.65,32.15,15,0
397.77,32.16,16,0
397.9,32.15,16,0
398.02,32.15,16,0
398.14,32.16,15,0
398.27,32.16,15,0
398.39,32.15,15,0
398.51,32.16,16,0
398.63,32.17,15,0
398.76,32.15,15,0
398.88,32.16,16,0
399.0,32.15,17,0
399.12,32.16,16,0
399.25,32.15,16,0
399.37,32.15,15,0
399.49,32.15,16,0
399.61,32.17,15,0
399.73,32.15,15,0
399.86,32.14,15,0
399.98,32.15,17,0
400.1,32.15,15,0
400.23,32.16,15,0
400.35,32.15,15,0
400.47,32.15,15,0
400.59,32.15,16,0
400.72,32.16,15,0
400.84,32.16,15,0
400.96,32.14,15,0
401.08,32.16,16,0
401.21,32.16,16,0
401.33,32.15,16,0
401.45,32.16,16,0
401.57,32.16,16,0
401.7,32.15,15,0
401.82,32.16,16,0
401.94,32.15,16,0
402.06,32.16,15,0
402.19,32.15,16,0
402.31,32.16,16,0
402.43,32.16,15,0
402.55,32.15,15,0
402.68,32.16,16,0
402.8,32.16,16,0
402.92,32.15,16,0
403.04,32.16,16,0
403.17,32.17,16,0
403.29,32.16,15,0
403.41,32.16,17,0
403.53,32.16,16,0
403.66,32.17,16,0
403.78,32.16,16,0
403.9,32.16,16,0
404.02,32.16,16,0
404.15,32.16,16,0
404.27,32.15,16,0
404.39,32.16,16,0
404.51,32.16,15,0
404.64,32.16,15,0
404.76,32.16,16,0
404.88,32.15,16,0
405.01,32.16,16,0
405.13,32.16,15,0
405.25,32.16,15,0
405.37,32.16,16,0
405.49,32.16,16,0
405.62,32.17,16,0
405.74,32.16,16,0
405.86,32.16,16,0
405.98,32.16,17,0
406.11,32.15,16,0
406.23,32.15,16,0
406.35,32.16,16,0
406.48,32.16,15,0
406.6,32.16,15,0
406.72,32.15,16,0
406.84,32.16,16,0
406.97,32.16,16,0
407.09,32.15,15,0
407.21,32.15,16,0
407.33,32.16,15,0
407.45,32.15,15,0
407.58,32.16,15,0
407.7,32.15,15,0
407.82,32.16,16,0
407.95,32.16,16,0
408.07,32.16,15,0
408.19,32.15,16,0
408.31,32.15,16,0
408.44,32.15,16,0
408.56,32.16,15,0
408.68,32.15,15,0
408.8,32.15,16,0
408.93,32.16,15,0
409.05,32.15,15,0
409.17,32.16,15,0
409.29,32.15,16,0
409.42,32.16,16,0
409.54,32.16,16,0
409.66,32.14,15,0
409.78,32.15,16,0
409.91,32.15,14,0
410.03,32.16,14,0
410.15,32.16,15,0
410.27,32.16,15,0
410.4,32.15,16,0
410.52,32.15,16,0
410.64,32.16,16,0
410.76,32.15,15,0
410.89,32.15,15,0
411.01,32.16,15,0
411.13,32.15,15,0
411.25,32.15,15,0
411.38,32.16,16,0
411.5,32.15,15,0
411.62,32.16,16,0
411.74,32.15,16,0
411.87,32.16,15,0
411.99,32.15,16,0
412.11,32.17,16,0
412.23,32.15,16,0
412.36,32.15,15,0
412.48,32.16,17,0
412.6,32.16,15,0
412.73,32.16,15,0
412.85,32.16,16,0
412.97,32.16,16,0
413.09,32.15,16,0
413.22,32.16,16,0
413.34,32.16,16,0
413.46,32.16,15,0
413.58,32.15,16,0
413.7,32.16,16,0
413.83,32.16,16,0
413.95,32.16,15,0
414.07,32.15,16,0
414.2,32.15,16,0
414.32,32.16,15,0
414.44,32.15,15,0
414.56,32.16,15,0
414.69,32.15,16,0
414.81,32.16,16,0
414.93,32.16,16,0
415.05,32.16,15,0
415.17,32.15,16,0
415.3,32.16,16,0
415.42,32.15,16,0
415.54,32.15,15,0
415.67,32.15,16,0
415.79,32.15,15,0
415.91,32.15,15,0
416.03,32.15,15,0
416.16,32.15,15,0
416.28,32.16,15,0
416.4,32.15,15,0
416.52,32.16,15,0
416.65,32.16,16,0
416.77,32.16,15,0
416.89,32.15,16,0
417.01,32.15,16,0
417.14,32.16,16,0
417.26,32.16,15,0
417.38,32.16,15,0
417.5,32.16,16,0
417.63,32.15,16,0
417.75,32.16,16,0
417.87,32.16,16,0
417.99,32.15,16,0
418.12,32.15,16,0
418.24,32.16,16,0
418.36,32.16,15,0
418.48,32.15,16,0
418.61,32.15,16,0
418.73,32.16,16,0
418.85,32.16,15,0
418.97,32.15,15,0
419.1,32.15,16,0
419.22,32.15,16,0
419.34,32.16,15,0
419.46,32.15,15,0
419.59,32.15,16,0
419.71,32.16,15,0
419.83,32.15,15,0
419.95,32.15,15,0
420.08,32.15,16,0
420.2,32.15,15,0
420.32,32.14,15,0
420.45,32.15,15,0
420.57,32.15,15,0
420.69,32.15,15,0
420.81,32.15,15,0
420.93,32.15,15,0
421.06,32.14,15,0
421.18,32.15,15,0
421.3,32.15,14,0
421.42,32.15,14,0
421.55,32.16,15,0
421.67,32.15,15,0
421.79,32.15,16,0
421.92,32.16,16,0
422.04,32.15,15,0
422.16,32.15,15,0
422.28,32.15,15,0
422.41,32.15,15,0
422.53,32.15,15,0
422.65,32.15,15,0
422.77,32.15,15,0
422.89,32.15,15,0
423.02,32.15,15,0
423.14,32.15,15,0
423.26,32.15,15,0
423.39,32.15,15,0
423.51,32.15,15,0
423.63,32.15,15,0
423.75,32.15,15,0
423.88,32.15,15,0
424.0,32.15,15,0
424.12,32.15,15,0
424.24,32.15,15,0
424.37,32.15,15,0
424.49,32.15,15,0
424.61,32.15,15,0
424.73,32.15,15,0
424.86,32.15,15,0
424.98,32.15,15,0
425.1,32.15,15,0
425.22,32.15,15,0
425.35,32.15,15,0
425.47,32.15,15,0
425.59,32.14,15,0
425.71,32.15,15,0
425.84,32.15,15,0
425.96,32.16,14,0
426.08,32.15,15,0
426.2,32.15,15,0
426.33,32.15,16,0
426.45,32.15,15,0
426.57,32.16,15,0
426.69,32.15,15,0
426.82,32.15,15,0
426.94,32.15,16,0
427.06,32.16,15,0
427.19,32.15,15,0
427.31,32.15,15,0
427.43,32.16,16,0
427.55,32.16,15,0
427.67,32.15,16,0
427.8,32.16,16,0
427.92,32.17,16,0
428.04,32.16,15,0
428.17,32.16,16,0
428.29,32.15,16,0
428.41,32.16,16,0
428.53,32.16,16,0
428.65,32.17,15,0
428.78,32.15,16,0
428.9,32.14,16,0
429.02,32.15,17,0
429.14,32.15,15,0
429.27,32.15,15,0
429.39,32.15,15,0
429.51,32.16,15,0
429.64,32.15,15,0
429.76,32.15,15,0
429.88,32.15,15,0
430.0,32.16,15,0
430.13,32.15,15,0
430.25,32.15,15,0
430.37,32.15,15,0
430.49,32.15,15,0
430.61,32.15,15,0
430.74,32.15,15,0
430.86,32.15,15,0
430.98,32.15,15,0
431.11,32.15,15,0
431.23,32.15,15,0
431.35,32.15,15,0
431.47,32.15,15,0
431.6,32.16,15,0
431.72,32.15,15,0
431.84,32.16,15,0
431.96,32.15,15,0
432.09,32.15,16,0
432.21,32.15,16,0
432.33,32.16,15,0
432.45,32.16,15,0
432.58,32.16,16,0
432.7,32.16,16,0
432.82,32.16,16,0
432.94,32.16,16,0
433.07,32.16,16,0
433.19,32.16,184,1
433.31,32.15,184,1
433.43,32.15,184,1
433.56,32.16,184,1
433.68,32.18,185,1
433.8,32.22,185,1
433.92,32.3,184,1
434.05,32.38,182,1
434.17,32.49,170,1
434.29,32.61,170,1
434.41,32.76,162,1
434.54,32.92,151,1
434.66,33.1,124,1
434.78,33.26,108,1
434.91,33.45,108,1
435.03,33.65,90,1
435.15,33.85,74,1
435.27,34.05,35,1
435.39,34.24,35,1
435.52,34.43,15,1
435.64,34.62,5,0
435.76,34.8,43,0
435.89,34.95,43,0
436.01,35.11,62,0
436.13,35.24,80,0
436.25,35.37,111,0
436.38,35.47,124,0
436.5,35.56,124,0
436.62,35.63,137,0
436.74,35.69,147,0
436.87,35.73,163,0
436.99,35.75,163,0
437.11,35.77,169,0
437.23,35.76,173,0
437.36,35.75,177,0
437.48,35.72,176,0
437.6,35.68,176,0
437.72,35.64,175,0
437.85,35.58,172,0
437.97,35.52,164,0
438.09,35.45,164,0
438.21,35.38,158,0
438.34,35.3,152,0
438.46,35.2,138,0
438.58,35.11,138,0
438.7,35.02,130,0
438.83,34.95,120,0
438.95,34.84,102,0
439.07,34.75,95,0
439.2,34.66,95,0
439.32,34.56,84,0
439.44,34.47,75,0
439.56,34.39,56,0
439.69,34.31,56,0
439.81,34.23,47,0
439.93,34.16,39,0
440.05,34.07,23,0
440.18,34.02,16,0
440.3,33.94,16,0
440.42,33.88,7,0
440.54,33.82,6,1
440.67,33.77,12,1
440.79,33.74,12,1
440.91,33.68,18,1
441.03,33.67,23,1
441.16,33.66,32,1
441.28,33.61,32,1
441.4,33.61,33,1
441.52,33.59,34,1
441.65,33.59,39,1
441.77,33.59,41,1
441.89,33.58,41,1
442.01,33.59,41,1
442.14,33.62,41,1
442.26,33.64,41,1
442.38,33.67,41,1
442.5,33.69,38,1
442.63,33.73,36,1
442.75,33.76,31,1
442.87,33.81,27,1
442.99,33.86,27,1
443.12,33.89,24,1
443.24,33.95,19,1
443.36,33.99,11,1
443.48,34.04,11,1
443.61,34.08,5,1
443.73,34.13,1,1
443.85,34.17,8,0
443.97,34.2,8,0
444.1,34.24,13,0
444.22,34.28,17,0
444.34,34.3,24,0
444.47,34.35,28,0
444.59,34.36,28,0
444.71,34.38,30,0
444.83,34.4,35,0
444.95,34.4,38,0
445.08,34.42,38,0
445.2,34.43,40,0
445.32,34.42,40,0
445.45,34.43,43,0
445.57,34.43,42,0
445.69,34.41,42,0
445.81,34.42,43,0
445.94,34.4,43,0
446.06,34.38,42,0
446.18,34.38,42,0
446.3,34.35,40,0
446.42,34.33,38,0
446.55,34.31,35,0
446.67,34.3,35,0
446.79,34.28,33,0
446.92,34.26,31,0
447.04,34.24,28,0
447.16,34.22,26,0
447.28,34.2,26,0
447.41,34.19,24,0
447.53,34.16,22,0
447.65,34.15,19,0
447.77,34.13,19,0
447.89,34.11,16,0
448.02,34.11,15,0
448.14,34.07,11,0
448.26,34.05,11,0
448.39,34.04,11,0
448.51,34.02,7,0
448.63,34.02,5,0
448.75,34.01,2,0
448.88,33.99,2,0
449.0,33.98,2,0
449.12,33.97,1,0
449.24,33.97,2,1
449.37,33.95,2,1
449.49,33.94,3,1
449.61,33.95,3,1
449.73,33.94,6,1
449.86,33.95,5,1
449.98,33.95,5,1
450.1,33.94,6,1
450.22,33.95,5,1
450.35,33.95,6,1
450.47,33.94,6,1
450.59,33.94,5,1
450.71,33.96,5,1
450.84,33.96,6,1
450.96,33.95,4,1
451.08,33.97,4,1
451.2,33.98,4,1
451.33,33.98,3,1
451.45,33.99,2,1
451.57,34.0,2,1
451.69,34.0,2,1
451.82,34.0,1,1
451.94,34.03,0,1
452.06,34.03,0,1
452.18,34.04,0,1
452.3,34.04,3,0
452.43,34.05,4,0
452.55,34.05,4,0
452.67,34.07,4,0
452.8,34.09,5,0
452.92,34.09,5,0
453.04,34.08,9,0
453.16,34.08,9,0
453.28,34.09,9,0
453.41,34.09,8,0
453.53,34.09,9,0
453.65,34.09,9,0
453.77,34.09,9,0
453.9,34.09,9,0
454.02,34.1,9,0
454.14,34.1,9,0
454.26,34.1,9,0
454.39,34.09,10,0
454.51,34.09,10,0
454.63,34.09,9,0
454.76,34.09,9,0
454.88,34.08,9,0
455.0,34.08,9,0
455.12,34.08,8,0
455.25,34.09,8,0
455.37,34.08,8,0
455.49,34.07,8,0
455.61,34.08,9,0
455.73,34.07,7,0
455.86,34.07,7,0
455.98,34.07,8,0
456.1,34.07,7,0
456.23,34.07,7,0
456.35,34.06,7,0
456.47,34.05,7,0
456.59,34.05,7,0
456.72,34.05,6,0
456.84,34.05,5,0
456.96,34.05,5,0
457.08,34.05,5,0
457.2,34.05,5,0
457.33,34.05,5,0
457.45,34.04,5,0
457.57,34.04,5,0
457.7,34.04,5,0
457.82,34.04,4,0
457.94,34.04,4,0
458.06,34.05,4,0
458.18,34.04,4,0
458.31,34.04,4,0
458.43,34.03,4,0
458.55,34.04,4,0
458.67,34.03,4,0
458.8,34.02,3,0
458.92,34.04,3,0
459.04,34.04,2,0
459.16,34.04,2,0
459.29,34.05,4,0
459.41,34.04,4,0
459.53,34.04,5,0
459.65,34.04,5,0
459.78,34.03,4,0
459.9,34.04,4,0
460.02,34.02,3,0
460.14,34.04,4,0
460.27,34.05,4,0
460.39,34.05,4,0
460.51,34.05,4,0
460.63,34.05,4,0
460.76,34.05,5,0
460.88,34.04,5,0
461.0,34.05,5,0
461.12,34.05,4,0
461.25,34.05,5,0
461.37,34.05,5,0
461.49,34.05,5,0
461.61,34.05,5,0
461.74,34.05,5,0
461.86,34.05,5,0
461.98,34.05,5,0
462.1,34.05,5,0
462.23,34.05,5,0
462.35,34.05,5,0
462.47,34.05,5,0
462.59,34.05,5,0
462.72,34.05,5,0
462.84,34.05,5,0
462.96,34.05,5,0
463.08,34.05,5,0
463.21,34.05,5,0
463.33,34.05,5,0
463.45,34.05,5,0
463.57,34.05,5,0
463.7,34.05,5,0
463.82,34.05,5,0
463.94,34.05,5,0
464.06,34.04,5,0
464.19,34.05,5,0
464.31,34.05,4,0
464.43,34.05,5,0
464.55,34.05,5,0
464.67,34.04,5,0
464.8,34.05,5,0
464.92,34.05,4,0
465.04,34.05,4,0
465.17,34.05,5,0
465.29,34.05,5,0
465.41,34.06,5,0
465.53,34.05,5,0
465.66,34.05,5,0
465.78,34.06,6,0
465.9,34.05,5,0
466.02,34.06,6,0
466.15,34.06,6,0
466.27,34.06,5,0
466.39,34.06,6,0
466.51,34.05,6,0
466.64,34.06,6,0
466.76,34.07,6,0
466.88,34.06,5,0
467.0,34.05,7,0
467.13,34.05,6,0
467.25,34.05,6,0
467.37,34.06,5,0
467.49,34.06,5,0
467.61,34.05,6,0
467.74,34.04,6,0
467.86,34.06,6,0
467.98,34.04,5,0
468.11,34.05,6,0
468.23,34.07,4,0
468.35,34.05,4,0
468.47,34.05,5,0
468.6,34.05,7,0
468.72,34.06,5,0
468.84,34.05,5,0
468.96,34.04,5,0
469.08,34.05,6,0
469.21,34.04,4,0
469.33,34.05,4,0
469.45,34.05,5,0
469.58,34.05,4,0
469.7,34.05,5,0
469.82,34.05,5,0
469.94,34.05,5,0
470.07,34.05,5,0
470.19,34.05,5,0
470.31,34.05,5,0
470.43,34.06,5,0
470.55,34.05,5,0
470.68,34.06,5,0
470.8,34.05,5,0
470.92,34.06,6,0
471.05,34.06,6,0
471.17,34.05,5,0
471.29,34.05,6,0
471.41,34.05,5,0
471.54,34.05,5,0
471.66,34.05,5,0
471.78,34.06,5,0
471.9,34.05,5,0
472.02,34.05,6,0
472.15,34.06,6,0
472.27,34.06,5,0
472.39,34.05,6,0
472.52,34.06,6,0
472.64,34.06,6,0
472.76,34.04,5,0
472.88,34.06,6,0
473.01,34.06,4,0
473.13,34.05,4,0
473.25,34.05,6,0
473.37,34.05,6,0
473.5,34.05,5,0
473.62,34.05,5,0
473.74,34.05,5,0
473.86,34.04,5,0
473.98,34.04,5,0
474.11,34.04,5,0
474.23,34.05,4,0
474.35,34.04,4,0
474.48,34.05,4,0
474.6,34.03,5,0
474.72,34.05,5,0
474.84,34.05,5,0
474.96,34.04,3,0
475.09,34.05,5,0
475.21,34.05,4,0
475.33,34.05,4,0
475.45,34.06,5,0
475.58,34.06,5,0
475.7,34.05,6,0
475.82,34.05,6,0
475.94,34.07,6,0
476.07,34.05,5,0
476.19,34.05,7,0
476.31,34.05,5,0
476.43,34.05,5,0
476.56,34.04,5,0
476.68,34.05,5,0
476.8,34.05,4,0
476.92,34.05,4,0
477.05,34.05,5,0
477.17,34.05,5,0
477.29,34.05,5,0
477.42,34.05,5,0
477.54,34.05,5,0
477.66,34.05,5,0
477.78,34.05,5,0
477.9,34.05,5,0
478.03,34.05,5,0
478.15,34.05,5,0
478.27,34.05,5,0
478.39,34.04,5,0
478.52,34.05,5,0
478.64,34.05,5,0
478.76,34.05,4,0
478.88,34.06,5,0
479.01,34.05,5,0
479.13,34.05,5,0
479.25,34.05,6,0
479.37,34.05,5,0
479.5,34.05,5,0
479.62,34.06,5,0
479.74,34.05,5,0
479.86,34.05,5,0
479.99,34.05,5,0
480.11,34.05,5,0
480.23,34.05,5,0
480.35,34.06,5,0
480.48,34.06,5,0
480.6,34.06,5,0
480.72,34.06,6,0
480.84,34.05,6,0
480.97,34.06,6,0
481.09,34.06,6,0
481.21,34.06,5,0
481.33,34.05,6,0
481.46,34.06,6,0
481.58,34.06,6,0
481.7,34.05,6,0
481.82,34.06,6,0
481.95,34.06,6,0
482.07,34.05,5,0
482.19,34.05,6,0
482.31,34.05,6,0
482.44,34.07,5,0
482.56,34.05,5,0
482.68,34.05,7,0
482.8,34.05,5,0
482.93,34.06,5,0
483.05,34.05,5,0
483.17,34.05,5,0
483.29,34.05,5,0
483.42,34.05,5,0
483.54,34.04,5,0
483.66,34.05,5,0
483.78,34.04,4,0
483.91,34.05,5,0
484.03,34.05,5,0
484.15,34.05,4,0
484.27,34.05,5,0
484.4,34.05,5,0
484.52,34.05,5,0
484.64,34.05,5,0
484.76,34.05,5,0
484.89,34.05,5,0
485.01,34.05,5,0
485.13,34.05,5,0
485.25,34.04,5,0
485.38,34.06,5,0
485.5,34.04,5,0
485.62,34.05,6,0
485.74,34.06,6,0
485.87,34.05,4,0
485.99,34.05,6,0
486.11,34.06,6,0
486.23,34.07,5,0
486.36,34.05,5,0
486.48,34.05,7,0
486.6,34.05,5,0
486.72,34.06,5,0
486.85,34.06,5,0
486.97,34.05,6,0
487.09,34.06,6,0
487.21,34.05,6,0
487.33,34.05,5,0
487.46,34.05,6,0
487.58,34.06,5,0
487.7,34.05,5,0
487.83,34.05,5,0
487.95,34.05,6,0
488.07,34.06,5,0
488.19,34.05,5,0
488.32,34.05,5,0
488.44,34.05,6,0
488.56,34.06,5,0
488.68,34.04,5,0
488.8,34.06,5,0
488.93,34.05,6,0
489.05,34.05,4,0
489.17,34.03,5,0
489.3,34.05,5,0
489.42,34.05,3,0
489.54,34.05,3,0
489.66,34.05,5,0
489.79,34.05,5,0
489.91,34.05,5,0
490.03,34.05,5,0
490.15,34.05,5,0
490.27,34.05,5,0
490.4,34.05,5,0
490.52,34.05,5,0
490.64,34.05,5,0
490.77,34.05,5,0
490.89,34.06,5,0
491.01,34.05,5,0
491.13,34.05,5,0
491.26,34.05,6,0
491.38,34.04,5,0
491.5,34.05,5,0
491.62,34.05,5,0
491.75,34.05,4,0
491.87,34.04,5,0
491.99,34.05,5,0
492.11,34.05,5,0
492.23,34.05,5,0
492.36,34.05,5,0
492.48,34.06,5,0
492.6,34.06,5,0
492.73,34.04,5,0
492.85,34.05,6,0
492.97,34.05,4,0
493.09,34.07,4,0
493.21,34.05,5,0
493.34,34.05,5,0
493.46,34.06,5,0
493.58,34.05,5,0
493.7,34.06,5,0
493.83,34.05,6,0
493.95,34.05,5,0
494.07,34.05,5,0
494.19,34.06,5,0
494.32,34.06,5,0
494.44,34.05,5,0
494.56,34.06,6,0
494.69,34.06,5,0
494.81,34.06,5,0
494.93,34.07,6,0
495.05,34.06,6,0
495.17,34.05,7,0
495.3,34.06,7,0
495.42,34.05,6,0
495.54,34.05,5,0
495.67,34.05,5,0
495.79,34.06,5,0
495.91,34.06,5,0
496.03,34.05,5,0
496.15,34.05,6,0
496.28,34.06,5,0
496.4,34.05,5,0
496.52,34.05,5,0
496.64,34.06,6,0
496.77,34.06,5,0
496.89,34.05,5,0
497.01,34.05,6,0
497.13,34.05,6,0
497.26,34.05,5,0
497.38,34.05,5,0
497.5,34.05,5,0
497.62,34.05,5,0
497.75,34.05,5,0
497.87,34.05,5,0
497.99,34.05,5,0
498.11,34.04,5,0
498.24,34.06,5,0
498.36,34.05,4,0
498.48,34.06,6,0
498.6,34.06,6,0
498.73,34.07,5,0
498.85,34.05,6,0
498.97,34.06,6,0
499.09,34.06,7,0
499.22,34.05,5,0
499.34,34.06,5,0
499.46,34.06,6,0
499.58,34.06,6,0
499.71,34.06,6,0
499.83,34.06,6,0
499.95,34.06,6,0
500.07,34.05,6,0
500.2,34.06,6,0
500.32,34.05,6,0
500.44,34.05,5,0
500.56,34.05,5,0
500.69,34.05,5,0
500.81,34.05,5,0
500.93,34.06,5,0
501.05,34.05,5,0
501.18,34.05,6,0
501.3,34.05,6,0
501.42,34.04,5,0
501.54,34.04,5,0
501.67,34.05,4,0
501.79,34.04,4,0
501.91,34.07,4,0
502.03,34.05,5,0
502.16,34.04,7,0
502.28,34.06,7,0
502.4,34.05,5,0
502.52,34.04,4,0
502.64,34.05,5,0
502.77,34.05,4,0
502.89,34.05,4,0
503.01,34.05,5,0
503.14,34.05,5,0
503.26,34.04,5,0
503.38,34.05,5,0
503.5,34.04,5,0
503.63,34.05,4,0
503.75,34.06,4,0
503.87,34.05,5,0
503.99,34.06,5,0
504.11,34.05,6,0
504.24,34.06,5,0
504.36,34.05,5,0
504.48,34.05,5,0
504.61,34.05,6,0
504.73,34.05,5,0
504.85,34.05,5,0
504.97,34.05,5,0
505.1,34.05,5,0
505.22,34.06,5,0
505.34,34.05,5,0
505.46,34.05,6,0
505.58,34.05,6,0
505.71,34.05,5,0
505.83,34.05,5,0
505.95,34.05,5,0
506.08,34.05,5,0
506.2,34.06,5,0
506.32,34.05,5,0
506.44,34.05,6,0
506.57,34.05,6,0
506.69,34.05,5,0
506.81,34.05,5,0
506.93,34.04,5,0
507.05,34.04,5,0
507.18,34.04,5,0
507.3,34.05,5,0
507.42,34.05,4,0
507.55,34.03,5,0
507.67,34.05,5,0
507.79,34.05,5,0
507.91,34.05,3,0
508.04,34.05,5,0
508.16,34.06,5,0
508.28,34.05,5,0
508.4,34.05,5,0
508.52,34.06,6,0
508.65,34.06,5,0
508.77,34.05,5,0
508.89,34.06,6,0
509.02,34.07,6,0
509.14,34.06,6,0
509.26,34.06,7,0
509.38,34.06,7,0
509.5,34.05,6,0
509.63,34.05,6,0
509.75,34.05,5,0
509.87,34.05,5,0
510.0,34.05,5,0
510.12,34.05,5,0
510.24,34.05,5,0
510.36,34.05,5,0
510.48,34.05,5,0
510.61,34.05,5,0
510.73,34.05,5,0
510.85,34.04,5,0
510.97,34.04,5,0
511.1,34.04,5,0
511.22,34.05,4,0
511.34,34.05,4,0
511.46,34.05,4,0
511.59,34.05,5,0
511.71,34.05,5,0
511.83,34.05,5,0
511.95,34.04,5,0
512.08,34.05,5,0
512.2,34.05,5,0
512.32,34.05,4,0
512.44,34.04,5,0
512.57,34.05,5,0
512.69,34.05,5,0
512.81,34.05,4,0
512.93,34.05,5,0
513.06,34.04,5,0
513.18,34.05,5,0
513.3,34.06,5,0
513.42,34.05,4,0
513.55,34.05,6,0
513.67,34.06,6,0
513.79,34.05,5,0
513.91,34.05,5,0
514.04,34.04,5,0
514.16,34.04,5,0
514.28,34.05,5,0
514.4,34.05,4,0
514.53,34.04,4,0
514.65,34.05,5,0
514.77,34.05,5,0
514.89,34.05,4,0
515.02,34.05,5,0
515.14,34.05,5,0
515.26,34.05,5,0
515.38,34.05,5,0
515.51,34.05,5,0
515.63,34.05,5,0
515.75,34.05,5,0
515.87,34.05,5,0
516.0,34.06,5,0
516.12,34.05,5,0
516.24,34.05,6,0
516.36,34.05,6,0
516.49,34.05,5,0
516.61,34.05,5,0
516.73,34.05,5,0
516.85,34.05,5,0
516.97,34.05,5,0
517.1,34.06,5,0
517.22,34.05,5,0
517.34,34.05,6,0
517.47,34.05,6,0
517.59,34.06,5,0
517.71,34.05,5,0
517.83,34.05,6,0
517.96,34.06,6,0
518.08,34.06,5,0
518.2,34.05,5,0
518.32,34.06,6,0
518.45,34.05,5,0
518.57,34.05,5,0
518.69,34.05,6,0
518.81,34.05,5,0
518.94,34.05,5,0
519.06,34.05,5,0
519.18,34.05,5,0
519.3,34.05,5,0
519.43,34.05,5,0
519.55,34.05,5,0
519.67,34.05,5,0
519.79,34.06,5,0
519.91,34.05,5,0
520.04,34.05,6,0
520.16,34.05,6,0
520.28,34.05,5,0
520.4,34.05,5,0
520.53,34.05,5,0
520.65,34.06,5,0
520.77,34.05,5,0
520.9,34.06,5,0
521.02,34.05,5,0
521.14,34.05,6,0
521.26,34.04,6,0
521.38,34.05,5,0
521.51,34.06,5,0
521.63,34.05,5,0
521.75,34.05,5,0
521.88,34.05,6,0
522.0,34.06,5,0
522.12,34.05,5,0
522.24,34.05,6,0
522.36,34.05,6,0
522.49,34.04,5,0
522.61,34.05,5,0
522.73,34.05,5,0
522.85,34.05,4,0
522.98,34.04,5,0
523.1,34.05,5,0
523.22,34.05,5,0
523.34,34.05,4,0
523.47,34.05,5,0
523.59,34.05,5,0
523.71,34.05,5,0
523.84,34.05,5,0
523.96,34.06,5,0
524.08,34.05,5,0
524.2,34.05,5,0
524.32,34.05,5,0
524.45,34.04,5,0
524.57,34.06,5,0
524.69,34.05,5,0
524.82,34.05,6,0
524.94,34.05,5,0
525.06,34.05,5,0
525.18,34.04,5,0
525.3,34.05,5,0
525.43,34.05,4,0
525.55,34.05,4,0
525.67,34.04,5,0
525.79,34.05,5,0
525.92,34.05,4,0
526.04,34.06,4,0
526.16,34.06,5,0
526.28,34.05,5,0
526.41,34.05,6,0
526.53,34.05,6,0
526.65,34.04,5,0
526.77,34.05,5,0
526.9,34.06,4,0
527.02,34.05,4,0
527.14,34.06,5,0
527.26,34.05,6,0
527.39,34.06,5,0
527.51,34.05,5,0
527.63,34.06,6,0
527.75,34.05,6,0
527.88,34.05,6,0
528.0,34.05,6,0
528.12,34.05,5,0
528.24,34.05,5,0
528.37,34.06,5,0
528.49,34.05,5,0
528.61,34.05,6,0
528.73,34.07,5,0
528.86,34.05,5,0
528.98,34.05,5,0
529.1,34.05,5,0
529.22,34.05,5,0
529.35,34.05,5,0
529.47,34.05,5,0
529.59,34.05,5,0
529.71,34.05,5,0
529.84,34.05,5,0
529.96,34.05,5,0
530.08,34.05,5,0
530.2,34.05,5,0
530.33,34.04,5,0
530.45,34.05,5,0
530.57,34.05,5,0
530.69,34.05,4,0
530.82,34.05,5,0
530.94,34.05,5,0
531.06,34.05,5,0
531.18,34.04,5,0
531.31,34.04,5,0
531.43,34.05,4,0
531.55,34.05,4,0
531.67,34.04,4,0
531.79,34.05,5,0
531.92,34.05,4,0
532.04,34.05,4,0
532.16,34.05,5,0
532.29,34.05,5,0
532.41,34.05,5,0
532.53,34.05,5,0
532.65,34.06,5,0
532.78,34.05,5,0
532.9,34.05,5,0
533.02,34.05,6,0
533.14,34.05,5,0
533.27,34.04,5,0
533.39,34.07,5,0
533.51,34.05,5,0
533.63,34.05,4,0
533.76,34.06,7,0
533.88,34.05,5,0
534.0,34.05,5,0
534.12,34.05,5,0
534.25,34.05,5,0
534.37,34.05,5,0
534.49,34.05,5,0
534.61,34.05,5,0
534.73,34.06,5,0
534.86,34.06,5,0
534.98,34.05,5,0
535.1,34.05,6,0
535.22,34.04,5,0
535.35,34.05,5,0
535.47,34.05,5,0
535.59,34.06,5,0
535.72,34.06,5,0
535.84,34.06,6,0
535.96,34.04,6,0
536.08,34.05,6,0
536.21,34.05,4,0
536.33,34.05,4,0
536.45,34.04,4,0
536.57,34.06,5,0
536.69,34.04,5,0
536.82,34.07,4,0
536.94,34.05,6,0
537.06,34.07,4,0
537.18,34.06,4,0
537.31,34.05,4,0
537.43,34.06,7,0
537.55,34.06,7,0
537.67,34.05,7,0
537.8,34.05,7,0
537.92,34.05,7,0
538.04,34.05,7,0
538.16,34.06,7,0
538.28,34.06,7,0
538.41,34.06,7,0
538.53,34.06,7,0
538.65,34.06,5,0
538.78,34.06,5,0
538.9,34.05,6,0
539.02,34.05,6,0
539.14,34.05,6,0
539.27,34.05,5,0
539.39,34.05,5,0
539.51,34.04,5,0
539.63,34.05,5,0
539.76,34.05,5,0
539.88,34.04,5,0
540.0,34.04,5,0
540.12,34.04,5,0
540.24,34.05,5,0
540.37,34.05,5,0
540.49,34.05,5,0
540.61,34.05,5,0
540.73,34.04,5,0
540.86,34.05,5,0
540.98,34.04,5,0
541.1,34.04,5,0
541.22,34.05,5,0
541.35,34.05,4,0
541.47,34.05,5,0
541.59,34.04,5,0
541.71,34.04,5,0
541.84,34.05,5,0
541.96,34.04,4,0
542.08,34.05,4,0
542.2,34.05,4,0
542.33,34.04,5,0
542.45,34.04,5,0
542.57,34.05,5,0
542.69,34.05,4,0
542.82,34.05,4,0
542.94,34.05,5,0
543.06,34.04,5,0
543.18,34.04,5,0
543.31,34.05,5,0
543.43,34.05,5,0
543.55,34.04,5,0
543.67,34.05,5,0
543.8,34.04,5,0
543.92,34.04,5,0
544.04,34.05,5,0
544.16,34.05,5,0
544.28,34.05,4,0
544.41,34.05,5,0
544.53,34.04,5,0
544.65,34.06,5,0
544.78,34.04,5,0
544.9,34.05,6,0
545.02,34.07,4,0
545.14,34.05,4,0
545.27,34.05,4,0
545.39,34.05,4,0
545.51,34.05,5,0
545.63,34.06,5,0
545.76,34.05,5,0
545.88,34.05,5,0
546.0,34.05,5,0
546.12,34.06,5,0
546.25,34.05,5,0
546.37,34.06,5,0
546.49,34.05,5,0
546.61,34.06,5,0
546.73,34.06,6,0
546.86,34.07,5,0
546.98,34.05,6,0
547.1,34.05,7,0
547.22,34.06,5,0
547.35,34.05,5,0
547.47,34.06,6,0
547.59,34.05,5,0
547.72,34.05,5,0
547.84,34.06,6,0
547.96,34.05,5,0
548.08,34.06,5,0
548.21,34.05,6,0
548.33,34.04,5,0
548.45,34.05,6,0
548.57,34.06,4,0
548.7,34.04,5,0
548.82,34.05,5,0
548.94,34.04,6,0
549.06,34.05,4,0
549.19,34.05,4,0
549.31,34.05,4,0
549.43,34.05,5,0
549.55,34.06,5,0
549.67,34.06,5,0
549.8,34.05,6,0
549.92,34.06,6,0
550.04,34.06,6,0
550.16,34.05,5,0
550.29,34.07,6,0
550.41,34.05,6,0
550.53,34.06,5,0
550.65,34.05,7,0
550.78,34.06,6,0
550.9,34.05,5,0
551.02,34.06,5,0
551.14,34.06,6,0
551.27,34.05,6,0
551.39,34.07,6,0
551.51,34.05,6,0
551.63,34.05,5,0
551.76,34.06,5,0
551.88,34.05,5,0
552.0,34.06,6,0
552.12,34.05,6,0
552.25,34.05,5,0
552.37,34.05,5,0
552.49,34.05,5,0
552.61,34.05,5,0
552.74,34.04,5,0
552.86,34.04,5,0
552.98,34.05,4,0
553.1,34.06,4,0
553.23,34.05,4,0
553.35,34.04,5,0
553.47,34.04,5,0
553.59,34.05,4,0
553.72,34.05,4,0
553.84,34.05,4,0
553.96,34.06,5,0
554.08,34.05,5,0
554.21,34.05,5,0
554.33,34.05,6,0
554.45,34.06,5,0
554.57,34.06,5,0
554.7,34.05,5,0
554.82,34.05,6,0
554.94,34.05,6,0
555.06,34.06,5,0
555.19,34.05,5,0
555.31,34.06,5,0
555.43,34.05,6,0
555.55,34.06,5,0
555.68,34.05,5,0
555.8,34.05,5,0
555.92,34.05,6,0
556.04,34.05,5,0
556.17,34.05,5,0
556.29,34.05,5,0
556.41,34.05,5,0
556.53,34.05,5,0
556.66,34.05,5,0
556.78,34.05,5,0
556.9,34.06,5,0
557.02,34.05,5,0
557.15,34.05,5,0
557.27,34.05,5,0
557.39,34.06,5,0
557.51,34.05,5,0
557.64,34.05,5,0
557.76,34.05,5,0
557.88,34.05,5,0
558.0,34.06,5,0
558.13,34.05,5,0
558.25,34.06,5,0
558.37,34.06,5,0
558.49,34.06,5,0
558.61,34.06,6,0
558.74,34.05,6,0
558.86,34.04,6,0
558.98,34.06,5,0
559.11,34.06,5,0
559.23,34.06,4,0
559.35,34.06,6,0
559.47,34.06,6,0
559.59,34.07,6,0
559.72,34.05,6,0
559.84,34.06,6,0
559.96,34.04,5,0
560.09,34.05,6,0
560.21,34.06,6,0
560.33,34.06,4,0
560.45,34.05,6,0
560.58,34.06,6,0
560.7,34.05,6,0
560.82,34.06,5,0
560.94,34.06,6,0
561.07,34.06,6,0
561.19,34.05,6,0
561.31,34.06,6,0
561.43,34.05,6,0
561.55,34.06,6,0
561.68,34.05,5,0
561.8,34.06,5,0
561.92,34.06,6,0
562.04,34.04,5,0
562.17,34.05,6,0
562.29,34.06,6,0
562.41,34.06,4,0
562.53,34.05,5,0
562.66,34.06,6,0
562.78,34.05,5,0
562.9,34.06,5,0
563.02,34.05,6,0
563.15,34.06,6,0
563.27,34.05,5,0
563.39,34.06,5,0
563.52,34.06,6,0
563.64,34.06,5,0
563.76,34.06,6,0
563.88,34.07,6,0
564.0,34.06,6,0
564.13,34.06,6,0
564.25,34.06,6,0
564.37,34.06,6,0
564.5,34.06,6,0
564.62,34.06,6,0
564.74,34.06,6,0
564.86,34.05,6,0
564.98,34.05,6,0
565.11,34.07,6,0
565.23,34.06,5,0
565.35,34.06,7,0
565.47,34.05,6,0
565.6,34.05,6,0
565.72,34.05,6,0
565.84,34.05,5,0
565.96,34.06,5,0
566.09,34.05,5,0
566.21,34.05,5,0
566.33,34.05,6,0
566.46,34.05,5,0
566.58,34.05,5,0
566.7,34.05,5,0
566.82,34.05,5,0
566.94,34.05,5,0
567.07,34.04,5,0
567.19,34.06,5,0
567.31,34.05,5,0
567.43,34.05,4,0
567.56,34.06,4,0
567.68,34.06,4,0
567.8,34.06,5,0
567.92,34.06,5,0
568.05,34.05,6,0
568.17,34.06,6,0
568.29,34.07,5,0
568.41,34.06,5,0
568.54,34.05,7,0
568.66,34.07,6,0
568.78,34.06,6,0
568.9,34.06,5,0
569.03,34.06,7,0
569.15,34.05,6,0
569.27,34.06,6,0
569.39,34.05,6,0
569.52,34.05,5,0
569.64,34.05,5,0
569.76,34.06,5,0
569.88,34.06,5,0
570.01,34.06,5,0
570.13,34.06,6,0
570.25,34.06,6,0
570.37,34.06,6,0
570.5,34.06,6,0
570.62,34.07,6,0
570.74,34.06,6,0
570.86,34.08,7,0
570.99,34.05,7,0
571.11,34.05,6,0
571.23,34.06,8,0
571.35,34.05,5,0
571.47,34.06,5,0
571.6,34.06,6,0
571.72,34.06,5,0
571.84,34.05,6,0
571.97,34.05,6,0
572.09,34.05,6,0
572.21,34.06,5,0
572.33,34.06,5,0
572.46,34.05,6,0
572.58,34.05,6,0
572.7,34.05,6,0
572.82,34.05,5,0
572.95,34.05,5,0
573.07,34.05,5,0
573.19,34.05,5,0
573.31,34.05,5,0
573.44,34.06,5,0
573.56,34.05,5,0
573.68,34.05,5,0
573.8,34.06,6,0
573.93,34.04,5,0
574.05,34.06,6,0
574.17,34.06,6,0
574.29,34.05,4,0
574.41,34.06,6,0
574.54,34.07,5,0
574.66,34.05,6,0
574.78,34.05,6,0
574.91,34.06,7,0
575.03,34.06,5,0
575.15,34.05,6,0
575.27,34.05,6,0
575.4,34.06,6,0
575.52,34.06,5,0
575.64,34.06,6,0
575.76,34.07,6,0
575.89,34.07,6,0
576.01,34.06,6,0
576.13,34.06,7,0
576.25,34.06,6,0
576.38,34.05,6,0
576.5,34.06,6,0
576.62,34.06,6,0
576.74,34.06,6,0
576.86,34.05,6,0
576.99,34.06,6,0
577.11,34.06,6,0
577.23,34.05,6,0
577.35,34.05,6,0
577.48,34.05,6,0
577.6,34.06,5,0
577.72,34.05,5,0
577.84,34.05,6,0
577.97,34.07,6,0
578.09,34.05,5,0
578.21,34.06,5,0
578.34,34.06,5,0
578.46,34.06,5,0
578.58,34.06,6,0
578.7,34.05,6,0
578.83,34.06,6,0
578.95,34.06,5,0
579.07,34.06,5,0
579.19,34.05,6,0
579.31,34.06,6,0
579.44,34.06,5,0
579.56,34.05,5,0
579.68,34.05,6,0
579.8,34.05,6,0
579.93,34.05,5,0
580.05,34.06,5,0
580.17,34.06,5,0
580.29,34.06,5,0
580.42,34.06,6,0
580.54,34.06,6,0
580.66,34.06,6,0
580.78,34.06,6,0
580.91,34.06,6,0
581.03,34.05,6,0
581.15,34.07,6,0
581.27,34.05,6,0
581.4,34.05,5,0
581.52,34.06,5,0
581.64,34.06,5,0
581.77,34.06,5,0
581.89,34.06,6,0
582.01,34.06,6,0
582.13,34.05,6,0
582.25,34.06,6,0
582.38,34.06,6,0
582.5,34.07,5,0
582.62,34.05,6,0
582.75,34.06,7,0
582.87,34.06,7,0
582.99,34.05,5,0
583.11,34.05,6,0
583.23,34.07,5,0
583.36,34.06,5,0
583.48,34.05,5,0
583.6,34.05,7,0
583.72,34.06,5,0
583.85,34.06,5,0
583.97,34.05,5,0
584.09,34.05,6,0
584.21,34.06,5,0
584.34,34.05,5,0
584.46,34.05,5,0
584.58,34.06,5,0
584.7,34.06,5,0
584.83,34.06,6,0
584.95,34.06,6,0
585.07,34.05,6,0
585.19,34.07,6,0
585.32,34.06,5,0
585.44,34.06,7,0
585.56,34.05,7,0
585.68,34.06,6,0
585.81,34.06,6,0
585.93,34.06,6,0
586.05,34.07,6,0
586.17,34.06,6,0
586.3,34.06,6,0
586.42,34.06,7,0
586.54,34.06,6,0
586.66,34.06,6,0
586.79,34.05,6,0
586.91,34.05,6,0
587.03,34.06,5,0
587.15,34.05,5,0
587.28,34.06,5,0
587.4,34.05,6,0
587.52,34.07,6,0
587.64,34.07,6,0
587.77,34.06,5,0
587.89,34.06,5,0
588.01,34.05,7,0
588.13,34.06,6,0
588.26,34.06,6,0
588.38,34.05,5,0
588.5,34.06,6,0
588.62,34.05,5,0
588.75,34.06,5,0
588.87,34.06,6,0
588.99,34.06,5,0
589.11,34.05,6,0
589.24,34.06,6,0
589.36,34.05,6,0
589.48,34.08,5,0
589.6,34.05,5,0
589.72,34.07,8,0
589.85,34.06,8,0
589.97,34.05,5,0
590.09,34.06,7,0
590.22,34.05,5,0
590.34,34.06,5,0
590.46,34.05,6,0
590.58,34.06,5,0
590.71,34.06,5,0
590.83,34.06,6,0
590.95,34.07,6,0
591.07,34.05,6,0
591.2,34.05,6,0
591.32,34.06,5,0
591.44,34.06,5,0
591.56,34.06,5,0
591.69,34.05,6,0
591.81,34.05,6,0
591.93,34.06,5,0
592.05,34.06,5,0
592.17,34.06,5,0
592.3,34.06,6,0
592.42,34.07,6,0
592.54,34.06,6,0
592.66,34.06,6,0
592.79,34.07,7,0
592.91,34.06,6,0
593.03,34.05,7,0
593.16,34.06,7,0
593.28,34.06,6,0
593.4,34.07,6,0
593.52,34.06,6,0
593.65,34.06,6,0
593.77,34.07,7,0
593.89,34.05,6,0
594.01,34.05,7,0
594.14,34.06,7,0
594.26,34.06,5,0
594.38,34.07,5,0
594.5,34.06,6,0
594.63,34.06,7,0
594.75,34.06,7,0
594.87,34.06,6,0
594.99,34.06,6,0
595.11,34.05,6,0
595.24,34.05,6,0
595.36,34.06,6,0
595.48,34.05,5,0
595.6,34.05,6,0
595.73,34.06,5,0
595.85,34.06,5,0
595.97,34.05,0,0
596.1,34.06,1,0
596.22,34.06,0,0
596.34,34.06,0,0
596.46,34.06,1,0
596.59,34.06,1,0
596.71,34.05,1,0
596.83,34.06,1,0
596.95,34.07,1,0
597.07,34.07,0,0
597.2,34.07,1,0
597.32,34.07,1,0
597.44,34.07,1,0
597.57,34.07,1,0
597.69,34.08,1,0
597.81,34.08,1,0
597.93,34.08,1,0
598.05,34.09,1,0
598.18,34.09,1,0
598.3,34.09,1,0
598.42,34.09,1,0
598.54,34.1,1,0
598.67,34.09,1,0
598.79,34.1,1,0
598.91,34.1,1,0
599.03,34.1,1,0
599.16,34.09,1,0
599.28,34.12,1,0
599.4,34.11,1,0
599.52,34.11,1,0
599.65,34.12,1,0
599.77,34.12,1,0
599.89,34.12,1,0
600.01,34.12,1,0
600.14,34.12,1,0
600.26,34.13,1,0
600.38,34.13,1,0
600.51,34.13,1,0
600.63,34.14,1,0
600.75,34.15,1,0
600.87,34.14,1,0
600.99,34.14,1,0
601.12,34.15,1,0
601.24,34.15,1,0
601.36,34.14,1,0
601.48,34.15,1,0
601.61,34.15,1,0
601.73,34.16,1,0
601.85,34.16,1,0
601.97,34.16,1,0
602.1,34.16,2,0
602.22,34.16,2,0
602.34,34.18,2,0
602.46,34.17,2,0
602.59,34.18,2,0
602.71,34.19,2,0
602.83,34.18,2,0
602.95,34.18,2,0
603.08,34.18,2,0
603.2,34.19,2,0
603.32,34.19,2,0
603.44,34.19,2,0
603.57,34.19,2,0
603.69,34.18,2,0
603.81,34.19,2,0
603.93,34.19,2,0
604.06,34.18,2,0
604.18,34.19,2,0
604.3,34.2,2,0
604.42,34.2,2,0
604.55,34.2,2,0
604.67,34.21,2,0
604.79,34.21,2,0
604.91,34.21,2,0
605.04,34.2,2,0
605.16,34.21,2,0
605.28,34.2,2,0
605.41,34.22,2,0
605.53,34.21,2,0
605.65,34.21,2,0
605.77,34.21,2,0
605.89,34.21,2,0
606.02,34.22,2,0
606.14,34.22,2,0
606.26,34.21,2,0
606.39,34.22,2,0
606.51,34.23,2,0
606.63,34.24,2,0
606.75,34.22,2,0
606.87,34.24,2,0
607.0,34.23,2,0
607.12,34.23,2,0
607.24,34.23,2,0
607.36,34.23,2,0
607.49,34.24,2,0
607.61,34.24,2,0
607.73,34.23,2,0
607.85,34.24,2,0
607.98,34.23,2,0
608.1,34.25,2,0
608.22,34.24,2,0
608.34,34.24,2,0
608.47,34.24,2,0
608.59,34.24,2,0
608.71,34.24,2,0
608.83,34.26,2,0
608.96,34.25,2,0
609.08,34.27,3,0
609.2,34.24,2,0
609.32,34.24,2,0
609.45,34.25,3,0
609.57,34.25,2,0
609.69,34.25,2,0
609.81,34.25,2,0
609.94,34.25,2,0
610.06,34.26,2,0
610.18,34.27,2,0
610.3,34.26,2,0
610.43,34.26,3,0
610.55,34.25,3,0
610.67,34.25,3,0
610.79,34.26,2,0
610.92,34.26,2,0
611.04,34.25,2,0
611.16,34.26,3,0
611.28,34.26,2,0
611.41,34.27,2,0
611.53,34.26,3,0
611.65,34.26,3,0
611.77,34.26,3,0
611.9,34.26,3,0
612.02,34.26,3,0
612.14,34.27,3,0
612.26,34.26,3,0
612.39,34.27,3,0
612.51,34.27,3,0
612.63,34.27,3,0
612.75,34.27,3,0
612.88,34.27,3,0
613.0,34.27,3,0
613.12,34.27,3,0
613.24,34.27,3,0
613.37,34.27,3,0
613.49,34.26,3,0
613.61,34.27,3,0
613.73,34.27,3,0
613.86,34.27,3,0
613.98,34.27,3,0
614.1,34.27,3,0
614.22,34.27,3,0
614.35,34.27,3,0
614.47,34.27,3,0
614.59,34.27,3,0
614.71,34.27,3,0
614.84,34.27,3,0
614.96,34.27,3,0
615.08,34.28,3,0
615.2,34.28,3,0
615.33,34.27,3,0
615.45,34.28,3,0
615.57,34.27,3,0
615.69,34.28,3,0
615.82,34.27,3,0
615.94,34.28,3,0
616.06,34.28,3,0
616.18,34.28,3,0
616.31,34.28,3,0
616.43,34.28,3,0
616.55,34.28,3,0
616.67,34.28,3,0
616.8,34.28,3,0
616.92,34.28,3,0
617.04,34.28,3,0
617.16,34.28,3,0
617.29,34.28,3,0
617.41,34.28,3,0
617.53,34.28,3,0
617.65,34.28,3,0
617.78,34.29,3,0
617.9,34.28,3,0
618.02,34.28,3,0
618.14,34.28,3,0
618.27,34.28,3,0
618.39,34.28,3,0
618.51,34.28,3,0
618.63,34.28,3,0
618.76,34.29,3,0
618.88,34.29,3,0
619.0,34.28,3,0
619.12,34.28,3,0
619.25,34.29,3,0
619.37,34.28,3,0
619.49,34.28,3,0
619.61,34.29,3,0
619.74,34.29,3,0
619.86,34.29,3,0
619.98,34.29,3,0
620.1,34.29,3,0
620.23,34.28,3,0
620.35,34.29,3,0
620.47,34.28,3,0
620.59,34.29,3,0
620.72,34.29,3,0
620.84,34.29,3,0
620.96,34.29,3,0
621.08,34.29,3,0
621.21,34.29,3,0
621.33,34.29,3,0
621.45,34.29,3,0
621.57,34.29,3,0
621.7,34.29,3,0
621.82,34.29,3,0
621.94,34.3,3,0
622.06,34.29,3,0
622.19,34.29,3,0
622.31,34.29,3,0
622.43,34.29,3,0
622.55,34.29,3,0
622.68,34.3,3,0
622.8,34.3,3,0
622.92,34.29,3,0
623.04,34.3,3,0
623.17,34.3,3,0
623.29,34.29,3,0
623.41,34.29,3,0
623.53,34.3,3,0
623.66,34.3,3,0
623.78,34.3,3,0
623.9,34.3,3,0
624.02,34.3,3,0
624.15,34.3,3,0
624.27,34.29,3,0
624.39,34.3,3,0
624.51,34.3,3,0
624.64,34.31,3,0
624.76,34.3,3,0
624.88,34.3,3,0
625.0,34.31,3,0
625.13,34.3,3,0
625.25,34.3,3,0
625.37,34.31,3,0
625.49,34.31,3,0
625.61,34.31,3,0
625.74,34.31,3,0
625.86,34.31,3,0
625.98,34.31,3,0
626.11,34.31,3,0
626.23,34.31,3,0
626.35,34.31,3,0
626.47,34.31,3,0
626.59,34.31,3,0
626.72,34.31,3,0
626.84,34.31,3,0
626.96,34.32,3,0
627.09,34.32,3,0
627.21,34.32,3,0
627.33,34.32,3,0
627.45,34.32,3,0
627.58,34.32,3,0
627.7,34.31,3,0
627.82,34.31,3,0
627.94,34.31,3,0
628.07,34.32,3,0
628.19,34.32,3,0
628.31,34.32,3,0
628.43,34.32,3,0
628.55,34.32,3,0
628.68,34.32,3,0
628.8,34.32,3,0
628.92,34.31,3,0
629.05,34.32,3,0
629.17,34.32,3,0
629.29,34.31,3,0
629.41,34.32,3,0
629.53,34.32,3,0
629.66,34.32,3,0
629.78,34.32,3,0
629.9,34.32,3,0
630.03,34.32,3,0
630.15,34.32,3,0
630.27,34.32,3,0
630.39,34.32,3,0
630.52,34.33,3,0
630.64,34.33,3,0
630.76,34.32,3,0
630.88,34.33,3,0
631.01,34.33,3,0
631.13,34.33,3,0
631.25,34.33,3,0
631.37,34.33,3,0
631.5,34.33,3,0
631.62,34.33,3,0
631.74,34.33,3,0
631.86,34.33,3,0
631.99,34.33,3,0
632.11,34.33,3,0
632.23,34.33,3,0
632.35,34.33,3,0
632.47,34.33,3,0
632.6,34.33,3,0
632.72,34.33,3,0
632.84,34.33,3,0
632.97,34.33,3,0
633.09,34.33,3,0
633.21,34.33,3,0
633.33,34.33,3,0
633.46,34.33,3,0
633.58,34.33,3,0
633.7,34.33,3,0
633.82,34.33,3,0
633.95,34.33,3,0
634.07,34.33,3,0
634.19,34.34,3,0
634.31,34.34,3,0
634.44,34.33,3,0
634.56,34.33,3,0
634.68,34.33,3,0
634.8,34.33,3,0
634.93,34.33,3,0
635.05,34.34,3,0
635.17,34.33,3,0
635.29,34.34,3,0
635.41,34.34,3,0
635.54,34.34,3,0
635.66,34.34,3,0
635.78,34.34,3,0
635.91,34.34,3,0
636.03,34.34,3,0
636.15,34.35,3,0
636.27,34.33,3,0
636.4,34.34,3,0
636.52,34.35,4,0
636.64,34.34,3,0
636.76,34.34,3,0
636.89,34.35,4,0
637.01,34.35,3,0
637.13,34.34,4,0
637.25,34.34,4,0
637.38,34.34,4,0
637.5,34.35,3,0
637.62,34.34,3,0
637.74,34.34,4,0
637.86,34.34,4,0
637.99,34.35,3,0
638.11,34.34,3,0
638.23,34.34,4,0
638.36,34.34,3,0
638.48,34.34,3,0
638.6,34.34,3,0
638.72,34.34,3,0
638.84,34.35,3,0
638.97,34.35,3,0
639.09,34.35,3,0
639.21,34.35,4,0
639.34,34.34,4,0
639.46,34.34,4,0
639.58,34.35,4,0
639.7,34.34,3,0
639.83,34.35,4,0
639.95,34.35,3,0
640.07,34.34,3,0
640.19,34.34,4,0
640.32,34.35,4,0
640.44,34.34,3,0
640.56,34.35,3,0
640.68,34.35,4,0
640.8,34.35,3,0
640.93,34.35,4,0
641.05,34.36,4,0
641.17,34.35,4,0
641.29,34.34,4,0
641.42,34.36,4,0
641.54,34.35,3,0
641.66,34.35,3,0
641.78,34.35,4,0
641.91,34.36,4,0
642.03,34.35,4,0
642.15,34.34,4,0
642.28,34.36,4,0
642.4,34.35,4,0
642.52,34.35,4,0
642.64,34.35,4,0
642.77,34.35,4,0
642.89,34.35,4,0
643.01,34.35,4,0
643.13,34.35,4,0
643.26,34.35,4,0
643.38,34.35,4,0
643.5,34.35,4,0
643.62,34.35,4,0
643.75,34.34,4,0
643.87,34.36,4,0
643.99,34.36,4,0
644.11,34.35,3,0
644.23,34.35,4,0
644.36,34.35,4,0
644.48,34.35,4,0
644.6,34.34,4,0
644.72,34.35,4,0
644.85,34.35,3,0
644.97,34.35,3,0
645.09,34.35,4,0
645.22,34.36,4,0
645.34,34.35,4,0
645.46,34.35,4,0
645.58,34.35,4,0
645.71,34.36,4,0
645.83,34.35,4,0
645.95,34.35,4,0
646.07,34.36,4,0
646.2,34.35,4,0
646.32,34.35,4,0
646.44,34.35,4,0
646.56,34.36,4,0
646.69,34.37,4,0
646.81,34.38,4,0
646.93,34.36,4,0
647.05,34.35,4,0
647.17,34.36,4,0
647.3,34.35,4,0
647.42,34.36,4,0
647.54,34.36,4,0
647.66,34.36,4,0
647.79,34.36,4,0
647.91,34.35,4,0
648.03,34.35,4,0
648.16,34.35,4,0
648.28,34.35,4,0
648.4,34.36,4,0
648.52,34.35,4,0
648.65,34.35,4,0
648.77,34.35,4,0
648.89,34.35,4,0
649.01,34.35,4,0
649.14,34.35,4,0
649.26,34.35,4,0
649.38,34.36,4,0
649.5,34.35,4,0
649.63,34.36,4,0
649.75,34.35,4,0
649.87,34.36,4,0
649.99,34.35,4,0
650.11,34.36,4,0
650.24,34.35,4,0
650.36,34.36,4,0
650.48,34.35,4,0
650.6,34.36,4,0
650.73,34.36,4,0
650.85,34.37,4,0
650.97,34.35,4,0
651.09,34.36,4,0
651.22,34.37,4,0
651.34,34.36,4,0
651.46,34.37,4,0
651.58,34.36,4,0
651.71,34.35,4,0
651.83,34.35,4,0
651.95,34.36,4,0
652.08,34.36,4,0
652.2,34.35,4,0
652.32,34.36,4,0
652.44,34.36,4,0
652.56,34.36,4,0
652.69,34.37,4,0
652.81,34.37,4,0
652.93,34.36,4,0
653.05,34.36,4,0
653.18,34.35,4,0
653.3,34.35,4,0
653.42,34.35,4,0
653.54,34.35,4,0
653.67,34.37,4,0
653.79,34.35,4,0
653.91,34.36,4,0
654.03,34.36,4,0
654.16,34.35,4,0
654.28,34.36,4,0
654.4,34.37,4,0
654.53,34.36,4,0
654.65,34.35,4,0
654.77,34.35,4,0
654.89,34.35,4,0
655.01,34.36,4,0
655.14,34.36,4,0
655.26,34.36,4,0
655.38,34.36,4,0
655.51,34.36,4,0
655.63,34.36,4,0
655.75,34.36,4,0
655.87,34.36,4,0
655.99,34.36,4,0
656.12,34.37,4,0
656.24,34.36,4,0
656.36,34.36,4,0
656.48,34.36,4,0
656.61,34.36,4,0
656.73,34.36,4,0
656.85,34.36,4,0
656.97,34.36,4,0
657.1,34.36,4,0
657.22,34.36,4,0
657.34,34.36,4,0
657.46,34.36,4,0
657.59,34.36,4,0
657.71,34.36,4,0
657.83,34.36,4,0
657.95,34.36,4,0
658.08,34.36,4,0
658.2,34.36,4,0
658.32,34.36,4,0
658.44,34.35,4,0
658.57,34.36,4,0
658.69,34.36,4,0
658.81,34.35,4,0
658.93,34.35,4,0
659.06,34.37,4,0
659.18,34.36,4,0
659.3,34.36,4,0
659.42,34.36,4,0
659.55,34.35,4,0
659.67,34.36,4,0
659.79,34.36,4,0
659.91,34.36,4,0
660.04,34.36,4,0
660.16,34.36,4,0
660.28,34.36,4,0
660.4,34.36,4,0
660.53,34.36,4,0
660.65,34.36,4,0
660.77,34.38,4,0
660.89,34.35,4,0
661.02,34.38,4,0
661.14,34.36,4,0
661.26,34.36,4,0
661.38,34.36,4,0
661.51,34.36,4,0
661.63,34.35,4,0
661.75,34.36,4,0
661.87,34.36,4,0
662.0,34.36,4,0
662.12,34.36,4,0
662.24,34.36,4,0
662.36,34.36,4,0
662.49,34.35,4,0
662.61,34.36,4,0
662.73,34.35,4,0
662.85,34.35,4,0
662.98,34.37,4,0
663.1,34.36,4,0
663.22,34.36,4,0
663.34,34.35,4,0
663.47,34.36,4,0
663.59,34.36,4,0
663.71,34.35,4,0
663.83,34.37,4,0
663.96,34.36,4,0
664.08,34.36,4,0
664.2,34.36,4,0
664.32,34.36,4,0
664.45,34.36,4,0
664.57,34.36,4,0
664.69,34.37,4,0
664.81,34.36,4,0
664.94,34.37,4,0
665.06,34.35,4,0
665.18,34.35,4,0
665.3,34.36,4,0
665.42,34.36,4,0
665.55,34.36,4,0
665.67,34.36,4,0
665.79,34.36,4,0
665.92,34.36,4,0
666.04,34.38,4,0
666.16,34.37,4,0
666.28,34.36,4,0
666.41,34.36,4,0
666.53,34.36,4,0
666.65,34.36,4,0
666.77,34.36,4,0
666.9,34.37,4,0
667.02,34.36,4,0
667.14,34.36,4,0
667.26,34.37,4,0
667.39,34.36,4,0
667.51,34.36,4,0
667.63,34.36,4,0
667.75,34.35,4,0
667.88,34.36,4,0
668.0,34.35,4,0
668.12,34.37,4,0
668.24,34.36,4,0
668.36,34.36,4,0
668.49,34.35,4,0
668.61,34.35,4,0
668.73,34.36,4,0
668.86,34.36,4,0
668.98,34.36,4,0
669.1,34.36,4,0
669.22,34.35,4,0
669.34,34.36,4,0
669.47,34.37,4,0
669.59,34.36,4,0
669.71,34.35,4,0
669.84,34.35,4,0
669.96,34.38,4,0
670.08,34.35,4,0
670.2,34.36,4,0
670.33,34.36,4,0
670.45,34.35,4,0
670.57,34.35,4,0
670.69,34.38,4,0
670.82,34.36,4,0
670.94,34.35,4,0
671.06,34.36,4,0
671.18,34.36,4,0
671.3,34.36,4,0
671.43,34.35,4,0
671.55,34.35,4,0
671.67,34.35,4,0
671.8,34.36,4,0
671.92,34.35,4,0
672.04,34.35,4,0
672.16,34.36,4,0
672.28,34.35,4,0
672.41,34.35,4,0
672.53,34.36,4,0
672.65,34.36,4,0
672.78,34.35,4,0
672.9,34.36,4,0
673.02,34.36,4,0
673.14,34.36,4,0
673.27,34.36,4,0
673.39,34.35,4,0
673.51,34.35,4,0
673.63,34.35,4,0
673.76,34.34,4,0
673.88,34.35,4,0
674.0,34.36,3,0
674.12,34.35,3,0
674.25,34.36,4,0
674.37,34.37,4,0
674.49,34.35,4,0
674.61,34.35,4,0
674.73,34.35,4,0
674.86,34.35,4,0
674.98,34.36,4,0
675.1,34.35,4,0
675.22,34.36,4,0
675.35,34.35,4,0
675.47,34.36,4,0
675.59,34.36,4,0
675.72,34.35,4,0
675.84,34.36,4,0
675.96,34.36,4,0
676.08,34.36,4,0
676.21,34.35,4,0
676.33,34.36,4,0
676.45,34.36,4,0
676.57,34.36,4,0
676.7,34.36,4,0
676.82,34.35,4,0
676.94,34.35,4,0
677.06,34.35,4,0
677.19,34.35,4,0
677.31,34.34,4,0
677.43,34.36,4,0
677.55,34.36,4,0
677.68,34.36,4,0
677.8,34.35,4,0
677.92,34.35,4,0
678.04,34.36,4,0
678.16,34.35,4,0
678.29,34.35,4,0
678.41,34.35,4,0
678.53,34.35,4,0
678.65,34.35,4,0
678.78,34.35,4,0
678.9,34.35,4,0
679.02,34.36,4,0
679.15,34.35,4,0
679.27,34.36,4,0
679.39,34.35,4,0
679.51,34.36,4,0
679.63,34.35,4,0
679.76,34.35,4,0
679.88,34.36,4,0
680.0,34.37,4,0
680.13,34.37,4,0
680.25,34.36,4,0
680.37,34.35,4,0
680.49,34.35,4,0
680.61,34.36,4,0
680.74,34.36,4,0
680.86,34.36,4,0
680.98,34.35,4,0
681.1,34.35,4,0
681.23,34.36,4,0
681.35,34.36,4,0
681.47,34.35,4,0
681.59,34.35,4,0
681.72,34.37,4,0
681.84,34.36,4,0
681.96,34.35,4,0
682.09,34.35,4,0
682.21,34.36,4,0
682.33,34.36,4,0
682.45,34.36,4,0
682.57,34.37,4,0
682.7,34.36,4,0
682.82,34.35,4,0
682.94,34.35,4,0
683.07,34.37,4,0
683.19,34.36,4,0
683.31,34.35,4,0
683.43,34.36,4,0
683.55,34.35,4,0
683.68,34.35,4,0
683.8,34.36,4,0
683.92,34.35,4,0
684.04,34.35,4,0
684.17,34.36,4,0
684.29,34.37,4,0
684.41,34.36,4,0
684.53,34.36,4,0
684.66,34.35,4,0
684.78,34.36,4,0
684.9,34.36,4,0
685.02,34.35,4,0
685.15,34.36,4,0
685.27,34.36,4,0
685.39,34.36,4,0
685.51,34.36,4,0
685.64,34.35,4,0
685.76,34.37,4,0
685.88,34.37,4,0
686.0,34.36,4,0
686.13,34.35,4,0
686.25,34.35,4,0
686.37,34.36,4,0
686.49,34.35,4,0
686.62,34.36,4,0
686.74,34.35,4,0
686.86,34.36,4,0
686.98,34.36,4,0
687.11,34.36,4,0
687.23,34.36,4,0
687.35,34.35,4,0
687.47,34.36,4,0
687.6,34.36,4,0
687.72,34.36,4,0
687.84,34.36,4,0
687.97,34.35,4,0
688.09,34.36,4,0
688.21,34.35,4,0
688.33,34.36,4,0
688.45,34.37,4,0
688.58,34.36,4,0
688.7,34.36,4,0
688.82,34.37,4,0
688.95,34.36,4,0
689.07,34.35,4,0
689.19,34.36,4,0
689.31,34.36,4,0
689.43,34.37,4,0
689.56,34.37,4,0
689.68,34.37,4,0
689.8,34.36,4,0
689.92,34.36,4,0
690.05,34.35,4,0
690.17,34.36,4,0
690.29,34.36,4,0
690.41,34.36,4,0
690.54,34.36,4,0
690.66,34.36,4,0
690.78,34.36,4,0
690.9,34.36,4,0
691.03,34.36,4,0
691.15,34.36,4,0
691.27,34.36,4,0
691.39,34.35,4,0
691.52,34.35,4,0
691.64,34.35,4,0
691.76,34.35,4,0
691.88,34.36,4,0
692.01,34.36,4,0
692.13,34.36,4,0
692.25,34.36,4,0
692.37,34.37,4,0
692.5,34.36,4,0
692.62,34.36,4,0
692.74,34.36,4,0
692.86,34.36,4,0
692.98,34.36,4,0
693.11,34.35,4,0
693.23,34.36,4,0
693.35,34.36,4,0
693.48,34.36,4,0
693.6,34.35,4,0
693.72,34.36,4,0
693.84,34.36,4,0
693.97,34.37,4,0
694.09,34.37,4,0
694.21,34.36,4,0
694.33,34.36,4,0
694.46,34.36,4,0
694.58,34.36,4,0
694.7,34.37,4,0
694.82,34.36,4,0
694.95,34.36,4,0
695.07,34.36,4,0
695.19,34.37,4,0
695.31,34.36,4,0
695.44,34.36,4,0
695.56,34.36,4,0
695.68,34.36,4,0
695.8,34.37,4,0
695.92,34.35,4,0
696.05,34.36,4,0
696.17,34.36,4,0
696.29,34.35,4,0
696.42,34.35,4,0
696.54,34.36,4,0
696.66,34.36,4,0
696.78,34.36,4,0
696.91,34.35,4,0
697.03,34.36,4,0
697.15,34.36,4,0
697.27,34.37,4,0
697.4,34.36,4,0
697.52,34.36,4,0
697.64,34.36,4,0
697.76,34.36,4,0
697.89,34.36,4,0
698.01,34.37,4,0
698.13,34.37,4,0
698.25,34.36,4,0
698.38,34.36,4,0
698.5,34.36,4,0
698.62,34.37,4,0
698.74,34.36,4,0
698.86,34.37,4,0
698.99,34.37,4,0
699.11,34.36,4,0
699.23,34.37,4,0
699.36,34.37,4,0
699.48,34.37,4,0
699.6,34.36,4,0
699.72,34.36,4,0
699.84,34.36,4,0
699.97,34.36,4,0
700.09,34.36,4,0
700.21,34.36,4,0
700.34,34.36,4,0
700.46,34.36,4,0
700.58,34.36,4,0
700.7,34.35,4,0
700.83,34.37,4,0
700.95,34.36,4,0
701.07,34.36,4,0
701.19,34.36,4,0
701.32,34.37,4,0
701.44,34.36,4,0
701.56,34.37,4,0
701.68,34.36,4,0
701.8,34.37,4,0
701.93,34.36,4,0
702.05,34.36,4,0
702.17,34.36,4,0
702.3,34.37,4,0
702.42,34.36,4,0
702.54,34.36,4,0
702.66,34.38,4,0
702.78,34.37,4,0
702.91,34.36,4,0
703.03,34.37,4,0
703.15,34.37,4,0
703.28,34.36,4,0
703.4,34.37,4,0
703.52,34.38,4,0
703.64,34.36,4,0
703.77,34.37,4,0
703.89,34.37,4,0
704.01,34.36,4,0
704.13,34.37,4,0
704.25,34.37,4,0
704.38,34.36,4,0
704.5,34.35,4,0
704.62,34.38,4,0
704.75,34.38,4,0
704.87,34.37,4,0
704.99,34.36,4,0
705.11,34.37,4,0
705.23,34.37,4,0
705.36,34.37,4,0
705.48,34.37,4,0
705.6,34.37,4,0
705.72,34.37,4,0
705.85,34.37,4,0
705.97,34.37,4,0
706.09,34.37,4,0
706.22,34.36,4,0
706.34,34.37,4,0
706.46,34.37,4,0
706.58,34.37,4,0
706.71,34.36,4,0
706.83,34.37,4,0
706.95,34.37,4,0
707.07,34.37,4,0
707.2,34.37,4,0
707.32,34.37,4,0
707.44,34.37,4,0
707.56,34.37,4,0
707.69,34.38,4,0
707.81,34.38,4,0
707.93,34.37,4,0
708.05,34.38,4,0
708.17,34.36,4,0
708.3,34.37,4,0
708.42,34.37,4,0
708.54,34.38,4,0
708.66,34.37,4,0
708.79,34.36,4,0
708.91,34.37,4,0
709.03,34.38,4,0
709.15,34.39,4,0
709.28,34.38,4,0
709.4,34.37,4,0
709.52,34.37,4,0
709.65,34.37,4,0
709.77,34.37,4,0
709.89,34.37,4,0
710.01,34.37,4,0
710.14,34.38,4,0
710.26,34.38,4,0
710.38,34.38,4,0
710.5,34.38,4,0
710.63,34.38,4,0
710.75,34.38,4,0
710.87,34.37,4,0
710.99,34.37,4,0
711.11,34.37,4,0
711.24,34.38,4,0
711.36,34.38,4,0
711.48,34.36,4,0
711.6,34.37,4,0
711.73,34.38,4,0
711.85,34.38,4,0
711.97,34.38,4,0
712.09,34.38,4,0
712.22,34.38,4,0
712.34,34.37,4,0
712.46,34.37,4,0
712.59,34.38,4,0
712.71,34.38,4,0
712.83,34.38,4,0
712.95,34.38,4,0
713.07,34.38,4,0
713.2,34.38,4,0
713.32,34.37,4,0
713.44,34.38,4,0
713.57,34.38,4,0
713.69,34.38,4,0
713.81,34.38,4,0
713.93,34.38,4,0
714.05,34.36,0,0
714.18,34.38,0,0
714.3,34.38,0,0
714.42,34.38,0,0
714.54,34.38,0,0
714.66,34.38,0,0
714.79,34.38,0,0
714.91,34.38,0,0
715.03,34.38,0,0
715.16,34.39,0,0
715.28,34.38,0,0
715.4,34.39,0,0
715.52,34.39,0,0
715.64,34.39,0,0
715.77,34.39,0,0
715.89,34.4,0,0
716.01,34.4,0,0
716.13,34.4,0,0
716.25,34.4,0,0
716.38,34.4,0,0
716.5,34.4,0,0
716.62,34.41,0,0
716.74,34.41,0,0
716.86,34.41,0,0
716.99,34.41,0,0
717.11,34.41,0,0
717.23,34.42,0,0
717.35,34.42,0,0
717.47,34.42,0,0
717.6,34.42,0,0
717.72,34.43,0,0
717.84,34.43,0,0
717.96,34.43,0,0
718.09,34.43,0,0
718.21,34.43,0,0
718.33,34.44,0,0
718.45,34.44,0,0
718.58,34.44,0,0
718.7,34.44,0,0
718.82,34.45,0,0
718.94,34.45,0,0
719.06,34.45,0,0
719.19,34.45,0,0
719.31,34.45,0,0
719.43,34.45,0,0
719.55,34.46,0,0
719.67,34.46,0,0
719.8,34.46,0,0
719.92,34.46,0,0
720.04,34.47,0,0
720.16,34.47,0,0
720.28,34.47,0,0
720.41,34.47,0,0
720.53,34.47,0,0
720.65,34.47,0,0
720.77,34.48,0,0
720.9,34.48,0,0
721.02,34.48,0,0
721.14,34.48,0,0
721.26,34.49,0,0
721.39,34.49,0,0
721.51,34.49,0,0
721.63,34.49,0,0
721.75,34.49,0,0
721.87,34.49,0,0
722.0,34.5,0,0
722.12,34.49,0,0
722.24,34.5,0,0
722.36,34.5,0,0
722.48,34.5,0,0
722.61,34.51,0,0
722.73,34.51,0,0
722.85,34.51,0,0
722.97,34.51,0,0
723.09,34.51,0,0
723.22,34.51,0,0
723.34,34.52,0,0
723.46,34.52,0,0
723.58,34.52,0,0
723.71,34.52,0,0
723.83,34.52,0,0
723.95,34.52,0,0
724.07,34.53,0,0
724.19,34.53,0,0
724.32,34.53,0,0
724.44,34.53,0,0
724.56,34.53,0,0
724.68,34.53,0,0
724.8,34.53,0,0
724.93,34.54,0,0
725.05,34.54,0,0
725.17,34.54,0,0
725.29,34.54,0,0
725.41,34.54,0,0
725.54,34.54,0,0
725.66,34.55,0,0
725.78,34.55,0,0
725.91,34.55,0,0
726.03,34.55,0,0
726.15,34.55,0,0
726.27,34.55,0,0
726.39,34.56,0,0
726.52,34.56,0,0
726.64,34.56,0,0
726.76,34.56,0,0
726.88,34.56,0,0
727.0,34.57,0,0
727.13,34.57,0,0
727.25,34.56,0,0
727.37,34.57,0,0
727.49,34.57,0,0
727.61,34.57,0,0
727.74,34.57,0,0
727.86,34.57,0,0
727.98,34.58,0,0
728.1,34.57,0,0
728.22,34.58,0,0
728.35,34.58,0,0
728.47,34.58,0,0
728.59,34.58,0,0
728.71,34.58,0,0
728.84,34.58,0,0
728.96,34.58,0,0
729.08,34.59,0,0
729.2,34.59,0,0
729.33,34.59,0,0
729.45,34.59,0,0
729.57,34.6,0,0
729.69,34.59,0,0
729.81,34.59,0,0
729.94,34.6,0,0
730.06,34.6,0,0
730.18,34.6,0,0
730.3,34.6,0,0
730.42,34.6,0,0
730.55,34.61,0,0
730.67,34.61,0,0
730.79,34.61,0,0
730.91,34.61,0,0
731.03,34.61,0,0
731.16,34.61,0,0
731.28,34.61,0,0
731.4,34.61,0,0
731.52,34.61,0,0
731.65,34.62,0,0
731.77,34.62,0,0
731.89,34.62,0,0
732.01,34.62,0,0
732.14,34.62,0,0
732.26,34.62,0,0
732.38,34.62,0,0
732.5,34.62,0,0
732.62,34.62,0,0
732.75,34.63,0,0
732.87,34.63,0,0
732.99,34.63,0,0
733.11,34.63,0,0
733.23,34.63,0,0
733.36,34.63,0,0
733.48,34.63,0,0
733.6,34.63,0,0
733.72,34.63,0,0
733.84,34.64,0,0
733.97,34.64,0,0
734.09,34.64,0,0
734.21,34.64,0,0
734.33,34.64,0,0
734.46,34.64,0,0
734.58,34.64,0,0
734.7,34.65,0,0
734.82,34.65,0,0
734.94,34.65,0,0
735.07,34.65,0,0
735.19,34.65,0,0
735.31,34.65,0,0
735.43,34.65,0,0
735.55,34.65,0,0
735.68,34.65,0,0
735.8,34.65,0,0
735.92,34.65,0,0
736.04,34.66,0,0
736.16,34.65,0,0
736.29,34.66,0,0
736.41,34.66,0,0
736.53,34.66,0,0
736.65,34.66,0,0
736.78,34.66,0,0
736.9,34.66,0,0
737.02,34.66,0,0
737.14,34.67,0,0
737.27,34.66,0,0
737.39,34.67,0,0
737.51,34.67,0,0
737.63,34.67,0,0
737.75,34.67,0,0
737.88,34.67,0,0
738.0,34.67,0,0
738.12,34.67,0,0
738.24,34.67,0,0
738.36,34.68,0,0
738.49,34.68,0,0
738.61,34.68,0,0
738.73,34.68,0,0
738.85,34.68,0,0
738.97,34.68,0,0
739.1,34.68,0,0
739.22,34.68,0,0
739.34,34.69,0,0
739.46,34.69,0,0
739.59,34.69,0,0
739.71,34.68,0,0
739.83,34.69,0,0
739.95,34.69,0,0
740.08,34.69,0,0
740.2,34.69,0,0
740.32,34.69,0,0
740.44,34.69,0,0
740.56,34.7,0,0
740.69,34.7,0,0
740.81,34.7,0,0
740.93,34.7,0,0
741.05,34.7,0,0
741.17,34.7,0,0
741.3,34.7,0,0
741.42,34.7,0,0
741.54,34.7,0,0
741.66,34.7,0,0
741.78,34.7,0,0
741.91,34.71,0,0
742.03,34.7,0,0
742.15,34.71,0,0
742.27,34.71,0,0
742.4,34.71,0,0
742.52,34.71,0,0
742.64,34.71,0,0
742.76,34.71,0,0
742.88,34.72,0,0
743.01,34.71,0,0
743.13,34.71,0,0
743.25,34.72,0,0
743.37,34.72,0,0
743.5,34.72,0,0
743.62,34.72,0,0
743.74,34.72,0,0
743.86,34.72,0,0
743.98,34.72,0,0
744.1,34.72,0,0
744.23,34.73,0,0
744.35,34.72,0,0
744.47,34.72,0,0
744.59,34.73,0,0
744.72,34.73,0,0
744.84,34.73,0,0
744.96,34.73,0,0
745.08,34.74,0,0
745.21,34.73,0,0
745.33,34.73,0,0
745.45,34.74,0,0
745.57,34.73,0,0
745.69,34.74,0,0
745.82,34.74,0,0
745.94,34.74,0,0
746.06,34.74,0,0
746.18,34.74,0,0
746.3,34.74,0,0
746.43,34.74,0,0
746.55,34.75,0,0
746.67,34.74,0,0
746.79,34.74,0,0
746.91,34.75,0,0
747.04,34.75,0,0
747.16,34.75,0,0
747.28,34.75,0,0
747.4,34.75,0,0
747.53,34.75,0,0
747.65,34.75,0,0
747.77,34.75,0,0
747.89,34.75,0,0
748.02,34.75,0,0
748.14,34.75,0,0
748.26,34.75,0,0
748.38,34.76,0,0
748.5,34.76,0,0
748.63,34.76,0,0
748.75,34.76,0,0
748.87,34.76,0,0
748.99,34.76,0,0
749.11,34.76,0,0
749.24,34.77,0,0
749.36,34.77,0,0
749.48,34.77,0,0
749.6,34.77,0,0
749.72,34.77,0,0
749.85,34.77,0,0
749.97,34.77,0,0
750.09,34.77,0,0
750.21,34.77,0,0
750.34,34.77,0,0
750.46,34.77,0,0
750.58,34.78,0,0
750.7,34.78,0,0
750.83,34.77,0,0
750.95,34.78,0,0
751.07,34.78,0,0
751.19,34.78,0,0
751.31,34.78,0,0
751.44,34.78,0,0
751.56,34.78,0,0
751.68,34.78,0,0
751.8,34.78,0,0
751.92,34.78,0,0
752.05,34.78,0,0
752.17,34.79,0,0
752.29,34.79,0,0
752.41,34.79,0,0
752.53,34.79,0,0
752.66,34.79,0,0
752.78,34.79,0,0
752.9,34.79,0,0
753.02,34.79,0,0
753.15,34.8,0,0
753.27,34.79,0,0
753.39,34.8,0,0
753.51,34.8,0,0
753.63,34.8,0,0
753.76,34.8,0,0
753.88,34.8,0,0
754.0,34.8,0,0
754.12,34.8,0,0
754.25,34.81,0,0
754.37,34.81,0,0
754.49,34.81,0,0
754.61,34.81,0,0
754.73,34.81,0,0
754.85,34.81,0,0
754.98,34.81,0,0
755.1,34.81,0,0
755.22,34.81,0,0
755.34,34.81,0,0
755.47,34.81,0,0
755.59,34.81,0,0
755.71,34.81,0,0
755.83,34.82,0,0
755.96,34.81,0,0
756.08,34.82,0,0
756.2,34.82,0,0
756.32,34.82,0,0
756.44,34.82,0,0
756.57,34.82,0,0
756.69,34.82,0,0
756.81,34.82,0,0
756.93,34.82,0,0
757.05,34.82,0,0
757.18,34.82,0,0
757.3,34.82,0,0
757.42,34.82,0,0
757.54,34.83,0,0
757.66,34.83,0,0
757.79,34.83,0,0
757.91,34.83,0,0
758.03,34.83,0,0
758.15,34.83,0,0
758.28,34.83,0,0
758.4,34.83,0,0
758.52,34.83,0,0
758.64,34.84,0,0
758.77,34.84,0,0
758.89,34.84,0,0
759.01,34.83,0,0
759.13,34.84,0,0
759.25,34.83,0,0
759.38,34.84,0,0
759.5,34.84,0,0
759.62,34.84,0,0
759.74,34.84,0,0
759.86,34.84,0,0
759.99,34.84,0,0
760.11,34.84,0,0
760.23,34.84,0,0
760.35,34.85,0,0
760.47,34.85,0,0
760.6,34.85,0,0
760.72,34.85,0,0
760.84,34.85,0,0
760.96,34.85,0,0
761.09,34.85,0,0
761.21,34.84,0,0
761.33,34.85,0,0
761.45,34.85,0,0
761.57,34.85,0,0
761.7,34.85,0,0
761.82,34.85,0,0
761.94,34.85,0,0
762.06,34.86,0,0
762.19,34.86,0,0
762.31,34.86,0,0
762.43,34.86,0,0
762.55,34.86,0,0
762.67,34.86,0,0
762.8,34.86,0,0
762.92,34.86,0,0
763.04,34.86,0,0
763.16,34.87,0,0
763.28,34.87,0,0
763.41,34.87,0,0
763.53,34.86,0,0
763.65,34.87,0,0
763.77,34.87,0,0
763.9,34.87,0,0
764.02,34.87,0,0
764.14,34.87,0,0
764.26,34.87,0,0
764.38,34.87,0,0
764.51,34.88,0,0
764.63,34.87,0,0
764.75,34.87,0,0
764.87,34.87,0,0
765.0,34.88,0,0
765.12,34.88,0,0
765.24,34.88,0,0
765.36,34.87,0,0
765.48,34.88,0,0
765.6,34.88,0,0
765.73,34.89,0,0
765.85,34.88,0,0
765.97,34.88,0,0
766.09,34.88,0,0
766.22,34.88,0,0
766.34,34.89,0,0
766.46,34.88,0,0
766.58,34.89,0,0
766.71,34.89,0,0
766.83,34.89,0,0
766.95,34.89,0,0
767.07,34.89,0,0
767.19,34.89,0,0
767.32,34.89,0,0
767.44,34.89,0,0
767.56,34.89,0,0
767.68,34.9,0,0
767.8,34.89,0,0
767.93,34.89,0,0
768.05,34.9,0,0
768.17,34.9,0,0
768.29,34.9,0,0
768.41,34.9,0,0
768.54,34.9,0,0
768.66,34.9,0,0
768.78,34.9,0,0
768.9,34.9,0,0
769.03,34.9,0,0
769.15,34.9,0,0
769.27,34.91,0,0
769.39,34.91,0,0
769.51,34.9,0,0
769.64,34.9,0,0
769.76,34.91,0,0
769.88,34.91,0,0
770.0,34.91,0,0
770.13,34.91,0,0
770.25,34.91,0,0
770.37,34.91,0,0
770.49,34.91,0,0
770.61,34.91,0,0
770.74,34.91,0,0
770.86,34.92,0,0
770.98,34.91,0,0
771.1,34.92,0,0
771.22,34.92,0,0
771.35,34.92,0,0
771.47,34.92,0,0
771.59,34.91,0,0
771.71,34.92,0,0
771.84,34.92,0,0
771.96,34.92,0,0
772.08,34.92,0,0
772.2,34.92,0,0
772.32,34.93,0,0
772.45,34.93,0,0
772.57,34.93,0,0
772.69,34.93,0,0
772.81,34.93,0,0
772.94,34.93,0,0
773.06,34.93,0,0
773.18,34.93,0,0
773.3,34.93,0,0
773.42,34.93,0,0
773.54,34.93,0,0
773.67,34.93,0,0
773.79,34.93,0,0
773.91,34.94,0,0
774.03,34.94,0,0
774.16,34.94,0,0
774.28,34.93,0,0
774.4,34.94,0,0
774.52,34.94,0,0
774.65,34.94,0,0
774.77,34.94,0,0
774.89,34.94,0,0
775.01,34.94,0,0
775.13,34.94,0,0
775.26,34.94,0,0
775.38,34.95,0,0
775.5,34.94,0,0
775.62,34.95,0,0
775.74,34.95,0,0
775.87,34.95,0,0
775.99,34.95,0,0
776.11,34.95,0,0
776.23,34.95,0,0
776.35,34.95,0,0
776.48,34.95,0,0
776.6,34.96,0,0
776.72,34.95,0,0
776.84,34.95,0,0
776.97,34.95,0,0
777.09,34.95,0,0
777.21,34.96,0,0
777.33,34.96,0,0
777.46,34.96,0,0
777.58,34.96,0,0
777.7,34.96,0,0
777.82,34.96,0,0
777.94,34.96,0,0
778.07,34.96,0,0
778.19,34.96,0,0
778.31,34.97,0,0
778.43,34.96,0,0
778.55,34.97,0,0
778.68,34.96,0,0
778.8,34.97,0,0
778.92,34.97,0,0
779.04,34.97,0,0
779.16,34.97,0,0
779.29,34.96,0,0
779.41,34.97,0,0
779.53,34.97,0,0
779.65,34.97,0,0
779.78,34.97,0,0
779.9,34.98,0,0
780.02,34.97,0,0
780.14,34.98,0,0
780.26,34.97,0,0
780.39,34.97,0,0
780.51,34.98,0,0
780.63,34.98,0,0
780.75,34.98,0,0
780.88,34.98,0,0
781.0,34.97,0,0
781.12,34.98,0,0
781.24,34.98,0,0
781.36,34.98,0,0
781.49,34.98,0,0
781.61,34.98,0,0
781.73,34.98,0,0
781.85,34.98,0,0
781.97,34.98,0,0
782.1,34.99,0,0
782.22,34.98,0,0
782.34,34.99,0,0
782.46,34.99,0,0
782.59,34.99,0,0
782.71,34.99,0,0
782.83,34.99,0,0
782.95,34.99,0,0
783.07,34.99,0,0
783.2,34.99,0,0
783.32,34.99,0,0
783.44,34.99,0,0
783.56,34.99,0,0
783.69,34.99,0,0
783.81,34.99,0,0
783.93,34.99,0,0
784.05,34.99,0,0
784.17,35.0,0,0
784.29,35.0,0,0
784.42,34.99,0,0
784.54,35.0,0,0
784.66,35.0,0,0
784.78,34.99,0,0
784.91,35.0,0,0
785.03,35.0,0,0
785.15,35.0,0,0
785.27,35.0,0,0
785.4,35.0,0,0
785.52,35.0,0,0
785.64,35.0,0,0
785.76,35.0,0,0
785.88,35.0,0,0
786.01,35.0,0,0
786.13,35.0,0,0
786.25,35.01,0,0
786.37,35.0,0,0
786.49,35.0,0,0
786.62,35.01,0,0
786.74,35.0,0,0
786.86,35.0,0,0
786.98,35.01,0,0
787.1,35.01,0,0
787.23,35.0,0,0
787.35,35.01,0,0
787.47,35.01,0,0
787.59,35.01,0,0
787.72,35.01,0,0
787.84,35.01,0,0
787.96,35.01,0,0
788.08,35.01,0,0
788.2,35.01,0,0
788.33,35.02,0,0
788.45,35.01,0,0
788.57,35.01,0,0
788.69,35.01,0,0
788.82,35.02,0,0
788.94,35.02,0,0
789.06,35.01,0,0
789.18,35.02,0,0
789.3,35.02,0,0
789.43,35.02,0,0
789.55,35.02,0,0
789.67,35.02,0,0
789.79,35.02,0,0
789.91,35.02,0,0
790.04,35.02,0,0
790.16,35.02,0,0
790.28,35.02,0,0
790.4,35.02,0,0
790.53,35.02,0,0
790.65,35.03,0,0
790.77,35.03,0,0
790.89,35.02,0,0
791.01,35.02,0,0
791.14,35.02,0,0
791.26,35.02,0,0
791.38,35.02,0,0
791.5,35.03,0,0
791.63,35.03,0,0
791.75,35.03,0,0
791.87,35.02,0,0
791.99,35.03,0,0
792.11,35.03,0,0
792.24,35.03,0,0
792.36,35.03,0,0
792.48,35.03,0,0
792.6,35.03,0,0
792.72,35.03,0,0
792.85,35.03,0,0
792.97,35.03,0,0
793.09,35.03,0,0
793.21,35.03,0,0
793.34,35.03,0,0
793.46,35.03,0,0
793.58,35.03,0,0
793.7,35.03,0,0
793.82,35.03,0,0
793.95,35.04,0,0
794.07,35.04,0,0
794.19,35.04,0,0
794.31,35.04,0,0
794.43,35.04,0,0
794.56,35.04,0,0
794.68,35.04,0,0
794.8,35.03,0,0
794.92,35.04,0,0
795.04,35.04,0,0
795.17,35.04,0,0
795.29,35.04,0,0
795.41,35.05,0,0
795.53,35.05,0,0
795.66,35.04,0,0
795.78,35.04,0,0
795.9,35.04,0,0
796.02,35.04,0,0
796.15,35.04,0,0
796.27,35.04,0,0
796.39,35.04,0,0
796.51,35.04,0,0
796.63,35.04,0,0
796.76,35.04,0,0
796.88,35.04,0,0
797.0,35.05,0,0
797.12,35.05,0,0
797.24,35.04,0,0
797.37,35.05,0,0
797.49,35.05,0,0
797.61,35.05,0,0
797.73,35.04,0,0
797.85,35.04,0,0
797.98,35.05,0,0
798.1,35.05,0,0
798.22,35.05,0,0
798.34,35.05,0,0
798.47,35.05,0,0
798.59,35.05,0,0
798.71,35.05,0,0
798.83,35.05,0,0
798.95,35.05,0,0
799.08,35.05,0,0
799.2,35.05,0,0
799.32,35.05,0,0
799.44,35.05,0,0
799.57,35.06,0,0
799.69,35.05,0,0
799.81,35.05,0,0
799.93,35.05,0,0
800.05,35.05,0,0
800.18,35.05,0,0
800.3,35.06,0,0
800.42,35.05,0,0
800.54,35.05,0,0
800.66,35.05,0,0
800.79,35.05,0,0
800.91,35.05,0,0
801.03,35.05,0,0
801.15,35.05,0,0
801.28,35.05,0,0
801.4,35.05,0,0
801.52,35.05,0,0
801.64,35.05,0,0
801.76,35.06,0,0
801.89,35.05,0,0
802.01,35.05,0,0
802.13,35.06,0,0
802.25,35.05,0,0
802.38,35.05,0,0
802.5,35.06,0,0
802.62,35.06,0,0
802.74,35.06,0,0
802.86,35.06,0,0
802.98,35.05,0,0
803.11,35.05,0,0
803.23,35.06,0,0
803.35,35.05,0,0
803.47,35.06,0,0
803.6,35.06,0,0
803.72,35.06,0,0
803.84,35.06,0,0
803.96,35.06,0,0
804.09,35.06,0,0
804.21,35.06,0,0
804.33,35.06,0,0
804.45,35.06,0,0
804.57,35.06,0,0
804.7,35.06,0,0
804.82,35.06,0,0
804.94,35.06,0,0
805.06,35.06,0,0
805.18,35.06,0,0
805.31,35.06,0,0
805.43,35.06,0,0
805.55,35.06,0,0
805.67,35.07,0,0
805.79,35.06,0,0
805.92,35.07,0,0
806.04,35.07,0,0
806.16,35.07,0,0
806.28,35.07,0,0
806.41,35.07,0,0
806.53,35.07,0,0
806.65,35.07,0,0
806.77,35.07,0,0
806.89,35.06,0,0
807.02,35.07,0,0
807.14,35.07,0,0
807.26,35.07,0,0
807.38,35.07,0,0
807.51,35.07,0,0
807.63,35.07,0,0
807.75,35.08,0,0
807.87,35.07,0,0
807.99,35.07,0,0
808.12,35.07,0,0
808.24,35.07,0,0
808.36,35.07,0,0
808.48,35.07,0,0
808.6,35.07,0,0
808.73,35.07,0,0
808.85,35.08,0,0
808.97,35.08,0,0
809.09,35.07,0,0
809.22,35.07,0,0
809.34,35.08,0,0
809.46,35.07,0,0
809.58,35.08,0,0
809.7,35.08,0,0
809.83,35.08,0,0
809.95,35.08,0,0
810.07,35.08,0,0
810.19,35.08,0,0
810.32,35.08,0,0
810.44,35.08,0,0
810.56,35.08,0,0
810.68,35.08,0,0
810.8,35.08,0,0
810.93,35.08,0,0
811.05,35.08,0,0
811.17,35.09,0,0
811.29,35.08,0,0
811.41,35.09,0,0
811.54,35.08,0,0
811.66,35.08,0,0
811.78,35.09,0,0
811.9,35.08,0,0
812.03,35.09,0,0
812.15,35.09,0,0
812.27,35.09,0,0
812.39,35.09,0,0
812.51,35.09,0,0
812.64,35.09,0,0
812.76,35.09,0,0
812.88,35.08,0,0
813.0,35.09,0,0
813.12,35.09,0,0
813.25,35.09,0,0
813.37,35.1,0,0
813.49,35.09,0,0
813.61,35.09,0,0
813.73,35.09,0,0
813.86,35.09,0,0
813.98,35.09,0,0
814.1,35.09,0,0
814.22,35.1,0,0
814.35,35.1,0,0
814.47,35.09,0,0
814.59,35.1,0,0
814.71,35.09,0,0
814.84,35.1,0,0
814.96,35.1,0,0
815.08,35.09,0,0
815.2,35.1,0,0
815.32,35.1,0,0
815.45,35.09,0,0
815.57,35.1,0,0
815.69,35.1,0,0
815.81,35.1,0,0
815.93,35.1,0,0
816.06,35.1,0,0
816.18,35.1,0,0
816.3,35.1,0,0
816.42,35.1,0,0
816.54,35.09,0,0
816.67,35.1,0,0
816.79,35.1,0,0
816.91,35.1,0,0
817.03,35.1,0,0
817.16,35.1,0,0
817.28,35.1,0,0
817.4,35.1,0,0
817.52,35.1,0,0
817.64,35.1,0,0
817.77,35.1,0,0
817.89,35.1,0,0
818.01,35.1,0,0
818.13,35.1,0,0
818.26,35.1,0,0
818.38,35.1,0,0
818.5,35.1,0,0
818.62,35.1,0,0
818.74,35.1,0,0
818.87,35.1,0,0
818.99,35.1,0,0
819.11,35.1,0,0
819.23,35.1,0,0
819.35,35.1,0,0
819.48,35.1,0,0
819.6,35.1,0,0
819.72,35.1,0,0
819.84,35.1,0,0
819.97,35.1,0,0
820.09,35.1,0,0
820.21,35.1,0,0
820.33,35.11,0,0
820.45,35.11,0,0
820.58,35.1,0,0
820.7,35.11,0,0
820.82,35.1,0,0
820.94,35.11,0,0
821.07,35.1,0,0
821.19,35.11,0,0
821.31,35.11,0,0
821.43,35.1,0,0
821.55,35.11,0,0
821.68,35.1,0,0
821.8,35.1,0,0
821.92,35.11,0,0
822.04,35.11,0,0
822.16,35.11,0,0
822.29,35.11,0,0
822.41,35.11,0,0
822.53,35.11,0,0
822.65,35.11,0,0
822.78,35.11,0,0
822.9,35.11,0,0
823.02,35.11,0,0
823.14,35.11,0,0
823.26,35.11,0,0
823.39,35.11,0,0
823.51,35.11,0,0
823.63,35.11,0,0
823.75,35.11,0,0
823.87,35.11,0,0
824.0,35.11,0,0
824.12,35.11,0,0
824.24,35.11,0,0
824.36,35.11,0,0
824.48,35.11,0,0
824.61,35.11,0,0
824.73,35.12,0,0
824.85,35.11,0,0
824.97,35.11,0,0
825.1,35.11,0,0
825.22,35.11,0,0
825.34,35.11,0,0
825.46,35.11,0,0
825.58,35.11,0,0
825.71,35.12,0,0
825.83,35.12,0,0
825.95,35.12,0,0
826.07,35.12,0,0
826.2,35.12,0,0
826.32,35.12,0,0
826.44,35.12,0,0
826.56,35.12,0,0
826.68,35.11,0,0
826.81,35.12,0,0
826.93,35.12,0,0
827.05,35.12,0,0
827.17,35.12,0,0
827.29,35.12,0,0
827.42,35.12,0,0
827.54,35.12,0,0
827.66,35.12,0,0
827.78,35.12,0,0
827.91,35.12,0,0
828.03,35.12,0,0
828.15,35.12,0,0
828.27,35.12,0,0
828.39,35.12,0,0
828.52,35.12,0,0
828.64,35.12,0,0
828.76,35.12,0,0
828.88,35.12,0,0
829.01,35.12,0,0
829.13,35.13,0,0
829.25,35.12,0,0
829.37,35.13,0,0
829.49,35.13,0,0
829.62,35.12,0,0
829.74,35.13,0,0
829.86,35.13,0,0
829.98,35.13,0,0
830.1,35.13,0,0
830.23,35.12,0,0
830.35,35.13,0,0
830.47,35.13,0,0
830.59,35.12,0,0
830.72,35.13,0,0
830.84,35.12,0,0
830.96,35.13,0,0
831.08,35.13,0,0
831.2,35.13,0,0
831.33,35.13,0,0
831.45,35.13,0,0
831.57,35.13,0,0
831.69,35.13,0,0
831.81,35.13,0,0
831.94,35.13,0,0
832.06,35.13,0,0
832.18,35.13,0,0
832.3,35.13,0,0
832.42,35.13,0,0
832.55,35.13,0,0
832.67,35.13,0,0
832.79,35.13,0,0
832.91,35.13,0,0
833.04,35.13,0,0
833.16,35.13,0,0
833.28,35.13,0,0
833.4,35.13,0,0
833.53,35.13,0,0
833.65,35.13,0,0
833.77,35.13,0,0
833.89,35.13,0,0
834.01,35.13,0,0
834.14,35.13,0,0
834.26,35.13,0,0
834.38,35.13,0,0
834.5,35.13,0,0
834.62,35.14,0,0
834.75,35.13,0,0
834.87,35.13,0,0
834.99,35.14,0,0
835.11,35.13,0,0
835.23,35.13,0,0
835.36,35.13,0,0
835.48,35.13,0,0
835.6,35.14,0,0
835.72,35.14,0,0
835.85,35.13,0,0
835.97,35.13,0,0
836.09,35.13,0,0
836.21,35.13,0,0
836.33,35.14,0,0
836.46,35.14,0,0
836.58,35.14,0,0
836.7,35.14,0,0
836.82,35.13,0,0
836.95,35.14,0,0
837.07,35.14,0,0
837.19,35.13,0,0
837.31,35.14,0,0
837.43,35.14,0,0
837.56,35.14,0,0
837.68,35.14,0,0
837.8,35.14,0,0
837.92,35.14,0,0
838.04,35.14,0,0
838.17,35.14,0,0
838.29,35.14,0,0
838.41,35.14,0,0
838.53,35.14,0,0
838.66,35.14,0,0
838.78,35.14,0,0
838.9,35.14,0,0
839.02,35.14,0,0
839.14,35.14,0,0
839.27,35.14,0,0
839.39,35.14,0,0
839.51,35.14,0,0
839.63,35.14,0,0
839.76,35.14,0,0
839.88,35.14,0,0
840.0,35.14,0,0
840.12,35.14,0,0
840.24,35.14,0,0
840.37,35.14,0,0
840.49,35.14,0,0
840.61,35.14,0,0
840.73,35.14,0,0
840.85,35.14,0,0
840.98,35.14,0,0
841.1,35.14,0,0
841.22,35.14,0,0
841.34,35.14,0,0
841.47,35.14,0,0
841.59,35.14,0,0
841.71,35.14,0,0
841.83,35.14,0,0
841.95,35.14,0,0
842.08,35.14,0,0
842.2,35.14,0,0
842.32,35.14,0,0
842.44,35.15,0,0
842.56,35.14,0,0
842.69,35.14,0,0
842.81,35.14,0,0
842.93,35.14,0,0
843.05,35.15,0,0
843.17,35.14,0,0
843.3,35.14,0,0
843.42,35.14,0,0
843.54,35.14,0,0
843.66,35.14,0,0
843.79,35.14,0,0
843.91,35.14,0,0
844.03,35.15,0,0
844.15,35.14,0,0
844.27,35.14,0,0
844.4,35.14,0,0
844.52,35.15,0,0
844.64,35.14,0,0
844.76,35.15,0,0
844.89,35.15,0,0
845.01,35.15,0,0
845.13,35.14,0,0
845.25,35.15,0,0
845.37,35.15,0,0
845.5,35.14,0,0
845.62,35.14,0,0
845.74,35.14,0,0
845.86,35.15,0,0
845.98,35.15,0,0
846.11,35.15,0,0
846.23,35.15,0,0
846.35,35.14,0,0
846.47,35.15,0,0
846.6,35.15,0,0
846.72,35.15,0,0
846.84,35.15,0,0
846.96,35.15,0,0
847.08,35.15,0,0
847.21,35.15,0,0
847.33,35.15,0,0
847.45,35.15,0,0
847.57,35.15,0,0
847.7,35.14,0,0
847.82,35.15,0,0
847.94,35.15,0,0
848.06,35.15,0,0
848.18,35.15,0,0
848.31,35.15,0,0
848.43,35.15,0,0
848.55,35.15,0,0
848.67,35.15,0,0
848.79,35.15,0,0
848.92,35.15,0,0
849.04,35.15,0,0
849.16,35.15,0,0
849.28,35.15,0,0
849.41,35.15,0,0
849.53,35.15,0,0
849.65,35.15,0,0
849.77,35.15,0,0
849.89,35.15,0,0
850.02,35.15,0,0
850.14,35.15,0,0
850.26,35.15,0,0
850.38,35.15,0,0
850.5,35.14,0,0
850.63,35.15,0,0
850.75,35.15,0,0
850.87,35.15,0,0
850.99,35.15,0,0
851.12,35.15,0,0
851.24,35.15,0,0
851.36,35.15,0,0
851.48,35.15,0,0
851.6,35.15,0,0
851.73,35.15,0,0
851.85,35.15,0,0
851.97,35.15,0,0
852.09,35.15,0,0
852.22,35.15,0,0
852.34,35.15,0,0
852.46,35.15,0,0
852.58,35.15,0,0
852.7,35.15,0,0
852.83,35.15,0,0
852.95,35.15,0,0
853.07,35.14,0,0
853.19,35.15,0,0
853.31,35.15,0,0
853.44,35.15,0,0
853.56,35.15,0,0
853.68,35.15,0,0
853.8,35.15,0,0
853.92,35.15,0,0
854.05,35.15,0,0
854.17,35.15,0,0
854.29,35.15,0,0
854.41,35.15,0,0
854.54,35.15,0,0
854.66,35.15,0,0
854.78,35.15,0,0
854.9,35.15,0,0
855.02,35.15,0,0
855.15,35.15,0,0
855.27,35.14,0,0
855.39,35.15,0,0
855.51,35.15,0,0
855.64,35.15,0,0
855.76,35.15,0,0
855.88,35.15,0,0
856.0,35.15,0,0
856.12,35.15,0,0
856.25,35.15,0,0
856.37,35.15,0,0
856.49,35.15,0,0
856.61,35.15,0,0
856.73,35.15,0,0
856.86,35.15,0,0
856.98,35.15,0,0
857.1,35.15,0,0
857.22,35.15,0,0
857.35,35.15,0,0
857.47,35.15,0,0
857.59,35.15,0,0
857.71,35.15,0,0
857.83,35.15,0,0
857.96,35.15,0,0
858.08,35.15,0,0
858.2,35.15,0,0
858.32,35.15,0,0
858.45,35.15,0,0
858.57,35.15,0,0
858.69,35.15,0,0
858.81,35.15,0,0
858.93,35.15,0,0
859.06,35.15,0,0
859.18,35.15,0,0
859.3,35.15,0,0
859.42,35.15,0,0
859.54,35.15,0,0
859.67,35.15,0,0
859.79,35.15,0,0
859.91,35.15,0,0
860.03,35.15,0,0
860.16,35.15,0,0
860.28,35.16,0,0
860.4,35.15,0,0
860.52,35.15,0,0
860.64,35.15,0,0
860.77,35.15,0,0
860.89,35.15,0,0
861.01,35.15,0,0
861.13,35.16,0,0
861.25,35.15,0,0
861.38,35.15,0,0
861.5,35.15,0,0
861.62,35.15,0,0
861.74,35.15,0,0
861.86,35.15,0,0
861.99,35.15,0,0
862.11,35.15,0,0
862.23,35.16,0,0
862.35,35.15,0,0
862.48,35.15,0,0
862.6,35.16,0,0
862.72,35.16,0,0
862.84,35.16,0,0
862.96,35.16,0,0
863.09,35.15,0,0
863.21,35.15,0,0
863.33,35.16,0,0
863.45,35.15,0,0
863.58,35.15,0,0
863.7,35.16,0,0
863.82,35.16,0,0
863.94,35.15,0,0
864.06,35.15,0,0
864.19,35.15,0,0
864.31,35.16,0,0
864.43,35.15,0,0
864.55,35.16,0,0
864.67,35.15,0,0
864.8,35.15,0,0
864.92,35.16,0,0
865.04,35.15,0,0
865.16,35.16,0,0
865.29,35.15,0,0
865.41,35.16,0,0
865.53,35.16,0,0
865.65,35.15,0,0
865.77,35.16,0,0
865.9,35.15,0,0
866.02,35.15,0,0
866.14,35.16,0,0
866.26,35.15,0,0
866.39,35.15,0,0
866.51,35.16,0,0
866.63,35.16,0,0
866.75,35.16,0,0
866.87,35.15,0,0
867.0,35.16,0,0
867.12,35.16,0,0
867.24,35.15,0,0
867.36,35.16,0,0
867.48,35.15,0,0
867.61,35.16,0,0
867.73,35.16,0,0
867.85,35.16,0,0
867.97,35.15,0,0
868.1,35.16,0,0
868.22,35.16,0,0
868.34,35.16,0,0
868.46,35.16,0,0
868.58,35.16,0,0
868.71,35.16,0,0
868.83,35.16,0,0
868.95,35.16,0,0
869.07,35.16,0,0
869.19,35.16,0,0
869.32,35.16,0,0
869.44,35.15,0,0
869.56,35.16,0,0
869.68,35.16,0,0
869.81,35.16,0,0
869.93,35.15,0,0
870.05,35.16,0,0
870.17,35.16,0,0
870.29,35.16,0,0
870.42,35.16,0,0
870.54,35.15,0,0
870.66,35.16,0,0
870.78,35.16,0,0
870.91,35.16,0,0
871.03,35.16,0,0
871.15,35.16,0,0
871.27,35.16,0,0
871.39,35.16,0,0
871.52,35.16,0,0
871.64,35.16,0,0
871.76,35.16,0,0
871.88,35.16,0,0
872.0,35.16,0,0
872.13,35.16,0,0
872.25,35.16,0,0
872.37,35.16,0,0
872.49,35.16,0,0
872.61,35.16,0,0
872.74,35.16,0,0
872.86,35.16,0,0
872.98,35.16,0,0
873.1,35.16,0,0
873.23,35.16,0,0
873.35,35.16,0,0
873.47,35.16,0,0
873.59,35.16,0,0
873.71,35.16,0,0
873.84,35.16,0,0
873.96,35.17,0,0
874.08,35.16,0,0
874.2,35.16,0,0
874.33,35.16,0,0
874.45,35.16,0,0
874.57,35.16,0,0
874.69,35.16,0,0
874.81,35.16,0,0
874.94,35.16,0,0
875.06,35.16,0,0
875.18,35.16,0,0
875.3,35.16,0,0
875.42,35.16,0,0
875.55,35.16,0,0
875.67,35.16,0,0
875.79,35.16,0,0
875.91,35.16,0,0
876.04,35.16,0,0
876.16,35.16,0,0
876.28,35.16,0,0
876.4,35.16,0,0
876.52,35.17,0,0
876.65,35.16,0,0
876.77,35.16,0,0
876.89,35.16,0,0
877.01,35.17,0,0
877.14,35.16,0,0
877.26,35.16,0,0
877.38,35.16,0,0
877.5,35.16,0,0
877.62,35.17,0,0
877.75,35.16,0,0
877.87,35.17,0,0
877.99,35.17,0,0
878.11,35.16,0,0
878.23,35.17,0,0
878.36,35.17,0,0
878.48,35.16,0,0
878.6,35.16,0,0
878.72,35.16,0,0
878.84,35.17,0,0
878.97,35.16,0,0
879.09,35.16,0,0
879.21,35.16,0,0
879.33,35.17,0,0
879.46,35.17,0,0
879.58,35.16,0,0
879.7,35.16,0,0
879.82,35.17,0,0
879.94,35.16,0,0
880.07,35.16,0,0
880.19,35.16,0,0
880.31,35.16,0,0
880.43,35.16,0,0
880.56,35.16,0,0
880.68,35.17,0,0
880.8,35.16,0,0
880.92,35.17,0,0
881.04,35.16,0,0
881.17,35.17,0,0
881.29,35.17,0,0
881.41,35.17,0,0
881.53,35.17,0,0
881.65,35.16,0,0
881.78,35.16,0,0
881.9,35.16,0,0
882.02,35.16,0,0
882.14,35.17,0,0
882.27,35.17,0,0
882.39,35.16,0,0
882.51,35.16,0,0
882.63,35.16,0,0
882.75,35.16,0,0
882.88,35.16,0,0
883.0,35.16,0,0
883.12,35.16,0,0
883.24,35.17,0,0
883.36,35.16,0,0
883.49,35.16,0,0
883.61,35.16,0,0
883.73,35.16,0,0
883.85,35.16,0,0
883.98,35.16,0,0
884.1,35.17,0,0
884.22,35.17,0,0
884.34,35.16,0,0
884.46,35.17,0,0
884.59,35.17,0,0
884.71,35.16,0,0
884.83,35.17,0,0
884.95,35.17,0,0
885.08,35.16,0,0
885.2,35.16,0,0
885.32,35.17,0,0
885.44,35.17,0,0
885.56,35.17,0,0
885.69,35.16,0,0
885.81,35.17,0,0
885.93,35.17,0,0
886.05,35.16,0,0
886.17,35.16,0,0
886.3,35.17,0,0
886.42,35.17,0,0
886.54,35.16,0,0
886.66,35.17,0,0
886.79,35.16,0,0
886.91,35.17,0,0
887.03,35.17,0,0
887.15,35.17,0,0
887.27,35.17,0,0
887.4,35.16,0,0
887.52,35.17,0,0
887.64,35.17,0,0
887.76,35.16,0,0
887.88,35.17,0,0
888.01,35.17,0,0
888.13,35.17,0,0
888.25,35.17,0,0
888.37,35.17,0,0
888.5,35.16,0,0
888.62,35.17,0,0
888.74,35.17,0,0
888.86,35.17,0,0
888.98,35.17,0,0
889.11,35.17,0,0
889.23,35.17,0,0
889.35,35.17,0,0
889.47,35.17,0,0
889.59,35.17,0,0
889.72,35.17,0,0
889.84,35.17,0,0
889.96,35.17,0,0
890.08,35.16,0,0
890.21,35.17,0,0
890.33,35.17,0,0
890.45,35.17,0,0
890.57,35.17,0,0
890.69,35.17,0,0
890.82,35.17,0,0
890.94,35.17,0,0
891.06,35.17,0,0
891.18,35.17,0,0
891.3,35.17,0,0
891.43,35.17,0,0
891.55,35.17,0,0
891.67,35.17,0,0
891.79,35.17,0,0
891.92,35.17,0,0
892.04,35.17,0,0
892.16,35.16,0,0
892.28,35.17,0,0
892.4,35.17,0,0
892.53,35.17,0,0
892.65,35.17,0,0
892.77,35.17,0,0
892.89,35.17,0,0
893.02,35.17,0,0
893.14,35.17,0,0
893.26,35.17,0,0
893.38,35.17,0,0
893.5,35.17,0,0
893.63,35.17,0,0
893.75,35.17,0,0
893.87,35.17,0,0
893.99,35.17,0,0
894.11,35.17,0,0
894.24,35.17,0,0
894.36,35.17,0,0
894.48,35.17,0,0
894.6,35.17,0,0
894.73,35.17,0,0
894.85,35.17,0,0
894.97,35.17,0,0
895.09,35.17,0,0
895.21,35.17,0,0
895.34,35.17,0,0
895.46,35.17,0,0
895.58,35.17,0,0
895.7,35.17,0,0
895.83,35.17,0,0
895.95,35.17,0,0
896.07,35.17,0,0
896.19,35.17,0,0
896.31,35.17,0,0
896.44,35.17,0,0
896.56,35.18,0,0
896.68,35.17,0,0
896.8,35.17,0,0
896.92,35.17,0,0
897.05,35.17,0,0
897.17,35.17,0,0
897.29,35.17,0,0
897.41,35.17,0,0
897.54,35.17,0,0
897.66,35.17,0,0
897.78,35.17,0,0
897.9,35.17,0,0
898.02,35.18,0,0
898.15,35.17,0,0
898.27,35.18,0,0
898.39,35.17,0,0
898.51,35.17,0,0
898.63,35.17,0,0
898.76,35.17,0,0
898.88,35.18,0,0
899.0,35.17,0,0
899.12,35.17,0,0
899.25,35.17,0,0
899.37,35.18,0,0
899.49,35.17,0,0
899.61,35.17,0,0
899.73,35.17,0,0
899.86,35.17,0,0
899.98,35.18,0,0
900.1,35.18,0,0
900.22,35.18,0,0
900.34,35.17,0,0
900.47,35.17,0,0
900.59,35.17,0,0
900.71,35.18,0,0
900.83,35.17,0,0
900.96,35.17,0,0
901.08,35.18,0,0
901.2,35.18,0,0
901.32,35.17,0,0
901.44,35.18,0,0
901.57,35.17,0,0
901.69,35.17,0,0
901.81,35.17,0,0
901.93,35.18,0,0
902.05,35.18,0,0
902.18,35.17,0,0
902.3,35.18,0,0
902.42,35.18,0,0
902.54,35.18,0,0
902.67,35.17,0,0
902.79,35.18,0,0
902.91,35.18,0,0
903.03,35.18,0,0
903.15,35.18,0,0
903.28,35.17,0,0
903.4,35.18,0,0
903.52,35.17,0,0
903.64,35.18,0,0
903.77,35.18,0,0
903.89,35.17,0,0
904.01,35.18,0,0
904.13,35.17,0,0
904.25,35.18,0,0
904.38,35.18,0,0
904.5,35.17,0,0
904.62,35.18,0,0
904.74,35.18,0,0
904.86,35.18,0,0
904.99,35.18,0,0
905.11,35.18,0,0
905.23,35.18,0,0
905.35,35.17,0,0
905.48,35.18,0,0
905.6,35.18,0,0
905.72,35.18,0,0
905.84,35.18,0,0
905.96,35.18,0,0
906.09,35.18,0,0
906.21,35.18,0,0
906.33,35.18,0,0
906.45,35.18,0,0
906.57,35.19,0,0
906.7,35.18,0,0
906.82,35.18,0,0
906.94,35.18,0,0
907.06,35.18,0,0
907.19,35.19,0,0
907.31,35.18,0,0
907.43,35.18,0,0
907.55,35.18,0,0
907.67,35.18,0,0
907.8,35.18,0,0
907.92,35.18,0,0
908.04,35.18,0,0
908.16,35.18,0,0
908.28,35.19,0,0
908.41,35.18,0,0
908.53,35.19,0,0
908.65,35.18,0,0
908.77,35.18,0,0
908.9,35.18,0,0
909.02,35.18,0,0
909.14,35.19,0,0
909.26,35.19,0,0
909.38,35.19,0,0
909.51,35.19,0,0
909.63,35.18,0,0
909.75,35.18,0,0
909.87,35.19,0,0
910.0,35.18,0,0
910.12,35.19,0,0
910.24,35.19,0,0
910.36,35.18,0,0
910.48,35.19,0,0
910.61,35.19,0,0
910.73,35.19,0,0
910.85,35.19,0,0
910.97,35.19,0,0
911.09,35.18,0,0
911.22,35.19,0,0
911.34,35.19,0,0
911.46,35.19,0,0
911.58,35.18,0,0
911.71,35.19,0,0
911.83,35.19,0,0
911.95,35.19,0,0
912.07,35.19,0,0
912.19,35.19,0,0
912.32,35.19,0,0
912.44,35.19,0,0
912.56,35.19,0,0
912.68,35.19,0,0
912.8,35.19,0,0
912.93,35.19,0,0
913.05,35.19,0,0
913.17,35.19,0,0
913.29,35.18,0,0
913.42,35.19,0,0
913.54,35.19,0,0
913.66,35.19,0,0
913.78,35.19,0,0
913.9,35.19,0,0
914.03,35.19,0,0
914.15,35.19,0,0
914.27,35.19,0,0
914.39,35.19,0,0
914.52,35.19,0,0
914.64,35.19,0,0
914.76,35.19,0,0
914.88,35.19,0,0
915.0,35.19,0,0
915.13,35.19,0,0
915.25,35.19,0,0
915.37,35.19,0,0
915.49,35.19,0,0
915.61,35.19,0,0
915.74,35.19,0,0
915.86,35.19,0,0
915.98,35.19,0,0
916.1,35.19,0,0
916.23,35.19,0,0
916.35,35.19,0,0
916.47,35.19,0,0
916.59,35.19,0,0
916.71,35.19,0,0
916.84,35.19,0,0
916.96,35.19,0,0
917.08,35.19,0,0
917.2,35.19,0,0
917.32,35.19,0,0
917.45,35.19,0,0
917.57,35.19,0,0
917.69,35.19,0,0
917.81,35.19,0,0
917.94,35.19,0,0
918.06,35.19,0,0
918.18,35.19,0,0
918.3,35.19,0,0
918.42,35.19,0,0
918.55,35.19,0,0
918.67,35.19,0,0
918.79,35.19,0,0
918.91,35.2,0,0
919.03,35.19,0,0
919.16,35.19,0,0
919.28,35.19,0,0
919.4,35.19,0,0
919.52,35.19,0,0
919.65,35.19,0,0
919.77,35.19,0,0
919.89,35.19,0,0
920.01,35.2,0,0
920.13,35.19,0,0
920.26,35.19,0,0
920.38,35.19,0,0
920.5,35.19,0,0
920.62,35.19,0,0
920.75,35.19,0,0
920.87,35.19,0,0
920.99,35.18,0,0
921.11,35.19,0,0
921.23,35.19,0,0
921.36,35.19,0,0
921.48,35.19,0,0
921.6,35.19,0,0
921.72,35.19,0,0
921.84,35.19,0,0
921.97,35.19,0,0
922.09,35.19,0,0
922.21,35.19,0,0
922.33,35.19,0,0
922.46,35.19,0,0
922.58,35.19,0,0
922.7,35.19,0,0
922.82,35.19,0,0
922.94,35.19,0,0
923.07,35.19,0,0
923.19,35.19,0,0
923.31,35.19,0,0
923.43,35.19,0,0
923.55,35.19,0,0
923.68,35.19,0,0
923.8,35.19,0,0
923.92,35.19,0,0
924.04,35.2,0,0
924.17,35.19,0,0
924.29,35.19,0,0
924.41,35.19,0,0
924.53,35.19,0,0
924.65,35.19,0,0
924.78,35.19,0,0
924.9,35.19,0,0
925.02,35.19,0,0
925.14,35.19,0,0
925.26,35.19,0,0
925.39,35.19,0,0
925.51,35.2,0,0
925.63,35.2,0,0
925.75,35.19,0,0
925.88,35.19,0,0
926.0,35.19,0,0
926.12,35.2,0,0
926.24,35.19,0,0
926.36,35.19,0,0
926.49,35.2,0,0
926.61,35.2,0,0
926.73,35.2,0,0
926.85,35.2,0,0
926.98,35.19,0,0
927.1,35.2,0,0
927.22,35.2,0,0
927.34,35.19,0,0
927.46,35.19,0,0
927.59,35.2,0,0
927.71,35.19,0,0
927.83,35.19,0,0
927.95,35.2,0,0
928.07,35.19,0,0
928.2,35.19,0,0
928.32,35.19,0,0
928.44,35.2,0,0
928.56,35.19,0,0
928.69,35.2,0,0
928.81,35.2,0,0
928.93,35.2,0,0
929.05,35.19,0,0
929.17,35.19,0,0
929.3,35.2,0,0
929.42,35.2,0,0
929.54,35.2,0,0
929.66,35.2,0,0
929.78,35.2,0,0
929.91,35.2,0,0
930.03,35.19,0,0
930.15,35.2,0,0
930.27,35.2,0,0
930.4,35.2,0,0
930.52,35.19,0,0
930.64,35.2,0,0
930.76,35.2,0,0
930.88,35.2,0,0
931.01,35.2,0,0
931.13,35.2,0,0
931.25,35.2,0,0
931.37,35.2,0,0
931.49,35.2,0,0
931.62,35.2,0,0
931.74,35.2,0,0
931.86,35.2,0,0
931.98,35.2,0,0
932.11,35.2,0,0
932.23,35.2,0,0
932.35,35.2,0,0
932.47,35.2,0,0
932.59,35.2,0,0
932.72,35.2,0,0
932.84,35.2,0,0
932.96,35.2,0,0
933.08,35.2,0,0
933.21,35.2,0,0
933.33,35.2,0,0
933.45,35.2,0,0
933.57,35.2,0,0
933.69,35.2,0,0
933.82,35.2,0,0
933.94,35.2,0,0
934.06,35.2,0,0
934.18,35.21,0,0
934.3,35.2,0,0
934.43,35.2,0,0
934.55,35.2,0,0
934.67,35.2,0,0
934.79,35.21,0,0
934.92,35.21,0,0
935.04,35.21,0,0
935.16,35.21,0,0
935.28,35.21,0,0
935.4,35.21,0,0
935.53,35.21,0,0
935.65,35.21,0,0
935.77,35.21,0,0
935.89,35.21,0,0
936.01,35.21,0,0
936.14,35.21,0,0
936.26,35.21,0,0
936.38,35.21,0,0
936.5,35.21,0,0
936.63,35.22,0,0
936.75,35.21,0,0
936.87,35.21,0,0
936.99,35.21,0,0
937.11,35.21,0,0
937.24,35.21,0,0
937.36,35.21,0,0
937.48,35.21,0,0
937.6,35.21,0,0
937.72,35.21,0,0
937.85,35.21,0,0
937.97,35.21,0,0
938.09,35.21,0,0
938.21,35.21,0,0
938.34,35.21,0,0
938.46,35.21,0,0
938.58,35.21,0,0
938.7,35.21,0,0
938.82,35.22,0,0
938.95,35.21,0,0
939.07,35.21,0,0
939.19,35.21,0,0
939.31,35.21,0,0
939.44,35.21,0,0
939.56,35.21,0,0
939.68,35.21,0,0
939.8,35.21,0,0
939.92,35.21,0,0
940.05,35.21,0,0
940.17,35.21,0,0
940.29,35.21,0,0
940.41,35.22,0,0
940.53,35.21,0,0
940.66,35.21,0,0
940.78,35.21,0,0
940.9,35.22,0,0
941.02,35.21,0,0
941.15,35.21,0,0
941.27,35.21,0,0
941.39,35.21,0,0
941.51,35.21,0,0
941.63,35.21,0,0
941.76,35.22,0,0
941.88,35.21,0,0
942.0,35.21,0,0
942.12,35.21,0,0
942.24,35.21,0,0
942.37,35.21,0,0
942.49,35.21,0,0
942.61,35.21,0,0
942.73,35.21,0,0
942.86,35.21,0,0
942.98,35.21,0,0
943.1,35.21,0,0
943.22,35.21,0,0
943.34,35.21,0,0
943.47,35.21,0,0
943.59,35.21,0,0
943.71,35.21,0,0
943.83,35.21,0,0
943.95,35.21,0,0
944.08,35.21,0,0
944.2,35.21,0,0
944.32,35.21,0,0
944.44,35.21,0,0
944.57,35.21,0,0
944.69,35.21,0,0
944.81,35.21,0,0
944.93,35.21,0,0
945.05,35.22,0,0
945.18,35.21,0,0
945.3,35.21,0,0
945.42,35.21,0,0
945.54,35.21,0,0
945.67,35.21,0,0
945.79,35.21,0,0
945.91,35.21,0,0
946.03,35.2,0,0
946.15,35.2,0,0
946.28,35.2,0,0
946.4,35.2,0,0
946.52,35.2,0,0
946.64,35.2,0,0
946.76,35.2,0,0
946.89,35.2,0,0
947.01,35.2,0,0
947.13,35.2,0,0
947.25,35.21,0,0
947.38,35.21,0,0
947.5,35.2,0,0
947.62,35.2,0,0
947.74,35.2,0,0
947.86,35.2,0,0
947.99,35.2,0,0
948.11,35.21,0,0
948.23,35.2,0,0
948.35,35.21,0,0
948.47,35.21,0,0
948.6,35.2,0,0
948.72,35.2,0,0
948.84,35.2,0,0
948.96,35.2,0,0
949.09,35.21,0,0
949.21,35.21,0,0
949.33,35.21,0,0
949.45,35.21,0,0
949.57,35.21,0,0
949.7,35.21,0,0
949.82,35.21,0,0
949.94,35.21,0,0
950.06,35.21,0,0
950.18,35.21,0,0
950.31,35.21,0,0
950.43,35.21,0,0
950.55,35.21,0,0
950.67,35.22,0,0
950.8,35.21,0,0
950.92,35.21,0,0
951.04,35.21,0,0
951.16,35.22,0,0
951.28,35.22,0,0
951.41,35.21,0,0
951.53,35.22,0,0
951.65,35.22,0,0
951.77,35.22,0,0
951.9,35.22,0,0
952.02,35.21,0,0
952.14,35.21,0,0
952.26,35.22,0,0
952.38,35.21,0,0
952.51,35.22,0,0
952.63,35.22,0,0
952.75,35.22,0,0
952.87,35.22,0,0
952.99,35.22,0,0
953.12,35.22,0,0
953.24,35.22,0,0
953.36,35.22,0,0
953.48,35.22,0,0
953.61,35.22,0,0
953.73,35.21,0,0
953.85,35.22,0,0
953.97,35.22,0,0
954.09,35.22,0,0
954.22,35.21,0,0
954.34,35.22,0,0
954.46,35.22,0,0
954.58,35.22,0,0
954.7,35.22,0,0
954.83,35.22,0,0
954.95,35.22,0,0
955.07,35.22,0,0
955.19,35.22,0,0
955.32,35.22,0,0
955.44,35.22,0,0
955.56,35.22,0,0
955.68,35.22,0,0
955.8,35.22,0,0
955.93,35.22,0,0
956.05,35.22,0,0
956.17,35.21,0,0
956.29,35.22,0,0
956.41,35.22,0,0
956.54,35.22,0,0
956.66,35.22,0,0
956.78,35.22,0,0
956.9,35.22,0,0
957.03,35.22,0,0
957.15,35.22,0,0
957.27,35.22,0,0
957.39,35.22,0,0
957.51,35.22,0,0
957.64,35.22,0,0
957.76,35.22,0,0
957.88,35.22,0,0
958.0,35.22,0,0
958.13,35.22,0,0
958.25,35.22,0,0
958.37,35.22,0,0
958.49,35.22,0,0
958.61,35.22,0,0
958.74,35.22,0,0
958.86,35.22,0,0
958.98,35.22,0,0
959.1,35.22,0,0
959.22,35.22,0,0
959.35,35.22,0,0
959.47,35.22,0,0
959.59,35.22,0,0
959.71,35.22,0,0
959.84,35.22,0,0
959.96,35.22,0,0
960.08,35.22,0,0
960.2,35.22,0,0
960.32,35.22,0,0
960.45,35.22,0,0
960.57,35.22,0,0
960.69,35.22,0,0
960.81,35.22,0,0
960.93,35.22,0,0
961.06,35.22,0,0
961.18,35.22,0,0
961.3,35.22,0,0
961.42,35.22,0,0
961.55,35.22,0,0
961.67,35.22,0,0
961.79,35.22,0,0
961.91,35.22,0,0
962.03,35.22,0,0
962.16,35.22,0,0
962.28,35.22,0,0
962.4,35.22,0,0
962.52,35.22,0,0
962.64,35.22,0,0
962.77,35.22,0,0
962.89,35.22,0,0
963.01,35.22,0,0
963.13,35.22,0,0
963.26,35.22,0,0
963.38,35.22,0,0
963.5,35.22,0,0
963.62,35.22,0,0
963.74,35.22,0,0
963.87,35.22,0,0
963.99,35.22,0,0
964.11,35.21,0,0
964.23,35.21,0,0
964.36,35.21,0,0
964.48,35.21,0,0
964.6,35.2,0,0
964.72,35.21,0,0
964.84,35.2,0,0
964.97,35.2,0,0
965.09,35.21,0,0
965.21,35.21,0,0
965.33,35.21,0,0
965.45,35.21,0,0
965.58,35.21,0,0
965.7,35.21,0,0
965.82,35.21,0,0
965.94,35.21,0,0
966.07,35.21,0,0
966.19,35.21,0,0
966.31,35.21,0,0
966.43,35.21,0,0
966.55,35.21,0,0
966.68,35.21,0,0
966.8,35.21,0,0
966.92,35.21,0,0
967.04,35.21,0,0
967.16,35.21,0,0
967.29,35.21,0,0
967.41,35.21,0,0
967.53,35.21,0,0
967.65,35.21,0,0
967.78,35.21,0,0
967.9,35.21,0,0
968.02,35.21,0,0
968.14,35.21,0,0
968.26,35.21,0,0
968.39,35.21,0,0
968.51,35.21,0,0
968.63,35.22,0,0
968.75,35.21,0,0
968.88,35.21,0,0
969.0,35.21,0,0
969.12,35.21,0,0
969.24,35.21,0,0
969.36,35.21,0,0
969.49,35.21,0,0
969.61,35.21,0,0
969.73,35.21,0,0
969.85,35.21,0,0
969.97,35.21,0,0
970.1,35.21,0,0
970.22,35.21,0,0
970.34,35.21,0,0
970.46,35.21,0,0
970.59,35.21,0,0
970.71,35.22,0,0
970.83,35.21,0,0
970.95,35.22,0,0
971.07,35.22,0,0
971.2,35.22,0,0
971.32,35.22,0,0
971.44,35.22,0,0
971.56,35.22,0,0
971.68,35.22,0,0
971.81,35.22,0,0
971.93,35.22,0,0
972.05,35.22,0,0
972.17,35.22,0,0
972.3,35.22,0,0
972.42,35.22,0,0
972.54,35.22,0,0
972.66,35.22,0,0
972.78,35.21,0,0
972.91,35.21,0,0
973.03,35.21,0,0
973.15,35.21,0,0
973.27,35.21,0,0
973.39,35.21,0,0
973.52,35.21,0,0
973.64,35.21,0,0
973.76,35.21,0,0
973.88,35.21,0,0
974.01,35.21,0,0
974.13,35.21,0,0
974.25,35.21,0,0
974.37,35.21,0,0
974.49,35.21,0,0
974.62,35.21,0,0
974.74,35.21,0,0
974.86,35.21,0,0
974.98,35.21,0,0
975.1,35.21,0,0
975.23,35.21,0,0
975.35,35.21,0,0
975.47,35.21,0,0
975.59,35.21,0,0
975.72,35.21,0,0
975.84,35.21,0,0
975.96,35.21,0,0
976.08,35.21,0,0
976.2,35.22,0,0
976.33,35.22,0,0
976.45,35.22,0,0
976.57,35.22,0,0
976.69,35.21,0,0
976.82,35.21,0,0
976.94,35.21,0,0
977.06,35.21,0,0
977.18,35.21,0,0
977.3,35.21,0,0
977.43,35.21,0,0
977.55,35.21,0,0
977.67,35.21,0,0
977.79,35.21,0,0
977.91,35.21,0,0
978.04,35.22,0,0
978.16,35.21,0,0
978.28,35.22,0,0
978.4,35.22,0,0
978.53,35.22,0,0
978.65,35.22,0,0
978.77,35.22,0,0
978.89,35.22,0,0
979.01,35.22,0,0
979.14,35.22,0,0
979.26,35.22,0,0
979.38,35.22,0,0
979.5,35.22,0,0
979.62,35.22,0,0
979.75,35.22,0,0
979.87,35.21,0,0
979.99,35.21,0,0
980.11,35.22,0,0
980.24,35.22,0,0
980.36,35.22,0,0
980.48,35.22,0,0
980.6,35.22,0,0
980.72,35.22,0,0
980.85,35.22,0,0
980.97,35.23,0,0
981.09,35.23,0,0
981.21,35.22,0,0
981.34,35.22,0,0
981.46,35.22,0,0
981.58,35.23,0,0
981.7,35.23,0,0
981.82,35.22,0,0
981.95,35.22,0,0
982.07,35.22,0,0
982.19,35.22,0,0
982.31,35.22,0,0
982.43,35.22,0,0
982.56,35.22,0,0
982.68,35.23,0,0
982.8,35.23,0,0
982.92,35.22,0,0
983.05,35.22,0,0
983.17,35.22,0,0
983.29,35.23,0,0
983.41,35.22,0,0
983.53,35.22,0,0
983.66,35.23,0,0
983.78,35.23,0,0
983.9,35.22,0,0
984.02,35.22,0,0
984.14,35.22,0,0
984.27,35.23,0,0
984.39,35.22,0,0
984.51,35.23,0,0
984.63,35.23,0,0
984.76,35.22,0,0
984.88,35.22,0,0
985.0,35.23,0,0
985.12,35.23,0,0
985.24,35.22,0,0
985.37,35.23,0,0
985.49,35.22,0,0
985.61,35.22,0,0
985.73,35.23,0,0
985.85,35.22,0,0
985.98,35.23,0,0
986.1,35.23,0,0
986.22,35.23,0,0
986.34,35.22,0,0
986.47,35.22,0,0
986.59,35.22,0,0
986.71,35.22,0,0
986.83,35.22,0,0
986.95,35.23,0,0
987.08,35.22,0,0
987.2,35.22,0,0
987.32,35.22,0,0
987.44,35.23,0,0
987.57,35.22,0,0
987.69,35.22,0,0
987.81,35.23,0,0
987.93,35.23,0,0
988.05,35.22,0,0
988.18,35.22,0,0
988.3,35.23,0,0
988.42,35.22,0,0
988.54,35.22,0,0
988.66,35.23,0,0
988.79,35.22,0,0
988.91,35.22,0,0
989.03,35.23,0,0
989.15,35.23,0,0
989.28,35.22,0,0
989.4,35.22,0,0
989.52,35.23,0,0
989.64,35.22,0,0
989.76,35.22,0,0
989.89,35.23,0,0
990.01,35.23,0,0
990.13,35.23,0,0
990.25,35.22,0,0
990.37,35.23,0,0
990.5,35.22,0,0
990.62,35.23,0,0
990.74,35.23,0,0
990.86,35.23,0,0
990.99,35.22,0,0
991.11,35.23,0,0
991.23,35.22,0,0
991.35,35.23,0,0
991.47,35.22,0,0
991.6,35.22,0,0
991.72,35.22,0,0
991.84,35.23,0,0
991.96,35.22,0,0
992.08,35.23,0,0
992.21,35.22,0,0
992.33,35.22,0,0
992.45,35.22,0,0
992.57,35.22,0,0
992.7,35.23,0,0
992.82,35.23,0,0
992.94,35.23,0,0
993.06,35.22,0,0
993.18,35.22,0,0
993.31,35.23,0,0
993.43,35.22,0,0
993.55,35.22,0,0
993.67,35.23,0,0
993.79,35.22,0,0
993.92,35.22,0,0
994.04,35.22,0,0
994.16,35.22,0,0
994.28,35.22,0,0
994.41,35.22,0,0
994.53,35.23,0,0
994.65,35.22,0,0
994.77,35.22,0,0
994.89,35.23,0,0
995.02,35.22,0,0
995.14,35.22,0,0
995.26,35.23,0,0
995.38,35.22,0,0
995.51,35.22,0,0
995.63,35.22,0,0
995.75,35.23,0,0
995.87,35.22,0,0
995.99,35.23,0,0
996.12,35.22,0,0
996.24,35.22,0,0
996.36,35.23,0,0
996.48,35.22,0,0
996.6,35.22,0,0
996.73,35.22,0,0
996.85,35.23,0,0
996.97,35.22,0,0
997.09,35.22,0,0
997.22,35.23,0,0
997.34,35.23,0,0
997.46,35.23,0,0
997.58,35.22,0,0
997.7,35.22,0,0
997.83,35.22,0,0
997.95,35.22,0,0
998.07,35.22,0,0
998.19,35.23,0,0
998.32,35.22,0,0
998.44,35.23,0,0
998.56,35.22,0,0
998.68,35.22,0,0
998.8,35.22,0,0
998.93,35.23,0,0
999.05,35.22,0,0
999.17,35.23,0,0
999.29,35.23,0,0
999.41,35.23,0,0
999.54,35.23,0,0
999.66,35.23,0,0
999.78,35.23,0,0
999.9,35.23,0,0
1000.03,35.23,0,0
1000.15,35.23,0,0
1000.27,35.23,0,0
1000.39,35.23,0,0
1000.51,35.23,0,0
1000.64,35.23,0,0
1000.76,35.23,0,0
1000.88,35.23,0,0
1001.0,35.23,0,0
1001.13,35.23,0,0
1001.25,35.23,0,0
1001.37,35.23,0,0
1001.49,35.23,0,0
1001.61,35.23,0,0
1001.74,35.23,0,0
1001.86,35.23,0,0
1001.98,35.23,0,0
1002.1,35.23,0,0
1002.22,35.23,0,0
1002.35,35.23,0,0
1002.47,35.23,0,0
1002.59,35.23,0,0
1002.71,35.23,0,0
1002.84,35.23,0,0
1002.96,35.23,0,0
1003.08,35.23,0,0
1003.2,35.23,0,0
1003.33,35.23,0,0
1003.45,35.23,0,0
1003.57,35.23,0,0
1003.69,35.23,0,0
1003.81,35.23,0,0
1003.94,35.23,0,0
1004.06,35.23,0,0
1004.18,35.23,0,0
1004.3,35.23,0,0
1004.42,35.23,0,0
1004.55,35.23,0,0
1004.67,35.23,0,0
1004.79,35.23,0,0
1004.91,35.23,0,0
1005.04,35.23,0,0
1005.16,35.23,0,0
1005.28,35.23,0,0
1005.4,35.23,0,0
1005.52,35.23,0,0
1005.65,35.23,0,0
1005.77,35.23,0,0
1005.89,35.23,0,0
1006.01,35.23,0,0
1006.14,35.23,0,0
1006.26,35.23,0,0
1006.38,35.23,0,0
1006.5,35.23,0,0
1006.63,35.23,0,0
1006.75,35.23,0,0
1006.87,35.23,0,0
1006.99,35.23,0,0
1007.11,35.23,0,0
1007.24,35.23,0,0
1007.36,35.23,0,0
1007.48,35.23,0,0
1007.6,35.23,0,0
1007.72,35.23,0,0
1007.85,35.23,0,0
1007.97,35.23,0,0
1008.09,35.23,0,0
1008.21,35.23,0,0
1008.34,35.23,0,0
1008.46,35.23,0,0
1008.58,35.23,0,0
1008.7,35.23,0,0
1008.83,35.23,0,0
1008.95,35.23,0,0
1009.07,35.23,0,0
1009.19,35.23,0,0
1009.31,35.23,0,0
1009.44,35.23,0,0
1009.56,35.23,0,0
1009.68,35.23,0,0
1009.8,35.23,0,0
1009.92,35.23,0,0
1010.05,35.23,0,0
1010.17,35.23,0,0
1010.29,35.23,0,0
1010.41,35.23,0,0
1010.54,35.23,0,0
1010.66,35.23,0,0
1010.78,35.23,0,0
1010.9,35.23,0,0
1011.02,35.23,0,0
1011.15,35.23,0,0
1011.27,35.23,0,0
1011.39,35.23,0,0
1011.51,35.23,0,0
1011.64,35.23,0,0
1011.76,35.23,0,0
1011.88,35.23,0,0
1012.0,35.23,0,0
1012.12,35.23,0,0
1012.25,35.23,0,0
1012.37,35.23,0,0
1012.49,35.23,0,0
1012.61,35.23,0,0
1012.74,35.23,0,0
1012.86,35.23,0,0
1012.98,35.23,0,0
1013.1,35.23,0,0
1013.22,35.23,0,0
1013.35,35.23,0,0
1013.47,35.23,0,0
1013.59,35.23,0,0
1013.71,35.23,0,0
1013.84,35.23,0,0
1013.96,35.23,0,0
1014.08,35.23,0,0
1014.2,35.23,0,0
1014.33,35.23,0,0
1014.45,35.23,0,0
1014.57,35.23,0,0
1014.69,35.23,0,0
1014.81,35.23,0,0
1014.94,35.23,0,0
1015.06,35.23,0,0
1015.18,35.23,0,0
1015.3,35.23,0,0
1015.42,35.23,0,0
1015.55,35.23,0,0
1015.67,35.23,0,0
1015.79,35.23,0,0
1015.91,35.23,0,0
1016.04,35.23,0,0
1016.16,35.23,0,0
1016.28,35.23,0,0
1016.4,35.23,0,0
1016.52,35.23,0,0
1016.65,35.23,0,0
1016.77,35.23,0,0
1016.89,35.23,0,0
1017.01,35.23,0,0
1017.14,35.23,0,0
1017.26,35.23,0,0
1017.38,35.23,0,0
1017.5,35.23,0,0
1017.62,35.23,0,0
1017.75,35.23,0,0
1017.87,35.23,0,0
1017.99,35.23,0,0
1018.11,35.23,0,0
1018.23,35.23,0,0
1018.36,35.23,0,0
1018.48,35.23,0,0
1018.6,35.23,0,0
1018.72,35.23,0,0
1018.85,35.23,0,0
1018.97,35.23,0,0
1019.09,35.23,0,0
1019.21,35.23,0,0
1019.34,35.23,0,0
1019.46,35.23,0,0
1019.58,35.23,0,0
1019.7,35.23,0,0
1019.83,35.23,0,0
1019.95,35.23,0,0
1020.07,35.23,0,0
1020.19,35.23,0,0
1020.31,35.23,0,0
1020.44,35.23,0,0
1020.56,35.23,0,0
1020.68,35.23,0,0
1020.8,35.23,0,0
1020.92,35.23,0,0
1021.05,35.23,0,0
1021.17,35.23,0,0
1021.29,35.23,0,0
1021.41,35.23,0,0
1021.54,35.23,0,0
1021.66,35.23,0,0
1021.78,35.23,0,0
1021.9,35.23,0,0
1022.02,35.23,0,0
1022.15,35.23,0,0
1022.27,35.23,0,0
1022.39,35.23,0,0
1022.51,35.23,0,0
1022.64,35.23,0,0
1022.76,35.23,0,0
1022.88,35.23,0,0
1023.0,35.23,0,0
1023.12,35.23,0,0
1023.25,35.23,0,0
1023.37,35.23,0,0
1023.49,35.23,0,0
1023.61,35.23,0,0
1023.73,35.23,0,0
1023.86,35.23,0,0
1023.98,35.23,0,0
1024.1,35.23,0,0
1024.22,35.23,0,0
1024.35,35.23,0,0
1024.47,35.23,0,0
1024.59,35.23,0,0
1024.71,35.23,0,0
1024.83,35.23,0,0
1024.96,35.23,0,0
1025.08,35.23,0,0
1025.2,35.23,0,0
1025.32,35.23,0,0
1025.45,35.23,0,0
1025.57,35.23,0,0
1025.69,35.23,0,0
1025.81,35.23,0,0
1025.94,35.23,0,0
1026.06,35.23,0,0
1026.18,35.23,0,0
1026.3,35.23,0,0
1026.42,35.23,0,0
1026.55,35.23,0,0
1026.67,35.23,0,0
1026.79,35.23,0,0
1026.91,35.23,0,0
1027.04,35.23,0,0
1027.16,35.23,0,0
1027.28,35.23,0,0
1027.4,35.23,0,0
1027.52,35.23,0,0
1027.65,35.23,0,0
1027.77,35.23,0,0
1027.89,35.23,0,0
1028.01,35.23,0,0
1028.14,35.23,0,0
1028.26,35.23,0,0
1028.38,35.23,0,0
1028.5,35.23,0,0
1028.62,35.23,0,0
1028.75,35.23,0,0
1028.87,35.23,0,0
1028.99,35.23,0,0
1029.11,35.23,0,0
1029.23,35.23,0,0
1029.36,35.23,0,0
1029.48,35.23,0,0
1029.6,35.23,0,0
1029.72,35.23,0,0
1029.85,35.23,0,0
1029.97,35.23,0,0
1030.09,35.23,0,0
1030.21,35.23,0,0
1030.33,35.23,0,0
1030.46,35.23,0,0
1030.58,35.23,0,0
1030.7,35.23,0,0
1030.82,35.23,0,0
1030.95,35.23,0,0
1031.07,35.23,0,0
1031.19,35.23,0,0
1031.31,35.23,0,0
1031.44,35.23,0,0
1031.56,35.23,0,0
1031.68,35.23,0,0
1031.8,35.23,0,0
1031.92,35.23,0,0
1032.05,35.23,0,0
1032.17,35.23,0,0
1032.29,35.23,0,0
1032.41,35.23,0,0
1032.54,35.23,0,0
1032.66,35.23,0,0
1032.78,35.23,0,0
1032.9,35.23,0,0
1033.02,35.23,0,0
1033.15,35.23,0,0
1033.27,35.23,0,0
1033.39,35.23,0,0
1033.51,35.23,0,0
1033.64,35.23,0,0
1033.76,35.23,0,0
1033.88,35.23,0,0
1034.0,35.23,0,0
1034.12,35.23,0,0
1034.25,35.23,0,0
1034.37,35.23,0,0
1034.49,35.23,0,0
1034.61,35.23,0,0
1034.73,35.23,0,0
1034.86,35.23,0,0
1034.98,35.23,0,0
1035.1,35.23,0,0
1035.22,35.23,0,0
1035.34,35.23,0,0
1035.47,35.23,0,0
1035.59,35.23,0,0
1035.71,35.23,0,0
1035.83,35.23,0,0
1035.96,35.23,0,0
1036.08,35.23,0,0
1036.2,35.23,0,0
1036.32,35.23,0,0
1036.45,35.23,0,0
1036.57,35.23,0,0
1036.69,35.23,0,0
1036.81,35.23,0,0
1036.94,35.23,0,0
1037.06,35.23,0,0
1037.18,35.23,0,0
1037.3,35.23,0,0
1037.42,35.23,0,0
1037.55,35.23,0,0
1037.67,35.23,0,0
1037.79,35.23,0,0
1037.91,35.23,0,0
1038.03,35.23,0,0
1038.16,35.23,0,0
1038.28,35.23,0,0
1038.4,35.23,0,0
1038.52,35.23,0,0
1038.65,35.23,0,0
1038.77,35.23,0,0
1038.89,35.23,0,0
1039.01,35.23,0,0
1039.13,35.23,0,0
1039.26,35.23,0,0
1039.38,35.23,0,0
1039.5,35.23,0,0
1039.62,35.23,0,0
1039.75,35.23,0,0
1039.87,35.23,0,0
1039.99,35.23,0,0
1040.11,35.23,0,0
1040.23,35.23,0,0
1040.36,35.23,0,0
1040.48,35.23,0,0
1040.6,35.23,0,0
1040.72,35.23,0,0
1040.84,35.23,0,0
1040.97,35.23,0,0
1041.09,35.23,0,0
1041.21,35.23,0,0
1041.33,35.23,0,0
1041.46,35.23,0,0
1041.58,35.23,0,0
1041.7,35.23,0,0
1041.82,35.23,0,0
1041.95,35.23,0,0
1042.07,35.23,0,0
1042.19,35.23,0,0
1042.31,35.23,0,0
1042.44,35.23,0,0
1042.56,35.23,0,0
1042.68,35.23,0,0
1042.8,35.23,0,0
1042.92,35.23,0,0
1043.05,35.23,0,0
1043.17,35.23,0,0
1043.29,35.23,0,0
1043.41,35.23,0,0
1043.53,35.23,0,0
1043.66,35.23,0,0
1043.78,35.23,0,0
1043.9,35.23,0,0
1044.02,35.23,0,0
1044.15,35.23,0,0
1044.27,35.23,0,0
1044.39,35.23,0,0
1044.51,35.23,0,0
1044.63,35.23,0,0
1044.76,35.23,0,0
1044.88,35.23,0,0
1045.0,35.23,0,0
1045.12,35.23,0,0
1045.25,35.23,0,0
1045.37,35.23,0,0
1045.49,35.23,0,0
1045.61,35.23,0,0
1045.73,35.23,0,0
1045.86,35.23,0,0
1045.98,35.23,0,0
1046.1,35.23,0,0
1046.22,35.23,0,0
1046.34,35.23,0,0
1046.47,35.23,0,0
1046.59,35.23,0,0
1046.71,35.23,0,0
1046.83,35.23,0,0
1046.96,35.23,0,0
1047.08,35.23,0,0
1047.2,35.23,0,0
1047.32,35.23,0,0
1047.44,35.23,0,0
1047.57,35.23,0,0
1047.69,35.23,0,0
1047.81,35.23,0,0
1047.93,35.23,0,0
1048.06,35.23,0,0
1048.18,35.23,0,0
1048.3,35.23,0,0
1048.42,35.23,0,0
1048.55,35.23,0,0
1048.67,35.23,0,0
1048.79,35.23,0,0
1048.91,35.23,0,0
1049.03,35.23,0,0
1049.16,35.23,0,0
1049.28,35.23,0,0
1049.4,35.23,0,0
1049.52,35.23,0,0
1049.65,35.23,0,0
1049.77,35.23,0,0
1049.89,35.23,0,0
1050.01,35.23,0,0
1050.13,35.23,0,0
1050.26,35.23,0,0
1050.38,35.23,0,0
1050.5,35.23,0,0
1050.62,35.23,0,0
1050.75,35.23,0,0
1050.87,35.23,0,0
1050.99,35.23,0,0
1051.11,35.23,0,0
1051.23,35.23,0,0
1051.36,35.23,0,0
1051.48,35.23,0,0
1051.6,35.23,0,0
1051.72,35.23,0,0
1051.84,35.23,0,0
1051.97,35.23,0,0
1052.09,35.23,0,0
1052.21,35.23,0,0
1052.33,35.23,0,0
1052.46,35.23,0,0
1052.58,35.23,0,0
1052.7,35.23,0,0
1052.82,35.23,0,0
1052.94,35.23,0,0
1053.07,35.23,0,0
1053.19,35.23,0,0
1053.31,35.23,0,0
1053.43,35.23,0,0
1053.56,35.23,0,0
1053.68,35.23,0,0
1053.8,35.23,0,0
1053.92,35.23,0,0
1054.05,35.23,0,0
1054.17,35.23,0,0
1054.29,35.23,0,0
1054.41,35.23,0,0
1054.53,35.23,0,0
1054.66,35.23,0,0
1054.78,35.23,0,0
1054.9,35.23,0,0
1055.02,35.23,0,0
1055.15,35.23,0,0
1055.27,35.23,0,0
1055.39,35.23,0,0
1055.51,35.23,0,0
1055.63,35.23,0,0
1055.76,35.23,0,0
1055.88,35.23,0,0
1056.0,35.23,0,0
1056.12,35.23,0,0
1056.25,35.23,0,0
1056.37,35.23,0,0
1056.49,35.23,0,0
1056.61,35.23,0,0
1056.73,35.23,0,0
1056.86,35.23,0,0
1056.98,35.23,0,0
1057.1,35.23,0,0
1057.22,35.23,0,0
1057.34,35.23,0,0
1057.47,35.23,0,0
1057.59,35.23,0,0
1057.71,35.23,0,0
1057.83,35.23,0,0
1057.96,35.23,0,0
1058.08,35.23,0,0
1058.2,35.23,0,0
1058.32,35.23,0,0
1058.44,35.23,0,0
1058.57,35.23,0,0
1058.69,35.23,0,0
1058.81,35.23,0,0
1058.93,35.23,0,0
1059.06,35.23,0,0
1059.18,35.23,0,0
1059.3,35.23,0,0
1059.42,35.23,0,0
1059.55,35.23,0,0
1059.67,35.23,0,0
1059.79,35.23,0,0
1059.91,35.23,0,0
1060.03,35.23,0,0
1060.16,35.23,0,0
1060.28,35.23,0,0
1060.4,35.23,0,0
1060.52,35.23,0,0
1060.65,35.23,0,0
1060.77,35.23,0,0
1060.89,35.23,0,0
1061.01,35.24,0,0
1061.13,35.24,0,0
1061.26,35.23,0,0
1061.38,35.23,0,0
1061.5,35.23,0,0
1061.62,35.23,0,0
1061.75,35.23,0,0
1061.87,35.23,0,0
1061.99,35.23,0,0
1062.11,35.23,0,0
1062.23,35.23,0,0
1062.35,35.23,0,0
1062.48,35.23,0,0
1062.6,35.23,0,0
1062.72,35.23,0,0
1062.84,35.23,0,0
1062.97,35.23,0,0
1063.09,35.23,0,0
1063.21,35.23,0,0
1063.33,35.23,0,0
1063.46,35.23,0,0
1063.58,35.23,0,0
1063.7,35.23,0,0
1063.82,35.23,0,0
1063.94,35.23,0,0
1064.07,35.23,0,0
1064.19,35.23,0,0
1064.31,35.23,0,0
1064.43,35.23,0,0
1064.56,35.23,0,0
1064.68,35.23,0,0
1064.8,35.23,0,0
1064.92,35.23,0,0
1065.04,35.23,0,0
1065.17,35.23,0,0
1065.29,35.23,0,0
1065.41,35.23,0,0
1065.53,35.23,0,0
1065.66,35.23,0,0
1065.78,35.23,0,0
1065.9,35.23,0,0
1066.02,35.23,0,0
1066.14,35.23,0,0
1066.27,35.23,0,0
1066.39,35.23,0,0
1066.51,35.23,0,0
1066.63,35.23,0,0
1066.76,35.23,0,0
1066.88,35.23,0,0
1067.0,35.23,0,0
1067.12,35.23,0,0
1067.25,35.23,0,0
1067.37,35.23,0,0
1067.49,35.23,0,0
1067.61,35.23,0,0
1067.73,35.23,0,0
1067.85,35.23,0,0
1067.98,35.23,0,0
1068.1,35.23,0,0
1068.22,35.23,0,0
1068.34,35.23,0,0
1068.47,35.23,0,0
1068.59,35.23,0,0
1068.71,35.23,0,0
1068.83,35.23,0,0
1068.96,35.23,0,0
1069.08,35.23,0,0
1069.2,35.23,0,0
1069.32,35.23,0,0
1069.44,35.23,0,0
1069.57,35.23,0,0
1069.69,35.23,0,0
1069.81,35.23,0,0
1069.93,35.23,0,0
1070.06,35.23,0,0
1070.18,35.23,0,0
1070.3,35.23,0,0
1070.42,35.23,0,0
1070.54,35.23,0,0
1070.67,35.23,0,0
1070.79,35.23,0,0
1070.91,35.23,0,0
1071.03,35.23,0,0
1071.16,35.23,0,0
1071.28,35.23,0,0
1071.4,35.23,0,0
1071.52,35.23,0,0
1071.64,35.23,0,0
1071.77,35.23,0,0
1071.89,35.23,0,0
1072.01,35.23,0,0
1072.13,35.23,0,0
1072.26,35.23,0,0
1072.38,35.23,0,0
1072.5,35.23,0,0
1072.62,35.23,0,0
1072.74,35.23,0,0
1072.87,35.23,0,0
1072.99,35.23,0,0
1073.11,35.23,0,0
1073.23,35.23,0,0
1073.35,35.23,0,0
1073.48,35.23,0,0
1073.6,35.23,0,0
1073.72,35.23,0,0
1073.84,35.23,0,0
1073.97,35.23,0,0
1074.09,35.23,0,0
1074.21,35.23,0,0
1074.33,35.23,0,0
1074.45,35.23,0,0
1074.58,35.23,0,0
1074.7,35.23,0,0
1074.82,35.23,0,0
1074.94,35.23,0,0
1075.07,35.23,0,0
1075.19,35.24,0,0
1075.31,35.24,0,0
1075.43,35.23,0,0
1075.56,35.24,0,0
1075.68,35.23,0,0
1075.8,35.24,0,0
1075.92,35.24,0,0
1076.04,35.23,0,0
1076.17,35.23,0,0
1076.29,35.24,0,0
1076.41,35.23,0,0
1076.53,35.24,0,0
1076.66,35.24,0,0
1076.78,35.23,0,0
1076.9,35.24,0,0
1077.02,35.23,0,0
1077.14,35.24,0,0
1077.27,35.23,0,0
1077.39,35.24,0,0
1077.51,35.24,0,0
1077.63,35.24,0,0
1077.76,35.23,0,0
1077.88,35.23,0,0
1078.0,35.24,0,0
1078.12,35.24,0,0
1078.24,35.24,0,0
1078.37,35.23,0,0
1078.49,35.24,0,0
1078.61,35.23,0,0
1078.73,35.24,0,0
1078.85,35.24,0,0
1078.98,35.24,0,0
1079.1,35.23,0,0
1079.22,35.24,0,0
1079.34,35.24,0,0
1079.47,35.23,0,0
1079.59,35.23,0,0
1079.71,35.24,0,0
1079.83,35.23,0,0
1079.95,35.24,0,0
1080.08,35.24,0,0
1080.2,35.24,0,0
1080.32,35.23,0,0
1080.44,35.24,0,0
1080.57,35.24,0,0
1080.69,35.24,0,0
1080.81,35.23,0,0
1080.93,35.24,0,0
1081.06,35.24,0,0
1081.18,35.24,0,0
1081.3,35.24,0,0
1081.42,35.24,0,0
1081.54,35.24,0,0
1081.67,35.24,0,0
1081.79,35.24,0,0
1081.91,35.24,0,0
1082.03,35.25,0,0
1082.16,35.24,0,0
1082.28,35.24,0,0
1082.4,35.24,0,0
1082.52,35.25,0,0
1082.64,35.24,0,0
1082.77,35.24,0,0
1082.89,35.25,0,0
1083.01,35.24,0,0
1083.13,35.24,0,0
1083.26,35.24,0,0
1083.38,35.24,0,0
1083.5,35.24,0,0
1083.62,35.24,0,0
1083.74,35.24,0,0
1083.87,35.24,0,0
1083.99,35.24,0,0
1084.11,35.24,0,0
1084.23,35.24,0,0
1084.35,35.24,0,0
1084.48,35.24,0,0
1084.6,35.24,0,0
1084.72,35.24,0,0
1084.84,35.24,0,0
1084.97,35.24,0,0
1085.09,35.24,0,0
1085.21,35.24,0,0
1085.33,35.24,0,0
1085.45,35.24,0,0
1085.58,35.24,0,0
1085.7,35.24,0,0
1085.82,35.24,0,0
1085.94,35.24,0,0
1086.07,35.24,0,0
1086.19,35.24,0,0
1086.31,35.24,0,0
1086.43,35.24,0,0
1086.56,35.23,0,0
1086.68,35.24,0,0
1086.8,35.24,0,0
1086.92,35.24,0,0
1087.04,35.24,0,0
1087.17,35.24,0,0
1087.29,35.24,0,0
1087.41,35.24,0,0
1087.53,35.24,0,0
1087.66,35.24,0,0
1087.78,35.24,0,0
1087.9,35.24,0,0
1088.02,35.24,0,0
1088.14,35.24,0,0
1088.27,35.24,0,0
1088.39,35.24,0,0
1088.51,35.24,0,0
1088.63,35.24,0,0
1088.76,35.25,0,0
1088.88,35.24,0,0
1089.0,35.24,0,0
1089.12,35.24,0,0
1089.24,35.24,0,0
1089.37,35.24,0,0
1089.49,35.24,0,0
1089.61,35.25,0,0
1089.73,35.24,0,0
1089.85,35.24,0,0
1089.98,35.25,0,0
1090.1,35.25,0,0
1090.22,35.24,0,0
1090.34,35.25,0,0
1090.47,35.25,0,0
1090.59,35.24,0,0
1090.71,35.25,0,0
1090.83,35.25,0,0
1090.95,35.25,0,0
1091.08,35.25,0,0
1091.2,35.25,0,0
1091.32,35.25,0,0
1091.44,35.25,0,0
1091.57,35.25,0,0
1091.69,35.25,0,0
1091.81,35.25,0,0
1091.93,35.25,0,0
1092.06,35.25,0,0
1092.18,35.25,0,0
1092.3,35.24,0,0
1092.42,35.24,0,0
1092.54,35.24,0,0
1092.67,35.24,0,0
1092.79,35.24,0,0
1092.91,35.24,0,0
1093.03,35.24,0,0
1093.15,35.24,0,0
1093.28,35.24,0,0
1093.4,35.24,0,0
1093.52,35.24,0,0
1093.64,35.24,0,0
1093.77,35.24,0,0
1093.89,35.24,0,0
1094.01,35.24,0,0
1094.13,35.24,0,0
1094.26,35.24,0,0
1094.38,35.24,0,0
1094.5,35.24,0,0
1094.62,35.24,0,0
1094.74,35.24,0,0
1094.86,35.24,0,0
1094.99,35.24,0,0
1095.11,35.24,0,0
1095.23,35.24,0,0
1095.35,35.24,0,0
1095.48,35.24,0,0
1095.6,35.24,0,0
1095.72,35.24,0,0
1095.84,35.24,0,0
1095.97,35.24,0,0
1096.09,35.24,0,0
1096.21,35.24,0,0
1096.33,35.24,0,0
1096.45,35.24,0,0
1096.58,35.24,0,0
1096.7,35.24,0,0
1096.82,35.24,0,0
1096.94,35.24,0,0
1097.07,35.24,0,0
1097.19,35.24,0,0
1097.31,35.24,0,0
1097.43,35.24,0,0
1097.55,35.24,0,0
1097.68,35.24,0,0
1097.8,35.24,0,0
1097.92,35.24,0,0
1098.04,35.24,0,0
1098.17,35.24,0,0
1098.29,35.24,0,0
1098.41,35.23,0,0
1098.53,35.24,0,0
1098.65,35.24,0,0
1098.78,35.24,0,0
1098.9,35.24,0,0
1099.02,35.24,0,0
1099.14,35.24,0,0
1099.27,35.24,0,0
1099.39,35.24,0,0
1099.51,35.24,0,0
1099.63,35.24,0,0
1099.75,35.24,0,0
1099.88,35.24,0,0
1100.0,35.24,0,0
1100.12,35.24,0,0
1100.24,35.24,0,0
1100.36,35.24,0,0
1100.49,35.24,0,0
1100.61,35.24,0,0
1100.73,35.24,0,0
1100.85,35.24,0,0
1100.98,35.24,0,0
1101.1,35.24,0,0
1101.22,35.24,0,0
1101.34,35.24,0,0
1101.46,35.24,0,0
1101.59,35.24,0,0
1101.71,35.24,0,0
1101.83,35.24,0,0
1101.95,35.24,0,0
1102.08,35.24,0,0
1102.2,35.24,0,0
1102.32,35.24,0,0
1102.44,35.24,0,0
1102.57,35.24,0,0
1102.69,35.24,0,0
1102.81,35.24,0,0
1102.93,35.24,0,0
1103.05,35.24,0,0
1103.18,35.24,0,0
1103.3,35.24,0,0
1103.42,35.25,0,0
1103.54,35.24,0,0
1103.67,35.24,0,0
1103.79,35.25,0,0
1103.91,35.25,0,0
1104.03,35.24,0,0
1104.15,35.24,0,0
1104.28,35.25,0,0
1104.4,35.24,0,0
1104.52,35.25,0,0
1104.64,35.24,0,0
1104.77,35.25,0,0
1104.89,35.25,0,0
1105.01,35.24,0,0
1105.13,35.25,0,0
1105.25,35.25,0,0
1105.38,35.25,0,0
1105.5,35.24,0,0
1105.62,35.25,0,0
1105.74,35.25,0,0
1105.86,35.25,0,0
1105.99,35.25,0,0
1106.11,35.24,0,0
1106.23,35.25,0,0
1106.35,35.25,0,0
1106.48,35.25,0,0
1106.6,35.25,0,0
1106.72,35.25,0,0
1106.84,35.25,0,0
1106.96,35.25,0,0
1107.09,35.25,0,0
1107.21,35.25,0,0
1107.33,35.25,0,0
1107.45,35.25,0,0
1107.58,35.24,0,0
1107.7,35.24,0,0
1107.82,35.25,0,0
1107.94,35.25,0,0
1108.06,35.25,0,0
1108.19,35.25,0,0
1108.31,35.25,0,0
1108.43,35.25,0,0
1108.55,35.25,0,0
1108.68,35.25,0,0
1108.8,35.25,0,0
1108.92,35.25,0,0
1109.04,35.25,0,0
1109.17,35.24,0,0
1109.29,35.25,0,0
1109.41,35.25,0,0
1109.53,35.25,0,0
1109.65,35.25,0,0
1109.78,35.25,0,0
1109.9,35.25,0,0
1110.02,35.25,0,0
1110.14,35.25,0,0
1110.27,35.25,0,0
1110.39,35.25,0,0
1110.51,35.25,0,0
1110.63,35.25,0,0
1110.75,35.25,0,0
1110.88,35.25,0,0
1111.0,35.25,0,0
1111.12,35.25,0,0
1111.24,35.25,0,0
1111.36,35.25,0,0
1111.49,35.25,0,0
1111.61,35.25,0,0
1111.73,35.25,0,0
1111.85,35.25,0,0
1111.98,35.24,0,0
1112.1,35.26,0,0
1112.22,35.25,0,0
1112.34,35.25,0,0
1112.46,35.25,0,0
1112.59,35.25,0,0
1112.71,35.25,0,0
1112.83,35.25,0,0
1112.95,35.25,0,0
1113.08,35.25,0,0
1113.2,35.25,0,0
1113.32,35.25,0,0
1113.44,35.25,0,0
1113.56,35.25,0,0
1113.69,35.25,0,0
1113.81,35.25,0,0
1113.93,35.25,0,0
1114.05,35.25,0,0
1114.18,35.25,0,0
1114.3,35.25,0,0
1114.42,35.25,0,0
1114.54,35.25,0,0
1114.67,35.25,0,0
1114.79,35.25,0,0
1114.91,35.25,0,0
1115.03,35.25,0,0
1115.15,35.25,0,0
1115.28,35.25,0,0
1115.4,35.25,0,0
1115.52,35.25,0,0
1115.64,35.25,0,0
1115.77,35.25,0,0
1115.89,35.25,0,0
1116.01,35.25,0,0
1116.13,35.25,0,0
1116.25,35.25,0,0
1116.38,35.25,0,0
1116.5,35.25,0,0
1116.62,35.25,0,0
1116.74,35.25,0,0
1116.86,35.25,0,0
1116.99,35.25,0,0
1117.11,35.25,0,0
1117.23,35.25,0,0
1117.35,35.25,0,0
1117.48,35.25,0,0
1117.6,35.25,0,0
1117.72,35.25,0,0
1117.84,35.25,0,0
1117.96,35.26,0,0
1118.09,35.26,0,0
1118.21,35.25,0,0
1118.33,35.25,0,0
1118.45,35.25,0,0
1118.58,35.25,0,0
1118.7,35.25,0,0
1118.82,35.25,0,0
1118.94,35.25,0,0
1119.06,35.25,0,0
1119.19,35.26,0,0
1119.31,35.25,0,0
1119.43,35.25,0,0
1119.55,35.25,0,0
1119.68,35.25,0,0
1119.8,35.25,0,0
1119.92,35.25,0,0
1120.04,35.25,0,0
1120.16,35.25,0,0
1120.29,35.25,0,0
1120.41,35.25,0,0
1120.53,35.25,0,0
1120.65,35.25,0,0
1120.78,35.25,0,0
1120.9,35.26,0,0
1121.02,35.25,0,0
1121.14,35.25,0,0
1121.27,35.25,0,0
1121.39,35.25,0,0
1121.51,35.26,0,0
1121.63,35.26,0,0
1121.75,35.25,0,0
1121.88,35.25,0,0
1122.0,35.25,0,0
1122.12,35.26,0,0
1122.24,35.26,0,0
1122.36,35.25,0,0
1122.49,35.25,0,0
1122.61,35.25,0,0
1122.73,35.25,0,0
1122.85,35.26,0,0
1122.98,35.26,0,0
1123.1,35.25,0,0
1123.22,35.25,0,0
1123.34,35.25,0,0
1123.46,35.25,0,0
1123.59,35.26,0,0
1123.71,35.26,0,0
1123.83,35.25,0,0
1123.95,35.25,0,0
1124.08,35.25,0,0
1124.2,35.25,0,0
1124.32,35.26,0,0
1124.44,35.25,0,0
1124.56,35.25,0,0
1124.69,35.25,0,0
1124.81,35.25,0,0
1124.93,35.25,0,0
1125.05,35.26,0,0
1125.18,35.26,0,0
1125.3,35.26,0,0
1125.42,35.26,0,0
1125.54,35.25,0,0
1125.66,35.25,0,0
1125.79,35.26,0,0
1125.91,35.25,0,0
1126.03,35.26,0,0
1126.15,35.25,0,0
1126.28,35.25,0,0
1126.4,35.26,0,0
1126.52,35.25,0,0
1126.64,35.26,0,0
1126.76,35.26,0,0
1126.89,35.26,0,0
1127.01,35.25,0,0
1127.13,35.25,0,0
1127.25,35.26,0,0
1127.38,35.26,0,0
1127.5,35.26,0,0
1127.62,35.26,0,0
1127.74,35.26,0,0
1127.86,35.26,0,0
1127.99,35.26,0,0
1128.11,35.25,0,0
1128.23,35.26,0,0
1128.35,35.25,0,0
1128.47,35.26,0,0
1128.6,35.26,0,0
1128.72,35.25,0,0
1128.84,35.25,0,0
1128.96,35.25,0,0
1129.09,35.25,0,0
1129.21,35.25,0,0
1129.33,35.25,0,0
1129.45,35.25,0,0
1129.58,35.25,0,0
1129.7,35.25,0,0
1129.82,35.25,0,0
1129.94,35.25,0,0
1130.06,35.25,0,0
1130.19,35.25,0,0
1130.31,35.26,0,0
1130.43,35.25,0,0
1130.55,35.25,0,0
1130.68,35.25,0,0
1130.8,35.25,0,0
1130.92,35.25,0,0
1131.04,35.25,0,0
1131.16,35.26,0,0
1131.29,35.26,0,0
1131.41,35.25,0,0
1131.53,35.25,0,0
1131.65,35.25,0,0
1131.78,35.25,0,0
1131.9,35.25,0,0
1132.02,35.25,0,0
1132.14,35.25,0,0
1132.26,35.26,0,0
1132.39,35.26,0,0
1132.51,35.25,0,0
1132.63,35.25,0,0
1132.75,35.25,0,0
1132.88,35.25,0,0
1133.0,35.25,0,0
1133.12,35.25,0,0
1133.24,35.25,0,0
1133.36,35.25,0,0
1133.49,35.26,0,0
1133.61,35.26,0,0
1133.73,35.26,0,0
1133.85,35.25,0,0
1133.97,35.25,0,0
1134.1,35.26,0,0
1134.22,35.25,0,0
1134.34,35.26,0,0
1134.46,35.26,0,0
1134.59,35.25,0,0
1134.71,35.26,0,0
1134.83,35.26,0,0
1134.95,35.25,0,0
1135.07,35.25,0,0
1135.2,35.25,0,0
1135.32,35.26,0,0
1135.44,35.26,0,0
1135.56,35.26,0,0
1135.69,35.25,0,0
1135.81,35.25,0,0
1135.93,35.25,0,0
1136.05,35.25,0,0
1136.18,35.26,0,0
1136.3,35.25,0,0
1136.42,35.26,0,0
1136.54,35.26,0,0
1136.66,35.26,0,0
1136.79,35.25,0,0
1136.91,35.26,0,0
1137.03,35.25,0,0
1137.15,35.26,0,0
1137.28,35.26,0,0
1137.4,35.26,0,0
1137.52,35.25,0,0
1137.64,35.26,0,0
1137.76,35.25,0,0
1137.89,35.26,0,0
1138.01,35.26,0,0
1138.13,35.26,0,0
1138.25,35.26,0,0
1138.38,35.26,0,0
1138.5,35.26,0,0
1138.62,35.26,0,0
1138.74,35.26,0,0
1138.86,35.26,0,0
1138.99,35.26,0,0
1139.11,35.26,0,0
1139.23,35.26,0,0
1139.35,35.26,0,0
1139.47,35.26,0,0
1139.6,35.26,0,0
1139.72,35.26,0,0
1139.84,35.26,0,0
1139.96,35.26,0,0
1140.09,35.26,0,0
1140.21,35.26,0,0
1140.33,35.26,0,0
1140.45,35.26,0,0
1140.57,35.26,0,0
1140.7,35.26,0,0
1140.82,35.26,0,0
1140.94,35.26,0,0
1141.06,35.25,0,0
1141.19,35.26,0,0
1141.31,35.26,0,0
1141.43,35.26,0,0
1141.55,35.26,0,0
1141.68,35.26,0,0
1141.8,35.26,0,0
1141.92,35.26,0,0
1142.04,35.26,0,0
1142.16,35.26,0,0
1142.29,35.26,0,0
1142.41,35.26,0,0
1142.53,35.26,0,0
1142.65,35.26,0,0
1142.78,35.26,0,0
1142.9,35.26,0,0
1143.02,35.26,0,0
1143.14,35.26,0,0
1143.26,35.26,0,0
1143.39,35.26,0,0
1143.51,35.26,0,0
1143.63,35.26,0,0
1143.75,35.26,0,0
1143.88,35.26,0,0
1144.0,35.26,0,0
1144.12,35.26,0,0
1144.24,35.26,0,0
1144.36,35.26,0,0
1144.49,35.26,0,0
1144.61,35.26,0,0
1144.73,35.26,0,0
1144.85,35.26,0,0
1144.97,35.26,0,0
1145.1,35.26,0,0
1145.22,35.26,0,0
1145.34,35.26,0,0
1145.46,35.26,0,0
1145.59,35.26,0,0
1145.71,35.26,0,0
1145.83,35.26,0,0
1145.95,35.26,0,0
1146.07,35.26,0,0
1146.2,35.26,0,0
1146.32,35.26,0,0
1146.44,35.26,0,0
1146.56,35.26,0,0
1146.69,35.26,0,0
1146.81,35.26,0,0
1146.93,35.26,0,0
1147.05,35.26,0,0
1147.17,35.26,0,0
1147.3,35.26,0,0
1147.42,35.26,0,0
1147.54,35.26,0,0
1147.66,35.26,0,0
1147.79,35.26,0,0
1147.91,35.26,0,0
1148.03,35.26,0,0
1148.15,35.26,0,0
1148.28,35.26,0,0
1148.4,35.26,0,0
1148.52,35.26,0,0
1148.64,35.26,0,0
1148.76,35.26,0,0
1148.89,35.26,0,0
1149.01,35.27,0,0
1149.13,35.27,0,0
1149.25,35.26,0,0
1149.38,35.26,0,0
1149.5,35.26,0,0
1149.62,35.26,0,0
1149.74,35.27,0,0
1149.86,35.26,0,0
1149.99,35.26,0,0
1150.11,35.26,0,0
1150.23,35.27,0,0
1150.35,35.26,0,0
1150.47,35.27,0,0
1150.6,35.27,0,0
1150.72,35.27,0,0
1150.84,35.26,0,0
1150.96,35.26,0,0
1151.09,35.27,0,0
1151.21,35.27,0,0
1151.33,35.26,0,0
1151.45,35.27,0,0
1151.57,35.26,0,0
1151.7,35.26,0,0
1151.82,35.27,0,0
1151.94,35.27,0,0
1152.06,35.27,0,0
1152.19,35.26,0,0
1152.31,35.26,0,0
1152.43,35.27,0,0
1152.55,35.27,0,0
1152.67,35.27,0,0
1152.8,35.27,0,0
1152.92,35.27,0,0
1153.04,35.27,0,0
1153.16,35.27,0,0
1153.29,35.27,0,0
1153.41,35.27,0,0
1153.53,35.27,0,0
1153.65,35.27,0,0
1153.77,35.27,0,0
1153.9,35.27,0,0
1154.02,35.27,0,0
1154.14,35.27,0,0
1154.26,35.27,0,0
1154.39,35.27,0,0
1154.51,35.27,0,0
1154.63,35.27,0,0
1154.75,35.27,0,0
1154.88,35.27,0,0
1155.0,35.27,0,0
1155.12,35.27,0,0
1155.24,35.27,0,0
1155.36,35.27,0,0
1155.48,35.27,0,0
1155.61,35.27,0,0
1155.73,35.27,0,0
1155.85,35.27,0,0
1155.97,35.27,0,0
1156.1,35.27,0,0
1156.22,35.27,0,0
1156.34,35.27,0,0
1156.46,35.27,0,0
1156.59,35.27,0,0
1156.71,35.27,0,0
1156.83,35.27,0,0
1156.95,35.27,0,0
1157.07,35.27,0,0
1157.2,35.27,0,0
1157.32,35.27,0,0
1157.44,35.27,0,0
1157.56,35.27,0,0
1157.69,35.27,0,0
1157.81,35.27,0,0
1157.93,35.27,0,0
1158.05,35.27,0,0
1158.17,35.27,0,0
1158.3,35.27,0,0
1158.42,35.27,0,0
1158.54,35.27,0,0
1158.66,35.27,0,0
1158.79,35.27,0,0
1158.91,35.27,0,0
1159.03,35.27,0,0
1159.15,35.27,0,0
1159.27,35.27,0,0
1159.4,35.27,0,0
1159.52,35.27,0,0
1159.64,35.27,0,0
1159.76,35.27,0,0
1159.89,35.27,0,0
1160.01,35.27,0,0
1160.13,35.27,0,0
1160.25,35.27,0,0
1160.38,35.27,0,0
1160.5,35.27,0,0
1160.62,35.27,0,0
1160.74,35.27,0,0
1160.86,35.27,0,0
1160.98,35.27,0,0
1161.11,35.27,0,0
1161.23,35.27,0,0
1161.35,35.28,0,0
1161.47,35.27,0,0
1161.6,35.27,0,0
1161.72,35.27,0,0
1161.84,35.27,0,0
1161.96,35.27,0,0
1162.08,35.27,0,0
1162.21,35.27,0,0
1162.33,35.27,0,0
1162.45,35.27,0,0
1162.57,35.28,0,0
1162.7,35.27,0,0
1162.82,35.27,0,0
1162.94,35.27,0,0
1163.06,35.27,0,0
1163.19,35.27,0,0
1163.31,35.27,0,0
1163.43,35.27,0,0
1163.55,35.27,0,0
1163.67,35.27,0,0
1163.8,35.27,0,0
1163.92,35.27,0,0
1164.04,35.27,0,0
1164.16,35.28,0,0
1164.29,35.27,0,0
1164.41,35.27,0,0
1164.53,35.28,0,0
1164.65,35.27,0,0
1164.77,35.27,0,0
1164.9,35.28,0,0
1165.02,35.27,0,0
1165.14,35.27,0,0
1165.26,35.28,0,0
1165.39,35.27,0,0
1165.51,35.28,0,0
1165.63,35.28,0,0
1165.75,35.28,0,0
1165.87,35.28,0,0
1166.0,35.27,0,0
1166.12,35.28,0,0
1166.24,35.27,0,0
1166.36,35.28,0,0
1166.48,35.28,0,0
1166.61,35.28,0,0
1166.73,35.28,0,0
1166.85,35.28,0,0
1166.97,35.28,0,0
1167.1,35.28,0,0
1167.22,35.28,0,0
1167.34,35.28,0,0
1167.46,35.27,0,0
1167.58,35.28,0,0
1167.71,35.27,0,0
1167.83,35.28,0,0
1167.95,35.28,0,0
1168.07,35.28,0,0
1168.2,35.28,0,0
1168.32,35.28,0,0
1168.44,35.28,0,0
1168.56,35.28,0,0
1168.69,35.28,0,0
1168.81,35.28,0,0
1168.93,35.28,0,0
1169.05,35.28,0,0
1169.17,35.27,0,0
1169.3,35.28,0,0
1169.42,35.28,0,0
1169.54,35.28,0,0
1169.66,35.28,0,0
1169.79,35.28,0,0
1169.91,35.28,0,0
1170.03,35.28,0,0
1170.15,35.28,0,0
1170.27,35.28,0,0
1170.4,35.28,0,0
1170.52,35.28,0,0
1170.64,35.28,0,0
1170.76,35.28,0,0
1170.89,35.28,0,0
1171.01,35.28,0,0
1171.13,35.28,0,0
1171.25,35.28,0,0
1171.37,35.28,0,0
1171.5,35.28,0,0
1171.62,35.28,0,0
1171.74,35.28,0,0
1171.86,35.28,0,0
1171.98,35.28,0,0
1172.11,35.28,0,0
1172.23,35.28,0,0
1172.35,35.28,0,0
1172.47,35.28,0,0
1172.6,35.28,0,0
1172.72,35.28,0,0
1172.84,35.28,0,0
1172.96,35.28,0,0
1173.08,35.28,0,0
1173.21,35.28,0,0
1173.33,35.28,0,0
1173.45,35.28,0,0
1173.57,35.28,0,0
1173.7,35.28,0,0
1173.82,35.28,0,0
1173.94,35.28,0,0
1174.06,35.28,0,0
1174.18,35.28,0,0
1174.31,35.28,0,0
1174.43,35.28,0,0
1174.55,35.28,0,0
1174.67,35.28,0,0
1174.8,35.28,0,0
1174.92,35.28,0,0
1175.04,35.28,0,0
1175.16,35.28,0,0
1175.29,35.28,0,0
1175.41,35.28,0,0
1175.53,35.28,0,0
1175.65,35.28,0,0
1175.77,35.28,0,0
1175.9,35.28,0,0
1176.02,35.28,0,0
1176.14,35.28,0,0
1176.26,35.28,0,0
1176.39,35.28,0,0
1176.51,35.28,0,0
1176.63,35.28,0,0
1176.75,35.28,0,0
1176.87,35.28,0,0
1177.0,35.29,0,0
1177.12,35.28,0,0
1177.24,35.29,0,0
1177.36,35.28,0,0
1177.48,35.29,0,0
1177.61,35.28,0,0
1177.73,35.29,0,0
1177.85,35.29,0,0
1177.97,35.28,0,0
1178.1,35.28,0,0
1178.22,35.29,0,0
1178.34,35.28,0,0
1178.46,35.28,0,0
1178.58,35.29,0,0
1178.71,35.29,0,0
1178.83,35.29,0,0
1178.95,35.28,0,0
1179.07,35.29,0,0
1179.2,35.29,0,0
1179.32,35.28,0,0
1179.44,35.28,0,0
1179.56,35.29,0,0
1179.68,35.29,0,0
1179.81,35.28,0,0
1179.93,35.29,0,0
1180.05,35.28,0,0
1180.17,35.29,0,0
1180.3,35.29,0,0
1180.42,35.29,0,0
1180.54,35.29,0,0
1180.66,35.29,0,0
1180.78,35.29,0,0
1180.91,35.29,0,0
1181.03,35.29,0,0
1181.15,35.29,0,0
1181.27,35.29,0,0
1181.4,35.28,0,0
1181.52,35.28,0,0
1181.64,35.28,0,0
1181.76,35.28,0,0
1181.89,35.28,0,0
1182.01,35.28,0,0
1182.13,35.28,0,0
1182.25,35.28,0,0
1182.37,35.28,0,0
1182.5,35.28,0,0
1182.62,35.28,0,0
1182.74,35.28,0,0
1182.86,35.28,0,0
1182.98,35.28,0,0
1183.11,35.28,0,0
1183.23,35.28,0,0
1183.35,35.28,0,0
1183.47,35.28,0,0
1183.6,35.28,0,0
1183.72,35.28,0,0
1183.84,35.28,0,0
1183.96,35.28,0,0
1184.08,35.28,0,0
1184.21,35.28,0,0
1184.33,35.28,0,0
1184.45,35.29,0,0
1184.57,35.29,0,0
1184.7,35.28,0,0
1184.82,35.28,0,0
1184.94,35.28,0,0
1185.06,35.28,0,0
1185.18,35.28,0,0
1185.31,35.28,0,0
1185.43,35.28,0,0
1185.55,35.28,0,0
1185.67,35.29,0,0
1185.8,35.28,0,0
1185.92,35.29,0,0
1186.04,35.28,0,0
1186.16,35.29,0,0
1186.28,35.28,0,0
1186.41,35.28,0,0
1186.53,35.28,0,0
1186.65,35.29,0,0
1186.77,35.28,0,0
1186.9,35.28,0,0
1187.02,35.29,0,0
1187.14,35.28,0,0
1187.26,35.29,0,0
1187.38,35.29,0,0
1187.51,35.28,0,0
1187.63,35.28,0,0
1187.75,35.29,0,0
1187.87,35.28,0,0
1188.0,35.28,0,0
1188.12,35.29,0,0
1188.24,35.28,0,0
1188.36,35.28,0,0
1188.48,35.29,0,0
1188.61,35.28,0,0
1188.73,35.29,0,0
1188.85,35.29,0,0
1188.97,35.29,0,0
1189.09,35.29,0,0
1189.22,35.29,0,0
1189.34,35.29,0,0
1189.46,35.29,0,0
1189.58,35.29,0,0
1189.71,35.29,0,0
1189.83,35.29,0,0
1189.95,35.3,0,0
1190.07,35.29,0,0
1190.2,35.29,0,0
1190.32,35.29,0,0
1190.44,35.3,0,0
1190.56,35.3,0,0
1190.68,35.3,0,0
1190.81,35.3,0,0
1190.93,35.3,0,0
1191.05,35.29,0,0
1191.17,35.3,0,0
1191.3,35.29,0,0
1191.42,35.29,0,0
1191.54,35.3,0,0
1191.66,35.3,0,0
1191.78,35.29,0,0
1191.91,35.3,0,0
1192.03,35.29,0,0
1192.15,35.29,0,0
1192.27,35.29,0,0
1192.4,35.29,0,0
1192.52,35.29,0,0
1192.64,35.3,0,0
1192.76,35.29,0,0
1192.88,35.3,0,0
1193.01,35.3,0,0
1193.13,35.29,0,0
1193.25,35.3,0,0
1193.37,35.29,0,0
1193.5,35.3,0,0
1193.62,35.3,0,0
1193.74,35.29,0,0
1193.86,35.3,0,0
1193.98,35.3,0,0
1194.11,35.3,0,0
1194.23,35.3,0,0
1194.35,35.3,0,0
1194.47,35.3,0,0
1194.59,35.3,0,0
1194.72,35.3,0,0
1194.84,35.3,0,0
1194.96,35.3,0,0
1195.08,35.3,0,0
1195.21,35.3,0,0
1195.33,35.3,0,0
1195.45,35.29,0,0
1195.57,35.3,0,0
1195.69,35.3,0,0
1195.82,35.3,0,0
1195.94,35.3,0,0
1196.06,35.3,0,0
1196.18,35.3,0,0
1196.31,35.3,0,0
1196.43,35.3,0,0
1196.55,35.3,0,0
1196.67,35.3,0,0
1196.8,35.3,0,0
1196.92,35.3,0,0
1197.04,35.3,0,0
1197.16,35.3,0,0
1197.28,35.3,0,0
1197.41,35.3,0,0
1197.53,35.3,0,0
1197.65,35.3,0,0
1197.77,35.3,0,0
1197.9,35.3,0,0
1198.02,35.3,0,0
1198.14,35.3,0,0
1198.26,35.3,0,0
1198.38,35.3,0,0
1198.51,35.3,0,0
1198.63,35.3,0,0
1198.75,35.3,0,0
1198.87,35.3,0,0
1199.0,35.3,0,0
1199.12,35.3,0,0
1199.24,35.3,0,0
1199.36,35.3,0,0
1199.48,35.3,0,0
1199.61,35.3,0,0
1199.73,35.3,0,0
1199.85,35.3,0,0
1199.97,35.3,0,0
1200.09,35.3,0,0
1200.22,35.3,0,0
1200.34,35.3,0,0
1200.46,35.3,0,0
1200.58,35.3,0,0
1200.71,35.3,0,0
1200.83,35.3,0,0
1200.95,35.3,0,0
1201.07,35.3,0,0
1201.19,35.3,0,0
1201.32,35.3,0,0
1201.44,35.3,0,0
1201.56,35.3,0,0
1201.68,35.3,0,0
1201.81,35.3,0,0
1201.93,35.3,0,0
1202.05,35.3,0,0
1202.17,35.3,0,0
1202.29,35.3,0,0
1202.42,35.3,0,0
1202.54,35.31,0,0
1202.66,35.31,0,0
1202.78,35.3,0,0
1202.91,35.3,0,0
1203.03,35.3,0,0
1203.15,35.3,0,0
1203.27,35.3,0,0
1203.4,35.3,0,0
1203.52,35.3,0,0
1203.64,35.3,0,0
1203.76,35.3,0,0
1203.88,35.3,0,0
1204.01,35.3,0,0
1204.13,35.3,0,0
1204.25,35.3,0,0
1204.37,35.3,0,0
1204.5,35.3,0,0
1204.62,35.31,0,0
1204.74,35.3,0,0
1204.86,35.3,0,0
1204.98,35.3,0,0
1205.1,35.3,0,0
1205.23,35.3,0,0
1205.35,35.31,0,0
1205.47,35.31,0,0
1205.59,35.3,0,0
1205.72,35.3,0,0
1205.84,35.3,0,0
1205.96,35.3,0,0
1206.08,35.3,0,0
1206.21,35.3,0,0
1206.33,35.3,0,0
1206.45,35.3,0,0
1206.57,35.3,0,0
1206.69,35.31,0,0
1206.82,35.31,0,0
1206.94,35.3,0,0
1207.06,35.3,0,0
1207.18,35.3,0,0
1207.31,35.3,0,0
1207.43,35.3,0,0
1207.55,35.3,0,0
1207.67,35.3,0,0
1207.79,35.3,0,0
1207.92,35.3,0,0
1208.04,35.3,0,0
1208.16,35.3,0,0
1208.28,35.3,0,0
1208.41,35.3,0,0
1208.53,35.3,0,0
1208.65,35.31,0,0
1208.77,35.3,0,0
1208.89,35.3,0,0
1209.02,35.3,0,0
1209.14,35.31,0,0
1209.26,35.31,0,0
1209.38,35.3,0,0
1209.51,35.3,0,0
1209.63,35.3,0,0
1209.75,35.31,0,0
1209.87,35.31,0,0
1210.0,35.3,0,0
1210.12,35.3,0,0
1210.24,35.31,0,0
1210.36,35.31,0,0
1210.48,35.3,0,0
1210.6,35.3,0,0
1210.73,35.31,0,0
1210.85,35.31,0,0
1210.97,35.3,0,0
1211.09,35.3,0,0
1211.22,35.3,0,0
1211.34,35.31,0,0
1211.46,35.3,0,0
1211.58,35.31,0,0
1211.7,35.31,0,0
1211.83,35.31,0,0
1211.95,35.3,0,0
1212.07,35.31,0,0
1212.19,35.31,0,0
1212.32,35.3,0,0
1212.44,35.3,0,0
1212.56,35.31,0,0
1212.68,35.3,0,0
1212.81,35.31,0,0
1212.93,35.31,0,0
1213.05,35.31,0,0
1213.17,35.31,0,0
1213.29,35.31,0,0
1213.42,35.31,0,0
1213.54,35.31,0,0
1213.66,35.31,0,0
1213.78,35.31,0,0
1213.91,35.31,0,0
1214.03,35.3,0,0
1214.15,35.31,0,0
1214.27,35.31,0,0
1214.39,35.3,0,0
1214.52,35.31,0,0
1214.64,35.31,0,0
1214.76,35.31,0,0
1214.88,35.31,0,0
1215.01,35.31,0,0
1215.13,35.31,0,0
1215.25,35.31,0,0
1215.37,35.31,0,0
1215.49,35.31,0,0
1215.62,35.31,0,0
1215.74,35.31,0,0
1215.86,35.31,0,0
1215.98,35.31,0,0
1216.1,35.31,0,0
1216.23,35.31,0,0
1216.35,35.31,0,0
1216.47,35.31,0,0
1216.59,35.31,0,0
1216.72,35.31,0,0
1216.84,35.31,0,0
1216.96,35.31,0,0
1217.08,35.31,0,0
1217.2,35.31,0,0
1217.33,35.31,0,0
1217.45,35.31,0,0
1217.57,35.31,0,0
1217.69,35.31,0,0
1217.82,35.31,0,0
1217.94,35.31,0,0
1218.06,35.31,0,0
1218.18,35.31,0,0
1218.31,35.31,0,0
1218.43,35.31,0,0
1218.55,35.31,0,0
1218.67,35.31,0,0
1218.79,35.31,0,0
1218.92,35.31,0,0
1219.04,35.31,0,0
1219.16,35.31,0,0
1219.28,35.31,0,0
1219.41,35.31,0,0
1219.53,35.31,0,0
1219.65,35.31,0,0
1219.77,35.31,0,0
1219.89,35.31,0,0
1220.02,35.31,0,0
1220.14,35.31,0,0
1220.26,35.31,0,0
1220.38,35.31,0,0
1220.51,35.31,0,0
1220.63,35.31,0,0
1220.75,35.31,0,0
1220.87,35.31,0,0
1220.99,35.31,0,0
1221.12,35.31,0,0
1221.24,35.31,0,0
1221.36,35.31,0,0
1221.48,35.31,0,0
1221.6,35.31,0,0
1221.73,35.31,0,0
1221.85,35.31,0,0
1221.97,35.31,0,0
1222.09,35.31,0,0
1222.22,35.31,0,0
1222.34,35.31,0,0
1222.46,35.31,0,0
1222.58,35.31,0,0
1222.7,35.31,0,0
1222.83,35.31,0,0
1222.95,35.31,0,0
1223.07,35.31,0,0
1223.19,35.31,0,0
1223.32,35.31,0,0
1223.44,35.31,0,0
1223.56,35.31,0,0
1223.68,35.31,0,0
1223.8,35.31,0,0
1223.93,35.31,0,0
1224.05,35.31,0,0
1224.17,35.31,0,0
1224.29,35.31,0,0
1224.42,35.31,0,0
1224.54,35.31,0,0
1224.66,35.31,0,0
1224.78,35.31,0,0
1224.91,35.31,0,0
1225.03,35.31,0,0
1225.15,35.31,0,0
1225.27,35.31,0,0
1225.39,35.31,0,0
1225.52,35.31,0,0
1225.64,35.31,0,0
1225.76,35.31,0,0
1225.88,35.31,0,0
1226.01,35.31,0,0
1226.13,35.31,0,0
1226.25,35.31,0,0
1226.37,35.31,0,0
1226.49,35.31,0,0
1226.62,35.31,0,0
1226.74,35.31,0,0
1226.86,35.31,0,0
1226.98,35.31,0,0
1227.1,35.31,0,0
1227.23,35.31,0,0
1227.35,35.31,0,0
1227.47,35.31,0,0
1227.59,35.31,0,0
1227.72,35.31,0,0
1227.84,35.31,0,0
1227.96,35.31,0,0
1228.08,35.31,0,0
1228.2,35.31,0,0
1228.33,35.31,0,0
1228.45,35.31,0,0
1228.57,35.31,0,0
1228.69,35.31,0,0
1228.82,35.31,0,0
1228.94,35.31,0,0
1229.06,35.31,0,0
1229.18,35.31,0,0
1229.3,35.31,0,0
1229.43,35.31,0,0
1229.55,35.31,0,0
1229.67,35.31,0,0
1229.79,35.31,0,0
1229.92,35.31,0,0
1230.04,35.31,0,0
1230.16,35.31,0,0
1230.28,35.31,0,0
1230.4,35.31,0,0
1230.53,35.31,0,0
1230.65,35.31,0,0
1230.77,35.31,0,0
1230.89,35.31,0,0
1231.02,35.31,0,0
1231.14,35.31,0,0
1231.26,35.31,0,0
1231.38,35.31,0,0
1231.51,35.31,0,0
1231.63,35.31,0,0
1231.75,35.31,0,0
1231.87,35.31,0,0
1231.99,35.31,0,0
1232.11,35.31,0,0
1232.24,35.31,0,0
1232.36,35.31,0,0
1232.48,35.31,0,0
1232.6,35.31,0,0
1232.73,35.31,0,0
1232.85,35.31,0,0
1232.97,35.31,0,0
1233.09,35.31,0,0
1233.22,35.31,0,0
1233.34,35.31,0,0
1233.46,35.31,0,0
1233.58,35.31,0,0
1233.7,35.31,0,0
1233.83,35.31,0,0
1233.95,35.31,0,0
1234.07,35.31,0,0
1234.19,35.31,0,0
1234.32,35.31,0,0
1234.44,35.31,0,0
1234.56,35.31,0,0
1234.68,35.31,0,0
1234.8,35.31,0,0
1234.93,35.31,0,0
1235.05,35.31,0,0
1235.17,35.31,0,0
1235.29,35.31,0,0
1235.42,35.31,0,0
1235.54,35.31,0,0
1235.66,35.31,0,0
1235.78,35.31,0,0
1235.9,35.31,0,0
1236.03,35.31,0,0
1236.15,35.31,0,0
1236.27,35.31,0,0
1236.39,35.31,0,0
1236.52,35.31,0,0
1236.64,35.31,0,0
1236.76,35.31,0,0
1236.88,35.31,0,0
1237.01,35.31,0,0
1237.13,35.31,0,0
1237.25,35.31,0,0
1237.37,35.31,0,0
1237.49,35.31,0,0
1237.61,35.31,0,0
1237.74,35.31,0,0
1237.86,35.31,0,0
1237.98,35.31,0,0
1238.1,35.31,0,0
1238.23,35.31,0,0
1238.35,35.31,0,0
1238.47,35.31,0,0
1238.59,35.3,0,0
1238.71,35.31,0,0
1238.84,35.31,0,0
1238.96,35.31,0,0
1239.08,35.3,0,0
1239.2,35.31,0,0
1239.33,35.31,0,0
1239.45,35.31,0,0
1239.57,35.3,0,0
1239.69,35.31,0,0
1239.82,35.31,0,0
1239.94,35.31,0,0
1240.06,35.31,0,0
1240.18,35.3,0,0
1240.3,35.31,0,0
1240.43,35.31,0,0
1240.55,35.31,0,0
1240.67,35.31,0,0
1240.79,35.31,0,0
1240.92,35.31,0,0
1241.04,35.31,0,0
1241.16,35.31,0,0
1241.28,35.31,0,0
1241.4,35.31,0,0
1241.53,35.31,0,0
1241.65,35.31,0,0
1241.77,35.31,0,0
1241.89,35.31,0,0
1242.02,35.31,0,0
1242.14,35.31,0,0
1242.26,35.31,0,0
1242.38,35.31,0,0
1242.5,35.31,0,0
1242.63,35.31,0,0
1242.75,35.31,0,0
1242.87,35.31,0,0
1242.99,35.31,0,0
1243.11,35.31,0,0
1243.24,35.31,0,0
1243.36,35.31,0,0
1243.48,35.31,0,0
1243.6,35.31,0,0
1243.73,35.31,0,0
1243.85,35.31,0,0
1243.97,35.31,0,0
1244.09,35.31,0,0
1244.21,35.31,0,0
1244.34,35.31,0,0
1244.46,35.31,0,0
1244.58,35.31,0,0
1244.7,35.31,0,0
1244.83,35.31,0,0
1244.95,35.31,0,0
1245.07,35.31,0,0
1245.19,35.31,0,0
1245.32,35.31,0,0
1245.44,35.31,0,0
1245.56,35.31,0,0
1245.68,35.32,0,0
1245.8,35.31,0,0
1245.93,35.31,0,0
1246.05,35.31,0,0
1246.17,35.32,0,0
1246.29,35.31,0,0
1246.42,35.31,0,0
1246.54,35.31,0,0
1246.66,35.32,0,0
1246.78,35.32,0,0
1246.9,35.32,0,0
1247.03,35.31,0,0
1247.15,35.32,0,0
1247.27,35.32,0,0
1247.39,35.32,0,0
1247.52,35.31,0,0
1247.64,35.32,0,0
1247.76,35.32,0,0
1247.88,35.32,0,0
1248.0,35.32,0,0
1248.13,35.31,0,0
1248.25,35.32,0,0
1248.37,35.32,0,0
1248.49,35.31,0,0
1248.61,35.31,0,0
1248.74,35.32,0,0
1248.86,35.32,0,0
1248.98,35.32,0,0
1249.1,35.31,0,0
1249.23,35.31,0,0
1249.35,35.31,0,0
1249.47,35.32,0,0
1249.59,35.32,0,0
1249.71,35.31,0,0
1249.84,35.31,0,0
1249.96,35.31,0,0
1250.08,35.31,0,0
1250.2,35.31,0,0
1250.33,35.31,0,0
1250.45,35.31,0,0
1250.57,35.31,0,0
1250.69,35.32,0,0
1250.81,35.31,0,0
1250.94,35.32,0,0
1251.06,35.31,0,0
1251.18,35.31,0,0
1251.3,35.32,0,0
1251.43,35.31,0,0
1251.55,35.32,0,0
1251.67,35.32,0,0
1251.79,35.31,0,0
1251.92,35.32,0,0
1252.04,35.32,0,0
1252.16,35.31,0,0
1252.28,35.31,0,0
1252.4,35.32,0,0
1252.53,35.31,0,0
1252.65,35.31,0,0
1252.77,35.32,0,0
1252.89,35.32,0,0
1253.02,35.31,0,0
1253.14,35.31,0,0
1253.26,35.32,0,0
1253.38,35.31,0,0
1253.5,35.32,0,0
1253.63,35.32,0,0
1253.75,35.32,0,0
1253.87,35.32,0,0
1253.99,35.32,0,0
1254.11,35.32,0,0
1254.24,35.32,0,0
1254.36,35.32,0,0
1254.48,35.32,0,0
1254.6,35.32,0,0
1254.73,35.32,0,0
1254.85,35.32,0,0
1254.97,35.32,0,0
1255.09,35.32,0,0
1255.21,35.32,0,0
1255.34,35.32,0,0
1255.46,35.32,0,0
1255.58,35.32,0,0
1255.7,35.32,0,0
1255.83,35.32,0,0
1255.95,35.32,0,0
1256.07,35.32,0,0
1256.19,35.32,0,0
1256.31,35.32,0,0
1256.44,35.32,0,0
1256.56,35.32,0,0
1256.68,35.32,0,0
1256.8,35.32,0,0
1256.93,35.32,0,0
1257.05,35.32,0,0
1257.17,35.32,0,0
1257.29,35.32,0,0
1257.41,35.32,0,0
1257.54,35.32,0,0
1257.66,35.32,0,0
1257.78,35.32,0,0
1257.9,35.32,0,0
1258.03,35.32,0,0
1258.15,35.32,0,0
1258.27,35.32,0,0
1258.39,35.32,0,0
1258.52,35.32,0,0
1258.64,35.32,0,0
1258.76,35.32,0,0
1258.88,35.32,0,0
1259.0,35.32,0,0
1259.13,35.32,0,0
1259.25,35.32,0,0
1259.37,35.32,0,0
1259.49,35.32,0,0
1259.61,35.32,0,0
1259.74,35.32,0,0
1259.86,35.32,0,0
1259.98,35.32,0,0
1260.1,35.32,0,0
1260.23,35.32,0,0
1260.35,35.32,0,0
1260.47,35.32,0,0
1260.59,35.32,0,0
1260.71,35.32,0,0
1260.84,35.32,0,0
1260.96,35.32,0,0
1261.08,35.32,0,0
1261.2,35.32,0,0
1261.33,35.32,0,0
1261.45,35.32,0,0
1261.57,35.32,0,0
1261.69,35.32,0,0
1261.81,35.32,0,0
1261.94,35.32,0,0
1262.06,35.32,0,0
1262.18,35.32,0,0
1262.3,35.32,0,0
1262.43,35.32,0,0
1262.55,35.32,0,0
1262.67,35.32,0,0
1262.79,35.32,0,0
1262.91,35.32,0,0
1263.04,35.32,0,0
1263.16,35.32,0,0
1263.28,35.32,0,0
1263.4,35.32,0,0
1263.53,35.32,0,0
1263.65,35.32,0,0
1263.77,35.32,0,0
1263.89,35.32,0,0
1264.02,35.32,0,0
1264.14,35.32,0,0
1264.26,35.32,0,0
1264.38,35.32,0,0
1264.5,35.32,0,0
1264.63,35.32,0,0
1264.75,35.32,0,0
1264.87,35.32,0,0
1264.99,35.32,0,0
1265.11,35.32,0,0
1265.24,35.32,0,0
1265.36,35.32,0,0
1265.48,35.32,0,0
1265.6,35.32,0,0
1265.72,35.32,0,0
1265.85,35.32,0,0
1265.97,35.32,0,0
1266.09,35.32,0,0
1266.21,35.32,0,0
1266.34,35.32,0,0
1266.46,35.32,0,0
1266.58,35.32,0,0
1266.7,35.32,0,0
1266.83,35.32,0,0
1266.95,35.32,0,0
1267.07,35.32,0,0
1267.19,35.32,0,0
1267.31,35.32,0,0
1267.44,35.32,0,0
1267.56,35.32,0,0
1267.68,35.32,0,0
1267.8,35.32,0,0
1267.93,35.32,0,0
1268.05,35.32,0,0
1268.17,35.32,0,0
1268.29,35.32,0,0
1268.41,35.32,0,0
1268.54,35.32,0,0
1268.66,35.32,0,0
1268.78,35.32,0,0
1268.9,35.32,0,0
1269.03,35.32,0,0
1269.15,35.32,0,0
1269.27,35.32,0,0
1269.39,35.32,0,0
1269.51,35.32,0,0
1269.64,35.32,0,0
1269.76,35.32,0,0
1269.88,35.32,0,0
1270.0,35.32,0,0
1270.13,35.32,0,0
1270.25,35.32,0,0
1270.37,35.32,0,0
1270.49,35.32,0,0
1270.61,35.32,0,0
1270.74,35.32,0,0
1270.86,35.32,0,0
1270.98,35.32,0,0
1271.1,35.32,0,0
1271.22,35.32,0,0
1271.35,35.32,0,0
1271.47,35.32,0,0
1271.59,35.32,0,0
1271.71,35.32,0,0
1271.84,35.32,0,0
1271.96,35.32,0,0
1272.08,35.32,0,0
1272.2,35.32,0,0
1272.33,35.32,0,0
1272.45,35.32,0,0
1272.57,35.32,0,0
1272.69,35.32,0,0
1272.81,35.32,0,0
1272.94,35.32,0,0
1273.06,35.32,0,0
1273.18,35.32,0,0
1273.3,35.32,0,0
1273.43,35.32,0,0
1273.55,35.32,0,0
1273.67,35.32,0,0
1273.79,35.32,0,0
1273.91,35.32,0,0
1274.04,35.32,0,0
1274.16,35.32,0,0
1274.28,35.32,0,0
1274.4,35.32,0,0
1274.53,35.32,0,0
1274.65,35.32,0,0
1274.77,35.32,0,0
1274.89,35.32,0,0
1275.01,35.32,0,0
1275.14,35.32,0,0
1275.26,35.32,0,0
1275.38,35.32,0,0
1275.5,35.32,0,0
1275.63,35.32,0,0
1275.75,35.32,0,0
1275.87,35.32,0,0
1275.99,35.32,0,0
1276.11,35.32,0,0
1276.24,35.32,0,0
1276.36,35.32,0,0
1276.48,35.32,0,0
1276.6,35.32,0,0
1276.72,35.32,0,0
1276.85,35.32,0,0
1276.97,35.32,0,0
1277.09,35.32,0,0
1277.21,35.32,0,0
1277.34,35.32,0,0
1277.46,35.32,0,0
1277.58,35.32,0,0
1277.7,35.32,0,0
1277.82,35.32,0,0
1277.95,35.32,0,0
1278.07,35.32,0,0
1278.19,35.32,0,0
1278.31,35.32,0,0
1278.44,35.32,0,0
1278.56,35.32,0,0
1278.68,35.32,0,0
1278.8,35.32,0,0
1278.93,35.32,0,0
1279.05,35.32,0,0
1279.17,35.32,0,0
1279.29,35.32,0,0
1279.41,35.32,0,0
1279.54,35.32,0,0
1279.66,35.32,0,0
1279.78,35.32,0,0
1279.9,35.32,0,0
1280.03,35.32,0,0
1280.15,35.33,0,0
1280.27,35.32,0,0
1280.39,35.33,0,0
1280.51,35.33,0,0
1280.64,35.33,0,0
1280.76,35.33,0,0
1280.88,35.32,0,0
1281.0,35.33,0,0
1281.13,35.33,0,0
1281.25,35.33,0,0
1281.37,35.33,0,0
1281.49,35.32,0,0
1281.61,35.32,0,0
1281.74,35.33,0,0
1281.86,35.33,0,0
1281.98,35.33,0,0
1282.1,35.33,0,0
1282.22,35.33,0,0
1282.35,35.33,0,0
1282.47,35.33,0,0
1282.59,35.33,0,0
1282.71,35.33,0,0
1282.84,35.33,0,0
1282.96,35.33,0,0
1283.08,35.33,0,0
1283.2,35.33,0,0
1283.32,35.33,0,0
1283.45,35.32,0,0
1283.57,35.33,0,0
1283.69,35.33,0,0
1283.81,35.33,0,0
1283.94,35.33,0,0
1284.06,35.33,0,0
1284.18,35.32,0,0
1284.3,35.33,0,0
1284.42,35.33,0,0
1284.55,35.33,0,0
1284.67,35.33,0,0
1284.79,35.33,0,0
1284.91,35.33,0,0
1285.04,35.33,0,0
1285.16,35.33,0,0
1285.28,35.33,0,0
1285.4,35.33,0,0
1285.53,35.33,0,0
1285.65,35.33,0,0
1285.77,35.33,0,0
1285.89,35.33,0,0
1286.01,35.33,0,0
1286.14,35.33,0,0
1286.26,35.33,0,0
1286.38,35.33,0,0
1286.5,35.33,0,0
1286.63,35.33,0,0
1286.75,35.33,0,0
1286.87,35.33,0,0
1286.99,35.33,0,0
1287.11,35.33,0,0
1287.24,35.33,0,0
1287.36,35.33,0,0
1287.48,35.33,0,0
1287.6,35.33,0,0
1287.72,35.33,0,0
1287.85,35.33,0,0
1287.97,35.33,0,0
1288.09,35.33,0,0
1288.21,35.33,0,0
1288.34,35.33,0,0
1288.46,35.33,0,0
1288.58,35.33,0,0
1288.7,35.33,0,0
1288.82,35.33,0,0
1288.95,35.33,0,0
1289.07,35.33,0,0
1289.19,35.33,0,0
1289.31,35.33,0,0
1289.44,35.33,0,0
1289.56,35.33,0,0
1289.68,35.33,0,0
1289.8,35.33,0,0
1289.92,35.33,0,0
1290.05,35.33,0,0
1290.17,35.33,0,0
1290.29,35.33,0,0
1290.41,35.33,0,0
1290.54,35.33,0,0
1290.66,35.33,0,0
1290.78,35.33,0,0
1290.9,35.33,0,0
1291.03,35.33,0,0
1291.15,35.33,0,0
1291.27,35.33,0,0
1291.39,35.33,0,0
1291.51,35.33,0,0
1291.64,35.33,0,0
1291.76,35.33,0,0
1291.88,35.33,0,0
1292.0,35.33,0,0
1292.13,35.33,0,0
1292.25,35.33,0,0
1292.37,35.33,0,0
1292.49,35.33,0,0
1292.61,35.33,0,0
1292.73,35.33,0,0
1292.86,35.33,0,0
1292.98,35.33,0,0
1293.1,35.33,0,0
1293.22,35.33,0,0
1293.35,35.33,0,0
1293.47,35.33,0,0
1293.59,35.33,0,0
1293.71,35.33,0,0
1293.84,35.33,0,0
1293.96,35.33,0,0
1294.08,35.33,0,0
1294.2,35.33,0,0
1294.32,35.33,0,0
1294.45,35.33,0,0
1294.57,35.33,0,0
1294.69,35.33,0,0
1294.81,35.33,0,0
1294.94,35.34,0,0
1295.06,35.34,0,0
1295.18,35.34,0,0
1295.3,35.34,0,0
1295.42,35.34,0,0
1295.55,35.34,0,0
1295.67,35.34,0,0
1295.79,35.34,0,0
1295.91,35.33,0,0
1296.04,35.33,0,0
1296.16,35.33,0,0
1296.28,35.33,0,0
1296.4,35.34,0,0
1296.52,35.34,0,0
1296.65,35.33,0,0
1296.77,35.34,0,0
1296.89,35.34,0,0
1297.01,35.33,0,0
1297.14,35.34,0,0
1297.26,35.33,0,0
1297.38,35.34,0,0
1297.5,35.33,0,0
1297.63,35.33,0,0
1297.75,35.34,0,0
1297.87,35.34,0,0
1297.99,35.34,0,0
1298.11,35.33,0,0
1298.23,35.34,0,0
1298.36,35.34,0,0
1298.48,35.33,0,0
1298.6,35.34,0,0
1298.72,35.34,0,0
1298.85,35.34,0,0
1298.97,35.34,0,0
1299.09,35.34,0,0
1299.21,35.34,0,0
1299.34,35.34,0,0
1299.46,35.34,0,0
1299.58,35.34,0,0
1299.7,35.35,0,0
1299.82,35.35,0,0
1299.95,35.35,0,0
1300.07,35.34,0,0
1300.19,35.34,0,0
1300.31,35.34,0,0
1300.44,35.34,0,0
1300.56,35.34,0,0
1300.68,35.34,0,0
1300.8,35.34,0,0
1300.92,35.34,0,0
1301.05,35.34,0,0
1301.17,35.34,0,0
1301.29,35.34,0,0
1301.41,35.34,0,0
1301.54,35.34,0,0
1301.66,35.34,0,0
1301.78,35.34,0,0
1301.9,35.34,0,0
1302.02,35.34,0,0
1302.15,35.34,0,0
1302.27,35.34,0,0
1302.39,35.34,0,0
1302.51,35.34,0,0
1302.64,35.34,0,0
1302.76,35.34,0,0
1302.88,35.34,0,0
1303.0,35.34,0,0
1303.12,35.34,0,0
1303.25,35.34,0,0
1303.37,35.34,0,0
1303.49,35.34,0,0
1303.61,35.35,0,0
1303.73,35.35,0,0
1303.86,35.35,0,0
1303.98,35.35,0,0
1304.1,35.35,0,0
1304.22,35.35,0,0
1304.35,35.35,0,0
1304.47,35.35,0,0
1304.59,35.35,0,0
1304.71,35.35,0,0
1304.83,35.35,0,0
1304.96,35.35,0,0
1305.08,35.35,0,0
1305.2,35.35,0,0
1305.32,35.35,0,0
1305.45,35.35,0,0
1305.57,35.35,0,0
1305.69,35.35,0,0
1305.81,35.35,0,0
1305.94,35.35,0,0
1306.06,35.35,0,0
1306.18,35.35,0,0
1306.3,35.35,0,0
1306.42,35.35,0,0
1306.55,35.35,0,0
1306.67,35.35,0,0
1306.79,35.35,0,0
1306.91,35.35,0,0
1307.04,35.35,0,0
1307.16,35.35,0,0
1307.28,35.35,0,0
1307.4,35.35,0,0
1307.52,35.35,0,0
1307.65,35.35,0,0
1307.77,35.35,0,0
1307.89,35.35,0,0
1308.01,35.35,0,0
1308.14,35.35,0,0
1308.26,35.35,0,0
1308.38,35.35,0,0
1308.5,35.35,0,0
1308.62,35.35,0,0
1308.75,35.35,0,0
1308.87,35.35,0,0
1308.99,35.35,0,0
1309.11,35.35,0,0
1309.23,35.35,0,0
1309.36,35.35,0,0
1309.48,35.35,0,0
1309.6,35.35,0,0
1309.72,35.36,0,0
1309.85,35.35,0,0
1309.97,35.35,0,0
1310.09,35.35,0,0
1310.21,35.35,0,0
1310.33,35.35,0,0
1310.46,35.35,0,0
1310.58,35.35,0,0
1310.7,35.35,0,0
1310.82,35.35,0,0
1310.95,35.35,0,0
1311.07,35.35,0,0
1311.19,35.35,0,0
1311.31,35.36,0,0
1311.43,35.36,0,0
1311.56,35.35,0,0
1311.68,35.35,0,0
1311.8,35.36,0,0
1311.92,35.35,0,0
1312.05,35.36,0,0
1312.17,35.35,0,0
1312.29,35.35,0,0
1312.41,35.36,0,0
1312.54,35.35,0,0
1312.66,35.35,0,0
1312.78,35.35,0,0
1312.9,35.36,0,0
1313.02,35.36,0,0
1313.15,35.36,0,0
1313.27,35.36,0,0
1313.39,35.35,0,0
1313.51,35.36,0,0
1313.64,35.36,0,0
1313.76,35.35,0,0
1313.88,35.36,0,0
1314.0,35.35,0,0
1314.12,35.35,0,0
1314.25,35.36,0,0
1314.37,35.36,0,0
1314.49,35.35,0,0
1314.61,35.36,0,0
1314.73,35.36,0,0
1314.86,35.36,0,0
1314.98,35.36,0,0
1315.1,35.36,0,0
1315.22,35.36,0,0
1315.35,35.36,0,0
1315.47,35.36,0,0
1315.59,35.36,0,0
1315.71,35.36,0,0
1315.83,35.36,0,0
1315.96,35.36,0,0
1316.08,35.36,0,0
1316.2,35.36,0,0
1316.32,35.36,0,0
1316.45,35.36,0,0
1316.57,35.36,0,0
1316.69,35.36,0,0
1316.81,35.36,0,0
1316.93,35.36,0,0
1317.06,35.36,0,0
1317.18,35.36,0,0
1317.3,35.36,0,0
1317.42,35.36,0,0
1317.55,35.36,0,0
1317.67,35.36,0,0
1317.79,35.36,0,0
1317.91,35.36,0,0
1318.04,35.36,0,0
1318.16,35.36,0,0
1318.28,35.36,0,0
1318.4,35.36,0,0
1318.52,35.36,0,0
1318.65,35.36,0,0
1318.77,35.36,0,0
1318.89,35.36,0,0
1319.01,35.36,0,0
1319.14,35.35,0,0
1319.26,35.36,0,0
1319.38,35.36,0,0
1319.5,35.36,0,0
1319.62,35.37,0,0
1319.75,35.36,0,0
1319.87,35.36,0,0
1319.99,35.36,0,0
1320.11,35.35,0,0
1320.23,35.36,0,0
1320.36,35.36,0,0
1320.48,35.36,0,0
1320.6,35.37,0,0
1320.72,35.36,0,0
1320.85,35.36,0,0
1320.97,35.37,0,0
1321.09,35.36,0,0
1321.21,35.36,0,0
1321.33,35.37,0,0
1321.46,35.36,0,0
1321.58,35.36,0,0
1321.7,35.36,0,0
1321.82,35.36,0,0
1321.95,35.36,0,0
1322.07,35.36,0,0
1322.19,35.36,0,0
1322.31,35.36,0,0
1322.43,35.36,0,0
1322.56,35.36,0,0
1322.68,35.36,0,0
1322.8,35.36,0,0
1322.92,35.36,0,0
1323.05,35.35,0,0
1323.17,35.37,0,0
1323.29,35.36,0,0
1323.41,35.37,0,0
1323.53,35.36,0,0
1323.66,35.36,0,0
1323.78,35.37,0,0
1323.9,35.36,0,0
1324.02,35.36,0,0
1324.15,35.37,0,0
1324.27,35.37,0,0
1324.39,35.36,0,0
1324.51,35.37,0,0
1324.64,35.38,0,0
1324.76,35.37,0,0
1324.88,35.37,0,0
1325.0,35.37,0,0
1325.12,35.37,0,0
1325.25,35.38,0,0
1325.37,35.38,0,0
1325.49,35.38,0,0
1325.61,35.38,0,0
1325.73,35.38,0,0
1325.86,35.39,0,0
1325.98,35.38,0,0
1326.1,35.38,0,0
1326.22,35.38,0,0
1326.35,35.39,0,0
1326.47,35.39,0,0
1326.59,35.38,0,0
1326.71,35.39,0,0
1326.83,35.39,0,0
1326.96,35.39,0,0
1327.08,35.39,0,0
1327.2,35.39,0,0
1327.32,35.39,0,0
1327.45,35.39,0,0
1327.57,35.4,0,0
1327.69,35.4,0,0
1327.81,35.4,0,0
1327.93,35.39,0,0
1328.06,35.4,0,0
1328.18,35.4,0,0
1328.3,35.4,0,0
1328.42,35.4,0,0
1328.55,35.4,0,0
1328.67,35.4,0,0
1328.79,35.4,0,0
1328.91,35.4,0,0
1329.03,35.4,0,0
1329.16,35.4,0,0
1329.28,35.4,0,0
1329.4,35.41,0,0
1329.52,35.41,0,0
1329.65,35.41,0,0
1329.77,35.41,0,0
1329.89,35.41,0,0
1330.01,35.41,0,0
1330.13,35.41,0,0
1330.26,35.41,0,0
1330.38,35.41,0,0
1330.5,35.41,0,0
1330.62,35.41,0,0
1330.75,35.41,0,0
1330.87,35.41,0,0
1330.99,35.41,0,0
1331.11,35.41,0,0
1331.23,35.42,0,0
1331.36,35.42,0,0
1331.48,35.42,0,0
1331.6,35.42,0,0
1331.72,35.42,0,0
1331.84,35.42,0,0
1331.97,35.42,0,0
1332.09,35.42,0,0
1332.21,35.41,0,0
1332.33,35.42,0,0
1332.46,35.42,0,0
1332.58,35.42,0,0
1332.7,35.42,0,0
1332.82,35.42,0,0
1332.94,35.42,0,0
1333.07,35.42,0,0
1333.19,35.42,0,0
1333.31,35.42,0,0
1333.43,35.43,0,0
1333.56,35.42,0,0
1333.68,35.42,0,0
1333.8,35.43,0,0
1333.92,35.43,0,0
1334.05,35.42,0,0
1334.17,35.43,0,0
1334.29,35.43,0,0
1334.41,35.43,0,0
1334.53,35.43,0,0
1334.66,35.42,0,0
1334.78,35.43,0,0
1334.9,35.43,0,0
1335.02,35.43,0,0
1335.15,35.43,0,0
1335.27,35.43,0,0
1335.39,35.43,0,0
1335.51,35.43,0,0
1335.63,35.43,0,0
1335.76,35.43,0,0
1335.88,35.44,0,0
1336.0,35.44,0,0
1336.12,35.43,0,0
1336.25,35.43,0,0
1336.37,35.43,0,0
1336.49,35.43,0,0
1336.61,35.44,0,0
1336.73,35.43,0,0
1336.86,35.43,0,0
1336.98,35.44,0,0
1337.1,35.44,0,0
1337.22,35.43,0,0
1337.34,35.43,0,0
1337.47,35.44,0,0
1337.59,35.44,0,0
1337.71,35.44,0,0
1337.83,35.44,0,0
1337.96,35.43,0,0
1338.08,35.44,0,0
1338.2,35.44,0,0
1338.32,35.44,0,0
1338.44,35.44,0,0
1338.57,35.44,0,0
1338.69,35.44,0,0
1338.81,35.44,0,0
1338.93,35.44,0,0
1339.06,35.44,0,0
1339.18,35.44,0,0
1339.3,35.44,0,0
1339.42,35.44,0,0
1339.55,35.44,0,0
1339.67,35.44,0,0
1339.79,35.44,0,0
1339.91,35.44,0,0
1340.03,35.44,0,0
1340.16,35.44,0,0
1340.28,35.44,0,0
1340.4,35.44,0,0
1340.52,35.44,0,0
1340.65,35.44,0,0
1340.77,35.44,0,0
1340.89,35.45,0,0
1341.01,35.45,0,0
1341.13,35.45,0,0
1341.26,35.45,0,0
1341.38,35.45,0,0
1341.5,35.45,0,0
1341.62,35.45,0,0
1341.75,35.45,0,0
1341.87,35.45,0,0
1341.99,35.45,0,0
1342.11,35.45,0,0
1342.23,35.45,0,0
1342.36,35.45,0,0
1342.48,35.45,0,0
1342.6,35.45,0,0
1342.72,35.45,0,0
1342.84,35.45,0,0
1342.97,35.45,0,0
1343.09,35.45,0,0
1343.21,35.45,0,0
1343.33,35.45,0,0
1343.46,35.45,0,0
1343.58,35.45,0,0
1343.7,35.45,0,0
1343.82,35.45,0,0
1343.94,35.45,0,0
1344.07,35.45,0,0
1344.19,35.45,0,0
1344.31,35.45,0,0
1344.43,35.45,0,0
1344.56,35.45,0,0
1344.68,35.45,0,0
1344.8,35.45,0,0
1344.92,35.45,0,0
1345.05,35.45,0,0
1345.17,35.45,0,0
1345.29,35.45,0,0
1345.41,35.45,0,0
1345.53,35.45,0,0
1345.66,35.45,0,0
1345.78,35.45,0,0
1345.9,35.45,0,0
1346.02,35.45,0,0
1346.15,35.45,0,0
1346.27,35.45,0,0
1346.39,35.45,0,0
1346.51,35.45,0,0
1346.63,35.45,0,0
1346.76,35.45,0,0
1346.88,35.45,0,0
1347.0,35.45,0,0
1347.12,35.45,0,0
1347.25,35.45,0,0
1347.37,35.45,0,0
1347.49,35.45,0,0
1347.61,35.45,0,0
1347.73,35.45,0,0
1347.86,35.45,0,0
1347.98,35.45,0,0
1348.1,35.45,0,0
1348.22,35.44,0,0
1348.34,35.45,0,0
1348.47,35.45,0,0
1348.59,35.44,0,0
1348.71,35.45,0,0
1348.83,35.44,0,0
1348.96,35.44,0,0
1349.08,35.44,0,0
1349.2,35.45,0,0
1349.32,35.44,0,0
1349.44,35.44,0,0
1349.57,35.44,0,0
1349.69,35.44,0,0
1349.81,35.44,0,0
1349.93,35.45,0,0
1350.06,35.44,0,0
1350.18,35.44,0,0
1350.3,35.44,0,0
1350.42,35.44,0,0
1350.54,35.44,0,0
1350.67,35.44,0,0
1350.79,35.44,0,0
1350.91,35.44,0,0
1351.03,35.44,0,0
1351.16,35.44,0,0
1351.28,35.44,0,0
1351.4,35.44,0,0
1351.52,35.44,0,0
1351.65,35.44,0,0
1351.77,35.44,0,0
1351.89,35.44,0,0
1352.01,35.44,0,0
1352.13,35.44,0,0
1352.26,35.44,0,0
1352.38,35.44,0,0
1352.5,35.44,0,0
1352.62,35.44,0,0
1352.74,35.44,0,0
1352.87,35.44,0,0
1352.99,35.44,0,0
1353.11,35.44,0,0
1353.23,35.44,0,0
1353.36,35.44,0,0
1353.48,35.44,0,0
1353.6,35.44,0,0
1353.72,35.44,0,0
1353.84,35.44,0,0
1353.97,35.44,0,0
1354.09,35.44,0,0
1354.21,35.44,0,0
1354.33,35.44,0,0
1354.46,35.44,0,0
1354.58,35.44,0,0
1354.7,35.44,0,0
1354.82,35.44,0,0
1354.94,35.44,0,0
1355.07,35.44,0,0
1355.19,35.44,0,0
1355.31,35.44,0,0
1355.43,35.44,0,0
1355.56,35.44,0,0
1355.68,35.44,0,0
1355.8,35.44,0,0
1355.92,35.44,0,0
1356.04,35.44,0,0
1356.17,35.44,0,0
1356.29,35.44,0,0
1356.41,35.44,0,0
1356.53,35.44,0,0
1356.66,35.44,0,0
1356.78,35.44,0,0
1356.9,35.44,0,0
1357.02,35.44,0,0
1357.14,35.44,0,0
1357.27,35.44,0,0
1357.39,35.44,0,0
1357.51,35.44,0,0
1357.63,35.44,0,0
1357.76,35.44,0,0
1357.88,35.44,0,0
1358.0,35.44,0,0
1358.12,35.44,0,0
1358.24,35.44,0,0
1358.37,35.44,0,0
1358.49,35.44,0,0
1358.61,35.44,0,0
1358.73,35.44,0,0
1358.85,35.44,0,0
1358.98,35.44,0,0
1359.1,35.44,0,0
1359.22,35.44,0,0
1359.34,35.44,0,0
1359.47,35.44,0,0
1359.59,35.44,0,0
1359.71,35.44,0,0
1359.83,35.44,0,0
1359.95,35.44,0,0
1360.08,35.44,0,0
1360.2,35.44,0,0
1360.32,35.44,0,0
1360.44,35.44,0,0
1360.57,35.44,0,0
1360.69,35.44,0,0
1360.81,35.44,0,0
1360.93,35.44,0,0
1361.06,35.44,0,0
1361.18,35.44,0,0
1361.3,35.44,0,0
1361.42,35.44,0,0
1361.54,35.44,0,0
1361.67,35.44,0,0
1361.79,35.44,0,0
1361.91,35.44,0,0
1362.03,35.44,0,0
1362.16,35.44,0,0
1362.28,35.44,0,0
1362.4,35.44,0,0
1362.52,35.44,0,0
1362.64,35.44,0,0
1362.77,35.44,0,0
1362.89,35.44,0,0
1363.01,35.44,0,0
1363.13,35.44,0,0
1363.26,35.44,0,0
1363.38,35.44,0,0
1363.5,35.44,0,0
1363.62,35.44,0,0
1363.74,35.44,0,0
1363.87,35.44,0,0
1363.99,35.44,0,0
1364.11,35.44,0,0
1364.23,35.44,0,0
1364.35,35.44,0,0
1364.48,35.44,0,0
1364.6,35.44,0,0
1364.72,35.44,0,0
1364.84,35.44,0,0
1364.97,35.44,0,0
1365.09,35.44,0,0
1365.21,35.44,0,0
1365.33,35.44,0,0
1365.45,35.44,0,0
1365.58,35.44,0,0
1365.7,35.44,0,0
1365.82,35.44,0,0
1365.94,35.44,0,0
1366.07,35.44,0,0
1366.19,35.44,0,0
1366.31,35.44,0,0
1366.43,35.44,0,0
1366.56,35.44,0,0
1366.68,35.44,0,0
1366.8,35.44,0,0
1366.92,35.44,0,0
1367.04,35.44,0,0
1367.17,35.44,0,0
1367.29,35.44,0,0
1367.41,35.44,0,0
1367.53,35.44,0,0
1367.66,35.44,0,0
1367.78,35.44,0,0
1367.9,35.44,0,0
1368.02,35.44,0,0
1368.14,35.44,0,0
1368.27,35.44,0,0
1368.39,35.44,0,0
1368.51,35.44,0,0
1368.63,35.44,0,0
1368.76,35.44,0,0
1368.88,35.44,0,0
1369.0,35.44,0,0
1369.12,35.44,0,0
1369.24,35.44,0,0
1369.37,35.44,0,0
1369.49,35.44,0,0
1369.61,35.44,0,0
1369.73,35.44,0,0
1369.85,35.44,0,0
1369.98,35.44,0,0
1370.1,35.44,0,0
1370.22,35.44,0,0
1370.34,35.44,0,0
1370.47,35.44,0,0
1370.59,35.44,0,0
1370.71,35.44,0,0
1370.83,35.44,0,0
1370.95,35.44,0,0
1371.08,35.44,0,0
1371.2,35.44,0,0
1371.32,35.44,0,0
1371.44,35.44,0,0
1371.57,35.44,0,0
1371.69,35.44,0,0
1371.81,35.44,0,0
1371.93,35.44,0,0
1372.06,35.44,0,0
1372.18,35.44,0,0
1372.3,35.44,0,0
1372.42,35.44,0,0
1372.54,35.44,0,0
1372.67,35.44,0,0
1372.79,35.44,0,0
1372.91,35.44,0,0
1373.03,35.44,0,0
1373.16,35.44,0,0
1373.28,35.44,0,0
1373.4,35.44,0,0
1373.52,35.44,0,0
1373.64,35.44,0,0
1373.77,35.44,0,0
1373.89,35.44,0,0
1374.01,35.44,0,0
1374.13,35.44,0,0
1374.26,35.44,0,0
1374.38,35.44,0,0
1374.5,35.44,0,0
1374.62,35.44,0,0
1374.74,35.44,0,0
1374.87,35.44,0,0
1374.99,35.44,0,0
1375.11,35.44,0,0
1375.23,35.44,0,0
1375.35,35.44,0,0
1375.48,35.44,0,0
1375.6,35.44,0,0
1375.72,35.44,0,0
1375.84,35.44,0,0
1375.97,35.44,0,0
1376.09,35.44,0,0
1376.21,35.45,0,0
1376.33,35.45,0,0
1376.45,35.44,0,0
1376.58,35.44,0,0
1376.7,35.45,0,0
1376.82,35.44,0,0
1376.94,35.44,0,0
1377.06,35.44,0,0
1377.19,35.45,0,0
1377.31,35.45,0,0
1377.43,35.44,0,0
1377.55,35.45,0,0
1377.68,35.45,0,0
1377.8,35.45,0,0
1377.92,35.45,0,0
1378.04,35.45,0,0
1378.17,35.45,0,0
1378.29,35.44,0,0
1378.41,35.45,0,0
1378.53,35.45,0,0
1378.66,35.45,0,0
1378.78,35.45,0,0
1378.9,35.45,0,0
1379.02,35.45,0,0
1379.14,35.45,0,0
1379.27,35.45,0,0
1379.39,35.45,0,0
1379.51,35.45,0,0
1379.63,35.45,0,0
1379.76,35.45,0,0
1379.88,35.45,0,0
1380.0,35.45,0,0
1380.12,35.45,0,0
1380.24,35.45,0,0
1380.37,35.45,0,0
1380.49,35.45,0,0
1380.61,35.45,0,0
1380.73,35.45,0,0
1380.85,35.45,0,0
1380.98,35.45,0,0
1381.1,35.45,0,0
1381.22,35.45,0,0
1381.34,35.45,0,0
1381.47,35.45,0,0
1381.59,35.45,0,0
1381.71,35.46,0,0
1381.83,35.45,0,0
1381.95,35.45,0,0
1382.08,35.45,0,0
1382.2,35.46,0,0
1382.32,35.46,0,0
1382.44,35.45,0,0
1382.56,35.46,0,0
1382.69,35.46,0,0
1382.81,35.45,0,0
1382.93,35.46,0,0
1383.05,35.46,0,0
1383.18,35.46,0,0
1383.3,35.46,0,0
1383.42,35.45,0,0
1383.54,35.44,0,0
1383.67,35.44,0,0
1383.79,35.44,0,0
1383.91,35.43,0,0
1384.03,35.43,0,0
1384.15,35.42,0,0
1384.28,35.42,0,0
1384.4,35.41,0,0
1384.52,35.41,0,0
1384.64,35.41,0,0
1384.77,35.4,0,0
1384.89,35.4,0,0
1385.01,35.39,0,0
1385.13,35.39,0,0
1385.25,35.38,0,0
1385.38,35.38,0,0
1385.5,35.37,0,0
1385.62,35.37,0,0
1385.74,35.37,0,0
1385.86,35.37,0,0
1385.99,35.35,0,0
1386.11,35.35,0,0
1386.23,35.35,0,0
1386.35,35.34,0,0
1386.48,35.33,0,0
1386.6,35.33,0,0
1386.72,35.32,0,0
1386.84,35.31,0,0
1386.97,35.3,0,0
1387.09,35.29,0,0
1387.21,35.29,0,0
1387.33,35.29,0,0
1387.45,35.28,0,0
1387.58,35.27,0,0
1387.7,35.26,0,0
1387.82,35.26,0,0
1387.94,35.26,0,0
1388.06,35.25,0,0
1388.19,35.25,0,0
1388.31,35.24,0,0
1388.43,35.24,0,0
1388.55,35.24,0,0
1388.68,35.24,0,0
1388.8,35.24,0,0
1388.92,35.23,0,0
1389.04,35.23,0,0
1389.17,35.23,0,0
1389.29,35.21,0,0
1389.41,35.22,0,0
1389.53,35.21,0,0
1389.65,35.2,0,0
1389.78,35.2,0,0
1389.9,35.19,0,0
1390.02,35.19,0,0
1390.14,35.18,0,0
1390.27,35.17,0,0
1390.39,35.17,0,0
1390.51,35.16,0,0
1390.63,35.16,0,0
1390.75,35.16,0,0
1390.88,35.15,0,0
1391.0,35.14,0,0
1391.12,35.15,0,0
1391.24,35.15,0,0
1391.36,35.15,0,0
1391.49,35.15,0,0
1391.61,35.15,0,0
1391.73,35.15,0,0
1391.85,35.15,0,0
1391.98,35.15,0,0
1392.1,35.15,0,0
1392.22,35.15,0,0
1392.34,35.16,0,0
1392.46,35.16,0,0
1392.59,35.18,0,0
1392.71,35.18,0,0
1392.83,35.2,0,0
1392.95,35.21,0,0
1393.08,35.21,0,0
1393.2,35.22,0,0
1393.32,35.23,0,0
1393.44,35.25,0,0
1393.56,35.26,0,0
1393.69,35.28,0,0
1393.81,35.3,0,0
1393.93,35.3,0,0
1394.05,35.32,0,0
1394.18,35.33,0,0
1394.3,35.33,0,0
1394.42,35.33,0,0
1394.54,35.34,0,0
1394.67,35.34,0,0
1394.79,35.35,0,0
1394.91,35.35,0,0
1395.03,35.35,0,0
1395.15,35.35,0,0
1395.28,35.35,0,0
1395.4,35.36,0,0
1395.52,35.36,0,0
1395.64,35.36,0,0
1395.77,35.37,0,0
1395.89,35.36,0,0
1396.01,35.36,0,0
1396.13,35.36,0,0
1396.25,35.36,0,0
1396.38,35.36,0,0
1396.5,35.36,0,0
1396.62,35.36,0,0
1396.74,35.36,0,0
1396.86,35.36,0,0
1396.99,35.36,0,0
1397.11,35.36,0,0
1397.23,35.36,0,0
1397.35,35.36,0,0
1397.48,35.36,0,0
1397.6,35.36,0,0
1397.72,35.35,0,0
1397.84,35.35,0,0
1397.96,35.35,0,0
1398.09,35.35,0,0
1398.21,35.35,0,0
1398.33,35.35,0,0
1398.45,35.34,0,0
1398.58,35.34,0,0
1398.7,35.34,0,0
1398.82,35.34,0,0
1398.94,35.33,0,0
1399.06,35.33,0,0
1399.19,35.33,0,0
1399.31,35.33,0,0
1399.43,35.33,0,0
1399.55,35.32,0,0
1399.68,35.32,0,0
1399.8,35.31,0,0
1399.92,35.31,0,0
1400.04,35.31,0,0
1400.17,35.31,0,0
1400.29,35.31,0,0
1400.41,35.31,0,0
1400.53,35.31,0,0
1400.65,35.3,0,0
1400.78,35.3,0,0
1400.9,35.3,0,0
1401.02,35.3,0,0
1401.14,35.3,0,0
1401.27,35.3,0,0
1401.39,35.3,0,0
1401.51,35.3,0,0
1401.63,35.29,0,0
1401.75,35.29,0,0
1401.88,35.29,0,0
1402.0,35.29,0,0
1402.12,35.28,0,0
1402.24,35.28,0,0
1402.36,35.29,0,0
1402.49,35.29,0,0
1402.61,35.29,0,0
1402.73,35.3,0,0
1402.85,35.29,0,0
1402.98,35.29,0,0
1403.1,35.31,0,0
1403.22,35.32,0,0
1403.34,35.33,0,0
1403.46,35.34,0,0
1403.59,35.35,0,0
1403.71,35.35,0,0
1403.83,35.35,0,0
1403.95,35.35,0,0
1404.08,35.35,0,0
1404.2,35.35,0,0
1404.32,35.35,0,0
1404.44,35.35,0,0
1404.56,35.35,0,0
1404.69,35.34,0,0
1404.81,35.35,0,0
1404.93,35.35,0,0
1405.05,35.35,0,0
1405.18,35.36,0,0
1405.3,35.37,0,0
1405.42,35.39,0,0
1405.54,35.4,0,0
1405.67,35.42,0,0
1405.79,35.43,0,0
1405.91,35.44,0,0
1406.03,35.45,0,0
1406.15,35.46,0,0
1406.28,35.48,0,0
1406.4,35.49,0,0
1406.52,35.5,0,0
1406.64,35.5,0,0
1406.77,35.52,0,0
1406.89,35.53,0,0
1407.01,35.54,0,0
1407.13,35.54,0,0
1407.25,35.54,0,0
1407.38,35.54,0,0
1407.5,35.54,0,0
1407.62,35.54,0,0
1407.74,35.55,0,0
1407.86,35.55,0,0
1407.99,35.55,0,0
1408.11,35.55,0,0
1408.23,35.55,0,0
1408.35,35.55,0,0
1408.48,35.56,0,0
1408.6,35.57,0,0
1408.72,35.57,0,0
1408.84,35.58,0,0
1408.96,35.57,0,0
1409.09,35.58,0,0
1409.21,35.6,0,0
1409.33,35.6,0,0
1409.45,35.61,0,0
1409.57,35.61,0,0
1409.7,35.61,0,0
1409.82,35.6,0,0
1409.94,35.61,0,0
1410.06,35.61,0,0
1410.19,35.61,0,0
1410.31,35.62,0,0
1410.43,35.61,0,0
1410.55,35.62,0,0
1410.68,35.62,0,0
1410.8,35.62,0,0
1410.92,35.62,0,0
1411.04,35.62,0,0
1411.16,35.62,0,0
1411.29,35.62,0,0
1411.41,35.62,0,0
1411.53,35.63,0,0
1411.65,35.62,0,0
1411.78,35.62,0,0
1411.9,35.62,0,0
1412.02,35.62,0,0
1412.14,35.62,0,0
1412.26,35.61,0,0
1412.39,35.61,0,0
1412.51,35.61,0,0
1412.63,35.61,0,0
1412.75,35.61,0,0
1412.88,35.61,0,0
1413.0,35.62,0,0
1413.12,35.62,0,0
1413.24,35.62,0,0
1413.36,35.62,0,0
1413.49,35.61,0,0
1413.61,35.62,0,0
1413.73,35.62,0,0
1413.85,35.62,0,0
1413.98,35.62,0,0
1414.1,35.61,0,0
1414.22,35.61,0,0
1414.34,35.6,0,0
1414.46,35.6,0,0
1414.59,35.59,0,0
1414.71,35.58,0,0
1414.83,35.58,0,0
1414.95,35.58,0,0
1415.07,35.58,0,0
1415.2,35.57,0,0
1415.32,35.57,0,0
1415.44,35.56,0,0
1415.56,35.56,0,0
1415.69,35.55,0,0
1415.81,35.55,0,0
1415.93,35.53,0,0
1416.05,35.53,0,0
1416.18,35.52,0,0
1416.3,35.51,0,0
1416.42,35.5,0,0
1416.54,35.49,0,0
1416.66,35.49,0,0
1416.79,35.48,0,0
1416.91,35.47,0,0
1417.03,35.47,0,0
1417.15,35.45,0,0
1417.28,35.46,0,0
1417.4,35.45,0,0
1417.52,35.44,0,0
1417.64,35.44,0,0
1417.76,35.43,0,0
1417.89,35.42,0,0
1418.01,35.41,0,0
1418.13,35.4,0,0
1418.25,35.4,0,0
1418.38,35.39,0,0
1418.5,35.38,0,0
1418.62,35.37,0,0
1418.74,35.37,0,0
1418.86,35.36,0,0
1418.99,35.36,0,0
1419.11,35.36,0,0
1419.23,35.37,0,0
1419.35,35.38,0,0
1419.47,35.38,0,0
1419.6,35.38,0,0
1419.72,35.38,0,0
1419.84,35.38,0,0
1419.96,35.38,0,0
1420.09,35.37,0,0
1420.21,35.37,0,0
1420.33,35.37,0,0
1420.45,35.35,0,0
1420.57,35.35,0,0
1420.7,35.35,0,0
1420.82,35.34,0,0
1420.94,35.34,0,0
1421.06,35.34,0,0
1421.19,35.33,0,0
1421.31,35.32,0,0
1421.43,35.32,0,0
1421.55,35.32,0,0
1421.68,35.31,0,0
1421.8,35.31,0,0
1421.92,35.31,0,0
1422.04,35.3,0,0
1422.16,35.3,0,0
1422.29,35.3,0,0
1422.41,35.3,0,0
1422.53,35.29,0,0
1422.65,35.3,0,0
1422.78,35.29,0,0
1422.9,35.29,0,0
1423.02,35.29,0,0
1423.14,35.28,0,0
1423.26,35.29,0,0
1423.39,35.28,0,0
1423.51,35.29,0,0
1423.63,35.29,0,0
1423.75,35.29,0,0
1423.88,35.28,0,0
1424.0,35.29,0,0
1424.12,35.29,0,0
1424.24,35.28,0,0
1424.36,35.28,0,0
1424.49,35.27,0,0
1424.61,35.28,0,0
1424.73,35.28,0,0
1424.85,35.27,0,0
1424.97,35.27,0,0
1425.1,35.26,0,0
1425.22,35.27,0,0
1425.34,35.27,0,0
1425.46,35.26,0,0
1425.59,35.26,0,0
1425.71,35.27,0,0
1425.83,35.27,0,0
1425.95,35.28,0,0
1426.07,35.29,0,0
1426.2,35.3,0,0
1426.32,35.31,0,0
1426.44,35.32,0,0
1426.56,35.32,0,0
1426.69,35.32,0,0
1426.81,35.34,0,0
1426.93,35.34,0,0
1427.05,35.35,0,0
1427.18,35.36,0,0
1427.3,35.37,0,0
1427.42,35.39,0,0
1427.54,35.41,0,0
1427.66,35.43,0,0
1427.79,35.45,0,0
1427.91,35.46,0,0
1428.03,35.48,0,0
1428.15,35.51,0,0
1428.28,35.52,0,0
1428.4,35.53,0,0
1428.52,35.55,0,0
1428.64,35.55,0,0
1428.76,35.55,0,0
1428.89,35.55,0,0
1429.01,35.56,0,0
1429.13,35.56,0,0
1429.25,35.56,0,0
1429.37,35.56,0,0
1429.5,35.56,0,0
1429.62,35.56,0,0
1429.74,35.57,0,0
1429.86,35.57,0,0
1429.99,35.65,0,0
1430.11,37.07,0,0
1430.23,35.63,0,0
1430.35,36.31,0,0
1430.47,35.57,0,0
1430.6,35.57,0,0
1430.72,35.57,0,0
1430.84,35.58,0,0
1430.96,35.58,0,0
1431.09,35.59,0,0
1431.21,35.59,0,0
1431.33,35.59,0,0
1431.45,35.6,0,0
1431.57,35.6,0,0
1431.7,35.61,0,0
1431.82,35.61,0,0
1431.94,35.61,0,0
1432.06,35.62,0,0
1432.19,35.63,0,0
1432.31,35.63,0,0
1432.43,35.64,0,0
1432.55,35.65,0,0
1432.68,35.67,0,0
1432.8,35.69,0,0
1432.92,35.71,0,0
1433.04,35.72,0,0
1433.16,35.74,0,0
1433.29,35.75,0,0
1433.41,35.77,0,0
1433.53,35.77,0,0
1433.65,35.78,0,0
1433.78,35.79,0,0
1433.9,35.8,0,0
1434.02,35.81,0,0
1434.14,35.82,0,0
1434.26,35.83,0,0
1434.39,35.84,0,0
1434.51,35.84,0,0
1434.63,35.84,0,0
1434.75,35.84,0,0
1434.87,35.84,0,0
1435.0,35.84,0,0
1435.12,35.84,0,0
1435.24,35.84,0,0
1435.36,35.85,0,0
1435.49,35.85,0,0
1435.61,35.85,0,0
1435.73,35.85,0,0
1435.85,35.84,0,0
1435.97,35.84,0,0
1436.1,35.83,0,0
1436.22,35.83,0,0
1436.34,35.82,0,0
1436.46,35.82,0,0
1436.58,35.81,0,0
1436.71,35.8,0,0
1436.83,35.79,0,0
1436.95,35.79,0,0
1437.07,35.79,0,0
1437.2,35.78,0,0
1437.32,35.78,0,0
1437.44,35.77,0,0
1437.56,35.77,0,0
1437.69,35.76,0,0
1437.81,35.76,0,0
1437.93,35.75,0,0
1438.05,35.75,0,0
1438.17,35.74,0,0
1438.3,35.74,0,0
1438.42,35.74,0,0
1438.54,35.73,0,0
1438.66,35.73,0,0
1438.79,35.73,0,0
1438.91,35.73,0,0
1439.03,35.72,0,0
1439.15,35.72,0,0
1439.28,35.72,0,0
1439.4,35.72,0,0
1439.52,35.72,0,0
1439.64,35.72,0,0
1439.76,35.71,0,0
1439.89,35.71,0,0
1440.01,35.71,0,0
1440.13,35.71,0,0
1440.25,35.71,0,0
1440.37,35.71,0,0
1440.5,35.71,0,0
1440.62,35.71,0,0
1440.74,35.71,0,0
1440.86,35.71,0,0
1440.99,35.7,0,0
1441.11,35.7,0,0
1441.23,35.7,0,0
1441.35,35.69,0,0
1441.47,35.69,0,0
1441.6,35.69,0,0
1441.72,35.69,0,0
1441.84,35.7,0,0
1441.96,35.71,0,0
1442.08,35.71,0,0
1442.21,35.72,0,0
1442.33,35.73,0,0
1442.45,35.73,0,0
1442.57,35.74,0,0
1442.7,35.74,0,0
1442.82,35.75,0,0
1442.94,35.76,0,0
1443.06,35.77,0,0
1443.19,35.76,0,0
1443.31,35.77,0,0
1443.43,35.77,0,0
1443.55,35.78,0,0
1443.67,35.78,0,0
1443.8,35.78,0,0
1443.92,35.78,0,0
1444.04,35.79,0,0
1444.16,35.8,0,0
1444.29,35.8,0,0
1444.41,35.8,0,0
1444.53,35.82,0,0
1444.65,35.81,0,0
1444.77,35.81,0,0
1444.9,35.81,0,0
1445.02,35.82,0,0
1445.14,35.82,0,0
1445.26,35.82,0,0
1445.39,35.82,0,0
1445.51,35.82,0,0
1445.63,35.83,0,0
1445.75,35.83,0,0
1445.87,35.84,0,0
1446.0,35.84,0,0
1446.12,35.84,0,0
1446.24,35.83,0,0
1446.36,35.83,0,0
1446.48,35.83,0,0
1446.61,35.83,0,0
1446.73,35.83,0,0
1446.85,35.83,0,0
1446.97,35.83,0,0
1447.1,35.83,0,0
1447.22,35.83,0,0
1447.34,35.71,0,0
1447.46,35.49,0,0
1447.58,35.34,0,0
1447.71,35.08,0,0
1447.83,34.9,0,0
1447.95,34.76,0,0
1448.07,34.67,0,0
1448.2,34.52,0,0
1448.32,34.47,0,0
1448.44,34.41,0,0
1448.56,34.3,0,0
1448.69,34.33,0,0
1448.81,34.39,0,0
1448.93,35.07,0,0
1449.05,35.72,0,0
1449.17,35.74,0,0
1449.3,35.73,0,0
1449.42,35.72,0,0
1449.54,35.72,0,0
1449.66,35.72,0,0
1449.79,35.72,0,0
1449.91,35.71,0,0
1450.03,35.71,0,0
1450.15,35.71,0,0
1450.27,35.7,0,0
1450.4,35.7,0,0
1450.52,35.7,0,0
1450.64,35.69,0,0
1450.76,35.69,0,0
1450.89,35.68,0,0
1451.01,35.68,0,0
1451.13,35.68,0,0
1451.25,35.67,0,0
1451.37,35.66,0,0
1451.5,35.66,0,0
1451.62,35.66,0,0
1451.74,35.65,0,0
1451.86,35.65,0,0
1451.98,35.65,0,0
1452.11,35.64,0,0
1452.23,35.64,0,0
1452.35,35.63,0,0
1452.47,35.62,0,0
1452.6,35.62,0,0
1452.72,35.61,0,0
1452.84,35.6,0,0
1452.96,35.59,0,0
1453.08,35.59,0,0
1453.21,35.58,0,0
1453.33,35.58,0,0
1453.45,35.57,0,0
1453.57,35.57,0,0
1453.7,35.57,0,0
1453.82,35.57,0,0
1453.94,35.58,0,0
1454.06,35.59,0,0
1454.19,35.6,0,0
1454.31,35.62,0,0
1454.43,35.64,0,0
1454.55,35.66,0,0
1454.67,35.68,0,0
1454.8,35.7,0,0
1454.92,35.72,0,0
1455.04,35.74,0,0
1455.16,35.76,0,0
1455.29,35.77,0,0
1455.41,35.78,0,0
1455.53,35.8,0,0
1455.65,35.8,0,0
1455.77,35.81,0,0
1455.9,35.82,0,0
1456.02,35.83,0,0
1456.14,35.83,0,0
1456.26,35.84,0,0
1456.39,35.85,0,0
1456.51,35.86,0,0
1456.63,35.87,0,0
1456.75,35.88,0,0
1456.87,35.89,0,0
1457.0,35.9,0,0
1457.12,35.9,0,0
1457.24,35.89,0,0
1457.36,35.9,0,0
1457.48,35.9,0,0
1457.61,35.9,0,0
1457.73,35.89,0,0
1457.85,35.89,0,0
1457.97,35.88,0,0
1458.1,35.88,0,0
1458.22,35.87,0,0
1458.34,35.87,0,0
1458.46,35.86,0,0
1458.58,35.86,0,0
1458.71,35.85,0,0
1458.83,35.85,0,0
1458.95,35.84,0,0
1459.07,35.84,0,0
1459.19,35.82,0,0
1459.32,35.82,0,0
1459.44,35.81,0,0
1459.56,35.8,0,0
1459.69,35.79,0,0
1459.81,35.78,0,0
1459.93,35.77,0,0
1460.05,35.77,0,0
1460.17,35.75,0,0
1460.3,35.74,0,0
1460.42,35.74,0,0
1460.54,35.73,0,0
1460.66,35.72,0,0
1460.79,36.5,0,0
1460.91,35.7,0,0
1461.03,35.69,0,0
1461.15,35.98,0,0
1461.27,35.67,0,0
1461.4,35.67,0,0
1461.52,35.66,0,0
1461.64,35.65,0,0
1461.76,35.64,0,0
1461.88,35.64,0,0
1462.01,35.63,0,0
1462.13,35.62,0,0
1462.25,35.64,0,0
1462.37,35.62,0,0
1462.5,35.61,0,0
1462.62,35.61,0,0
1462.74,35.6,0,0
1462.86,35.6,0,0
1462.98,35.61,0,0
1463.11,35.59,0,0
1463.23,35.59,0,0
1463.35,35.59,0,0
1463.47,35.58,0,0
1463.6,35.58,0,0
1463.72,35.58,0,0
1463.84,35.57,0,0
1463.96,35.57,0,0
1464.08,35.56,0,0
1464.21,35.56,0,0
1464.33,35.56,0,0
1464.45,35.55,0,0
1464.57,35.54,0,0
1464.69,35.55,0,0
1464.82,35.54,0,0
1464.94,35.53,0,0
1465.06,35.51,0,0
1465.18,35.49,0,0
1465.31,35.48,0,0
1465.43,35.5,0,0
1465.55,35.5,0,0
1465.67,35.5,0,0
1465.8,35.5,0,0
1465.92,35.49,0,0
1466.04,35.49,0,0
1466.16,35.49,0,0
1466.29,35.49,0,0
1466.41,35.49,0,0
1466.53,35.48,0,0
1466.65,35.48,0,0
1466.77,35.48,0,0
1466.9,35.47,0,0
1467.02,35.47,0,0
1467.14,35.47,0,0
1467.26,35.46,0,0
1467.38,35.46,0,0
1467.51,35.46,0,0
1467.63,35.45,0,0
1467.75,35.45,0,0
1467.87,35.45,0,0
1468.0,35.44,0,0
1468.12,35.44,0,0
1468.24,35.44,0,0
1468.36,35.44,0,0
1468.48,35.44,0,0
1468.61,35.44,0,0
1468.73,35.43,0,0
1468.85,35.43,0,0
1468.97,35.43,0,0
1469.09,35.43,0,0
1469.22,35.43,0,0
1469.34,35.43,0,0
1469.46,35.43,0,0
1469.58,35.43,0,0
1469.71,35.43,0,0
1469.83,35.43,0,0
1469.95,35.43,0,0
1470.07,35.43,0,0
1470.19,35.43,0,0
1470.32,35.43,0,0
1470.44,35.43,0,0
1470.56,35.43,0,0
1470.68,35.43,0,0
1470.81,35.43,0,0
1470.93,35.43,0,0
1471.05,35.43,0,0
1471.17,35.43,0,0
1471.3,35.43,0,0
1471.42,35.43,0,0
1471.54,35.43,0,0
1471.66,35.43,0,0
1471.78,35.43,0,0
1471.91,35.43,0,0
1472.03,35.43,0,0
1472.15,35.43,0,0
1472.27,35.42,0,0
1472.4,35.43,0,0
1472.52,35.43,0,0
1472.64,35.42,0,0
1472.76,35.43,0,0
1472.88,35.43,0,0
1473.01,35.43,0,0
1473.13,35.42,0,0
1473.25,35.42,0,0
1473.37,35.42,0,0
1473.5,35.42,0,0
1473.62,35.42,0,0
1473.74,35.42,0,0
1473.86,35.42,0,0
1473.98,35.41,0,0
1474.11,35.41,0,0
1474.23,35.42,0,0
1474.35,35.41,0,0
1474.47,35.42,0,0
1474.59,35.41,0,0
1474.72,35.41,0,0
1474.84,35.41,0,0
1474.96,35.41,0,0
1475.08,35.41,0,0
1475.21,35.41,0,0
1475.33,35.41,0,0
1475.45,35.4,0,0
1475.57,35.4,0,0
1475.69,35.39,0,0
1475.82,35.38,0,0
1475.94,35.37,0,0
1476.06,35.37,0,0
1476.18,35.36,0,0
1476.31,35.35,0,0
1476.43,35.35,0,0
1476.55,35.34,0,0
1476.67,35.34,0,0
1476.8,35.33,0,0
1476.92,35.32,0,0
1477.04,35.32,0,0
1477.16,35.32,0,0
1477.28,35.31,0,0
1477.41,35.31,0,0
1477.53,35.3,0,0
1477.65,35.3,0,0
1477.77,35.29,0,0
1477.9,35.28,0,0
1478.02,35.28,0,0
1478.14,35.28,0,0
1478.26,35.27,0,0
1478.38,35.27,0,0
1478.51,35.27,0,0
1478.63,35.26,0,0
1478.75,35.26,0,0
1478.87,35.26,0,0
1478.99,35.25,0,0
1479.12,35.25,0,0
1479.24,35.24,0,0
1479.36,35.24,0,0
1479.48,35.23,0,0
1479.61,35.23,0,0
1479.73,35.23,0,0
1479.85,35.23,0,0
1479.97,35.23,0,0
1480.09,35.23,0,0
1480.22,35.22,0,0
1480.34,35.22,0,0
1480.46,35.22,0,0
1480.58,35.21,0,0
1480.71,35.21,0,0
1480.83,35.21,0,0
1480.95,35.2,0,0
1481.07,35.2,0,0
1481.19,35.19,0,0
1481.32,35.19,0,0
1481.44,35.19,0,0
1481.56,35.18,0,0
1481.68,35.18,0,0
1481.81,35.18,0,0
1481.93,35.18,0,0
1482.05,35.17,0,0
1482.17,35.17,0,0
1482.3,35.17,0,0
1482.42,35.16,0,0
1482.54,35.16,0,0
1482.66,35.15,0,0
1482.78,35.15,0,0
1482.91,35.15,0,0
1483.03,35.15,0,0
1483.15,35.14,0,0
1483.27,35.15,0,0
1483.4,35.15,0,0
1483.52,35.15,0,0
1483.64,35.14,0,0
1483.76,35.14,0,0
1483.88,35.14,0,0
1484.01,35.14,0,0
1484.13,35.14,0,0
1484.25,35.14,0,0
1484.37,35.13,0,0
1484.49,35.13,0,0
1484.62,35.13,0,0
1484.74,35.13,0,0
1484.86,35.12,0,0
1484.98,35.13,0,0
1485.11,35.12,0,0
1485.23,35.12,0,0
1485.35,35.12,0,0
1485.47,35.12,0,0
1485.59,35.11,0,0
1485.72,35.11,0,0
1485.84,35.1,0,0
1485.96,35.1,0,0
1486.08,35.1,0,0
1486.2,35.1,0,0
1486.33,35.1,0,0
1486.45,35.1,0,0
1486.57,35.09,0,0
1486.69,35.09,0,0
1486.82,35.1,0,0
1486.94,35.09,0,0
1487.06,35.09,0,0
1487.18,35.09,0,0
1487.31,35.09,0,0
1487.43,35.09,0,0
1487.55,35.08,0,0
1487.67,35.08,0,0
1487.8,35.08,0,0
1487.92,35.08,0,0
1488.04,35.08,0,0
1488.16,35.08,0,0
1488.28,35.08,0,0
1488.41,35.08,0,0
1488.53,35.07,0,0
1488.65,35.07,0,0
1488.77,35.07,0,0
1488.89,35.06,0,0
1489.02,35.06,0,0
1489.14,35.06,0,0
1489.26,35.06,0,0
1489.38,35.06,0,0
1489.51,35.06,0,0
1489.63,35.06,0,0
1489.75,35.06,0,0
1489.87,35.06,0,0
1489.99,35.05,0,0
1490.12,35.05,0,0
1490.24,35.05,0,0
1490.36,35.05,0,0
1490.48,35.05,0,0
1490.61,35.06,0,0
1490.73,35.06,0,0
1490.85,35.06,0,0
1490.97,35.06,0,0
1491.09,35.06,0,0
1491.22,35.06,0,0
1491.34,35.06,0,0
1491.46,35.06,0,0
1491.58,35.06,0,0
1491.7,35.06,0,0
1491.83,35.06,0,0
1491.95,35.07,0,0
1492.07,35.06,0,0
1492.19,35.07,0,0
1492.32,35.07,0,0
1492.44,35.07,0,0
1492.56,35.07,0,0
1492.68,35.07,0,0
1492.81,35.07,0,0
1492.93,35.07,0,0
1493.05,35.08,0,0
1493.17,35.07,0,0
1493.3,35.07,0,0
1493.42,35.08,0,0
1493.54,35.08,0,0
1493.66,35.08,0,0
1493.78,35.09,0,0
1493.91,35.09,0,0
1494.03,35.09,0,0
1494.15,35.09,0,0
1494.27,35.09,0,0
1494.39,35.09,0,0
1494.52,35.09,0,0
1494.64,35.09,0,0
1494.76,35.09,0,0
1494.88,35.1,0,0
1495.01,35.1,0,0
1495.13,35.1,0,0
1495.25,35.11,0,0
1495.37,35.11,0,0
1495.49,35.11,0,0
1495.62,35.12,0,0
1495.74,35.12,0,0
1495.86,35.12,0,0
1495.98,35.12,0,0
1496.1,35.12,0,0
1496.23,35.13,0,0
1496.35,35.13,0,0
1496.47,35.13,0,0
1496.59,35.13,0,0
1496.72,35.13,0,0
1496.84,35.14,0,0
1496.96,35.14,0,0
1497.08,35.14,0,0
1497.2,35.14,0,0
1497.33,35.14,0,0
1497.45,35.14,0,0
1497.57,35.14,0,0
1497.69,35.14,0,0
1497.82,35.15,0,0
1497.94,35.15,0,0
1498.06,35.14,0,0
1498.18,35.14,0,0
1498.31,35.14,0,0
1498.43,35.14,0,0
1498.55,35.14,0,0
1498.67,35.14,0,0
1498.8,34.91,0,0
1498.92,34.55,0,0
1499.04,34.84,0,0
1499.16,35.13,0,0
1499.28,35.13,0,0
1499.41,35.14,0,0
1499.53,35.13,0,0
1499.65,35.12,0,0
1499.77,35.12,0,0
1499.89,35.11,0,0
1500.02,35.11,0,0
1500.14,35.11,0,0
1500.26,35.1,0,0
1500.38,35.1,0,0
1500.51,35.1,0,0
1500.63,35.1,0,0
1500.75,35.1,0,0
1500.87,35.09,0,0
1500.99,35.09,0,0
1501.12,35.09,0,0
1501.24,35.08,0,0
1501.36,35.08,0,0
1501.48,35.08,0,0
1501.6,35.08,0,0
1501.73,35.08,0,0
1501.85,35.08,0,0
1501.97,35.08,0,0
1502.09,35.08,0,0
1502.22,35.08,0,0
1502.34,35.08,0,0
1502.46,35.08,0,0
1502.58,35.08,0,0
1502.7,35.08,0,0
1502.83,35.08,0,0
1502.95,35.08,0,0
1503.07,35.08,0,0
1503.19,35.08,0,0
1503.32,35.08,0,0
1503.44,35.08,0,0
1503.56,35.08,0,0
1503.68,35.08,0,0
1503.81,35.08,0,0
1503.93,35.09,0,0
1504.05,35.08,0,0
1504.17,35.09,0,0
1504.29,35.09,0,0
1504.42,35.09,0,0
1504.54,35.09,0,0
1504.66,35.09,0,0
1504.78,35.09,0,0
1504.91,35.09,0,0
1505.03,35.09,0,0
1505.15,35.09,0,0
1505.27,35.09,0,0
1505.39,35.09,0,0
1505.52,35.09,0,0
1505.64,35.09,0,0
1505.76,35.09,0,0
1505.88,35.09,0,0
1506.0,35.09,0,0
1506.13,35.09,0,0
1506.25,35.09,0,0
1506.37,35.09,0,0
1506.49,35.09,0,0
1506.62,35.1,0,0
1506.74,35.1,0,0
1506.86,35.1,0,0
1506.98,35.1,0,0
1507.1,35.1,0,0
1507.23,35.11,0,0
1507.35,35.11,0,0
1507.47,35.11,0,0
1507.59,35.11,0,0
1507.72,35.12,0,0
1507.84,35.12,0,0
1507.96,35.12,0,0
1508.08,35.12,0,0
1508.2,35.12,0,0
1508.33,35.13,0,0
1508.45,35.13,0,0
1508.57,35.13,0,0
1508.69,35.13,0,0
1508.81,35.13,0,0
1508.94,35.13,0,0
1509.06,35.12,0,0
1509.18,35.12,0,0
1509.31,35.12,0,0
1509.43,35.12,0,0
1509.55,35.12,0,0
1509.67,35.11,0,0
1509.79,35.11,0,0
1509.92,35.1,0,0
1510.04,35.09,0,0
1510.16,35.08,0,0
1510.28,35.08,0,0
1510.41,35.07,0,0
1510.53,35.07,0,0
1510.65,35.07,0,0
1510.77,35.07,0,0
1510.89,35.07,0,0
1511.02,35.07,0,0
1511.14,35.07,0,0
1511.26,35.07,0,0
1511.38,35.07,0,0
1511.5,35.07,0,0
1511.63,35.07,0,0
1511.75,35.07,0,0
1511.87,35.07,0,0
1511.99,35.07,0,0
1512.12,35.06,0,0
1512.24,35.06,0,0
1512.36,35.06,0,0
1512.48,35.06,0,0
1512.6,35.06,0,0
1512.73,35.06,0,0
1512.85,35.06,0,0
1512.97,35.06,0,0
1513.09,35.06,0,0
1513.22,35.05,0,0
1513.34,35.05,0,0
1513.46,35.05,0,0
1513.58,35.05,0,0
1513.7,35.05,0,0
1513.83,35.05,0,0
1513.95,35.05,0,0
1514.07,35.04,0,0
1514.19,35.04,0,0
1514.31,35.04,0,0
1514.44,35.04,0,0
1514.56,35.04,0,0
1514.68,35.04,0,0
1514.81,35.04,0,0
1514.93,35.04,0,0
1515.05,35.03,0,0
1515.17,35.03,0,0
1515.29,35.03,0,0
1515.42,35.03,0,0
1515.54,35.03,0,0
1515.66,35.03,0,0
1515.78,35.03,0,0
1515.91,35.03,0,0
1516.03,35.03,0,0
1516.15,35.04,0,0
1516.27,35.04,0,0
1516.39,35.04,0,0
1516.52,35.04,0,0
1516.64,35.04,0,0
1516.76,35.04,0,0
1516.88,35.04,0,0
1517.0,35.04,0,0
1517.13,35.04,0,0
1517.25,35.05,0,0
1517.37,35.05,0,0
1517.49,35.05,0,0
1517.62,35.05,0,0
1517.74,35.05,0,0
1517.86,35.05,0,0
1517.98,35.05,0,0
1518.1,35.05,0,0
1518.23,35.05,0,0
1518.35,35.05,0,0
1518.47,35.05,0,0
1518.59,35.05,0,0
1518.71,35.06,0,0
1518.84,35.06,0,0
1518.96,35.06,0,0
1519.08,35.06,0,0
1519.2,35.06,0,0
1519.33,35.06,0,0
1519.45,35.06,0,0
1519.57,35.06,0,0
1519.69,35.06,0,0
1519.81,35.06,0,0
1519.94,35.07,0,0
1520.06,35.07,0,0
1520.18,35.07,0,0
1520.3,35.07,0,0
1520.43,35.07,0,0
1520.55,35.08,0,0
1520.67,35.08,0,0
1520.79,35.08,0,0
1520.92,35.08,0,0
1521.04,35.08,0,0
1521.16,35.08,0,0
1521.28,35.09,0,0
1521.4,35.09,0,0
1521.53,35.09,0,0
1521.65,35.1,0,0
1521.77,35.1,0,0
1521.89,35.11,0,0
1522.02,35.11,0,0
1522.14,35.12,0,0
1522.26,35.12,0,0
1522.38,35.12,0,0
1522.5,35.12,0,0
1522.63,35.13,0,0
1522.75,35.13,0,0
1522.87,35.13,0,0
1522.99,35.13,0,0
1523.12,35.13,0,0
1523.24,35.14,0,0
1523.36,35.14,0,0
1523.48,35.14,0,0
1523.6,35.14,0,0
1523.73,35.14,0,0
1523.85,35.14,0,0
1523.97,35.14,0,0
1524.09,35.14,0,0
1524.21,35.14,0,0
1524.34,35.14,0,0
1524.46,35.14,0,0
1524.58,35.14,0,0
1524.7,35.14,0,0
1524.83,35.14,0,0
1524.95,35.14,0,0
1525.07,35.14,0,0
1525.19,35.14,0,0
1525.31,35.14,0,0
1525.44,35.14,0,0
1525.56,35.14,0,0
1525.68,35.14,0,0
1525.8,35.14,0,0
1525.93,35.14,0,0
1526.05,35.14,0,0
1526.17,35.15,0,0
1526.29,35.15,0,0
1526.42,35.15,0,0
1526.54,35.15,0,0
1526.66,35.15,0,0
1526.78,35.15,0,0
1526.9,35.15,0,0
1527.03,35.15,0,0
1527.15,35.15,0,0
1527.27,35.16,0,0
1527.39,35.16,0,0
1527.52,35.16,0,0
1527.64,35.16,0,0
1527.76,35.16,0,0
1527.88,35.17,0,0
1528.0,35.17,0,0
1528.13,35.18,0,0
1528.25,35.18,0,0
1528.37,35.19,0,0
1528.49,35.19,0,0
1528.61,35.2,0,0
1528.74,35.21,0,0
1528.86,35.22,0,0
1528.98,35.22,0,0
1529.1,35.22,0,0
1529.23,35.23,0,0
1529.35,35.22,0,0
1529.47,35.23,0,0
1529.59,35.23,0,0
1529.71,35.23,0,0
1529.84,35.23,0,0
1529.96,35.23,0,0
1530.08,35.23,0,0
1530.2,35.23,0,0
1530.33,35.23,0,0
1530.45,35.23,0,0
1530.57,35.23,0,0
1530.69,35.23,0,0
1530.81,35.23,0,0
1530.94,35.23,0,0
1531.06,35.23,0,0
1531.18,35.23,0,0
1531.3,35.23,0,0
1531.43,35.23,0,0
1531.55,35.23,0,0
1531.67,35.23,0,0
1531.79,35.23,0,0
1531.92,35.23,0,0
1532.04,35.23,0,0
1532.16,35.23,0,0
1532.28,35.23,0,0
1532.4,35.23,0,0
1532.53,35.23,0,0
1532.65,35.23,0,0
1532.77,35.23,0,0
1532.89,35.23,0,0
1533.02,35.23,0,0
1533.14,35.23,0,0
1533.26,35.23,0,0
1533.38,35.23,0,0
1533.5,35.23,0,0
1533.63,35.23,0,0
1533.75,35.23,0,0
1533.87,35.23,0,0
1533.99,35.23,0,0
1534.11,35.22,0,0
1534.24,35.22,0,0
1534.36,35.22,0,0
1534.48,35.21,0,0
1534.6,35.21,0,0
1534.73,35.21,0,0
1534.85,35.21,0,0
1534.97,35.2,0,0
1535.09,35.2,0,0
1535.21,35.19,0,0
1535.34,35.19,0,0
1535.46,35.19,0,0
1535.58,35.18,0,0
1535.7,35.18,0,0
1535.82,35.17,0,0
1535.95,35.17,0,0
1536.07,35.17,0,0
1536.19,35.17,0,0
1536.31,35.17,0,0
1536.44,35.17,0,0
1536.56,35.17,0,0
1536.68,35.17,0,0
1536.8,35.17,0,0
1536.93,35.17,0,0
1537.05,35.17,0,0
1537.17,35.17,0,0
1537.29,35.17,0,0
1537.42,35.18,0,0
1537.54,35.18,0,0
1537.66,35.18,0,0
1537.78,35.18,0,0
1537.9,35.17,0,0
1538.03,35.18,0,0
1538.15,35.17,0,0
1538.27,35.18,0,0
1538.39,35.17,0,0
1538.51,35.17,0,0
1538.64,35.18,0,0
1538.76,35.18,0,0
1538.88,35.17,0,0
1539.0,35.17,0,0
1539.13,35.16,0,0
1539.25,35.17,0,0
1539.37,35.16,0,0
1539.49,35.16,0,0
1539.61,35.17,0,0
1539.74,35.17,0,0
1539.86,35.17,0,0
1539.98,35.17,0,0
1540.1,35.17,0,0
1540.23,35.16,0,0
1540.35,35.16,0,0
1540.47,35.16,0,0
1540.59,35.15,0,0
1540.71,35.15,0,0
1540.84,35.15,0,0
1540.96,35.15,0,0
1541.08,35.14,0,0
1541.2,35.14,0,0
1541.32,35.14,0,0
1541.45,35.14,0,0
1541.57,35.14,0,0
1541.69,35.14,0,0
1541.81,35.14,0,0
1541.94,35.14,0,0
1542.06,35.14,0,0
1542.18,35.14,0,0
1542.3,35.14,0,0
1542.43,35.14,0,0
1542.55,35.14,0,0
1542.67,35.14,0,0
1542.79,35.14,0,0
1542.92,35.14,0,0
1543.04,35.14,0,0
1543.16,35.14,0,0
1543.28,35.13,0,0
1543.4,35.13,0,0
1543.53,35.13,0,0
1543.65,35.13,0,0
1543.77,35.13,0,0
1543.89,35.13,0,0
1544.01,35.12,0,0
1544.14,35.12,0,0
1544.26,35.13,0,0
1544.38,35.12,0,0
1544.5,35.12,0,0
1544.63,35.12,0,0
1544.75,35.12,0,0
1544.87,35.11,0,0
1544.99,35.11,0,0
1545.11,35.11,0,0
1545.24,35.1,0,0
1545.36,35.1,0,0
1545.48,35.1,0,0
1545.6,35.09,0,0
1545.72,35.09,0,0
1545.85,35.09,0,0
1545.97,35.08,0,0
1546.09,35.08,0,0
1546.21,35.07,0,0
1546.34,35.07,0,0
1546.46,35.06,0,0
1546.58,35.06,0,0
1546.7,35.06,0,0
1546.82,35.06,0,0
1546.95,35.06,0,0
1547.07,35.05,0,0
1547.19,35.05,0,0
1547.31,35.05,0,0
1547.44,35.05,0,0
1547.56,35.04,0,0
1547.68,35.04,0,0
1547.8,35.04,0,0
1547.93,35.04,0,0
1548.05,35.03,0,0
1548.17,35.03,0,0
1548.29,35.03,0,0
1548.41,35.03,0,0
1548.54,35.02,0,0
1548.66,35.02,0,0
1548.78,35.02,0,0
1548.9,35.02,0,0
1549.03,35.02,0,0
1549.15,35.02,0,0
1549.27,35.01,0,0
1549.39,35.01,0,0
1549.51,35.01,0,0
1549.64,35.01,0,0
1549.76,35.01,0,0
1549.88,35.01,0,0
1550.0,35.01,0,0
1550.13,35.0,0,0
1550.25,35.0,0,0
1550.37,35.0,0,0
1550.49,35.0,0,0
1550.61,35.0,0,0
1550.74,35.0,0,0
1550.86,35.0,0,0
1550.98,35.0,0,0
1551.1,35.01,0,0
1551.22,35.01,0,0
1551.35,35.01,0,0
1551.47,35.01,0,0
1551.59,35.01,0,0
1551.71,35.01,0,0
1551.84,35.01,0,0
1551.96,35.01,0,0
1552.08,35.02,0,0
1552.2,35.02,0,0
1552.32,35.02,0,0
1552.45,35.02,0,0
1552.57,35.02,0,0
1552.69,35.02,0,0
1552.81,35.03,0,0
1552.94,35.03,0,0
1553.06,35.03,0,0
1553.18,35.03,0,0
1553.3,35.04,0,0
1553.43,35.04,0,0
1553.55,35.04,0,0
1553.67,35.04,0,0
1553.79,35.04,0,0
1553.91,35.05,0,0
1554.04,35.05,0,0
1554.16,35.05,0,0
1554.28,35.05,0,0
1554.4,35.05,0,0
1554.53,35.05,0,0
1554.65,35.06,0,0
1554.77,35.06,0,0
1554.89,35.06,0,0
1555.01,35.05,0,0
1555.14,35.05,0,0
1555.26,35.04,0,0
1555.38,35.04,0,0
1555.5,35.04,0,0
1555.62,35.03,0,0
1555.75,35.03,0,0
1555.87,35.03,0,0
1555.99,35.03,0,0
1556.11,35.02,0,0
1556.24,35.02,0,0
1556.36,35.02,0,0
1556.48,35.02,0,0
1556.6,35.01,0,0
1556.72,35.01,0,0
1556.85,35.01,0,0
1556.97,35.01,0,0
1557.09,35.01,0,0
1557.21,35.01,0,0
1557.34,35.01,0,0
1557.46,35.01,0,0
1557.58,35.01,0,0
1557.7,35.0,0,0
1557.82,35.0,0,0
1557.95,35.0,0,0
1558.07,35.0,0,0
1558.19,35.0,0,0
1558.31,35.0,0,0
1558.44,35.0,0,0
1558.56,35.0,0,0
1558.68,35.0,0,0
1558.8,34.99,0,0
1558.93,34.99,0,0
1559.05,34.99,0,0
1559.17,35.0,0,0
1559.29,35.0,0,0
1559.41,35.0,0,0
1559.54,35.0,0,0
1559.66,35.0,0,0
1559.78,35.0,0,0
1559.9,35.0,0,0
1560.03,35.0,0,0
1560.15,35.0,0,0
1560.27,35.0,0,0
1560.39,35.0,0,0
1560.51,35.0,0,0
1560.64,35.0,0,0
1560.76,35.0,0,0
1560.88,35.0,0,0
1561.0,35.0,0,0
1561.12,35.0,0,0
1561.25,35.0,0,0
1561.37,35.0,0,0
1561.49,35.0,0,0
1561.61,35.0,0,0
1561.74,35.0,0,0
1561.86,35.0,0,0
1561.98,35.0,0,0
1562.1,35.0,0,0
1562.22,34.99,0,0
1562.35,34.99,0,0
1562.47,34.99,0,0
1562.59,34.99,0,0
1562.71,34.99,0,0
1562.83,34.99,0,0
1562.96,34.99,0,0
1563.08,34.99,0,0
1563.2,34.99,0,0
1563.32,34.99,0,0
1563.45,34.99,0,0
1563.57,34.99,0,0
1563.69,35.0,0,0
1563.81,35.0,0,0
1563.94,35.0,0,0
1564.06,35.0,0,0
1564.18,35.0,0,0
1564.3,35.0,0,0
1564.42,35.01,0,0
1564.55,35.01,0,0
1564.67,35.01,0,0
1564.79,35.01,0,0
1564.91,35.01,0,0
1565.04,35.01,0,0
1565.16,35.0,0,0
1565.28,35.0,0,0
1565.4,35.0,0,0
1565.52,35.0,0,0
1565.65,35.01,0,0
1565.77,35.0,0,0
1565.89,35.01,0,0
1566.01,35.01,0,0
1566.14,35.01,0,0
1566.26,35.01,0,0
1566.38,35.01,0,0
1566.5,35.01,0,0
1566.62,35.01,0,0
1566.75,35.01,0,0
1566.87,35.01,0,0
1566.99,35.01,0,0
1567.11,35.01,0,0
1567.23,35.01,0,0
1567.36,35.01,0,0
1567.48,35.01,0,0
1567.6,35.01,0,0
1567.72,35.01,0,0
1567.85,35.01,0,0
1567.97,35.0,0,0
1568.09,35.0,0,0
1568.21,35.0,0,0
1568.33,35.01,0,0
1568.46,35.0,0,0
1568.58,35.0,0,0
1568.7,35.0,0,0
1568.82,35.0,0,0
1568.95,34.99,0,0
1569.07,34.99,0,0
1569.19,34.98,0,0
1569.31,34.98,0,0
1569.43,34.98,0,0
1569.56,34.97,0,0
1569.68,34.97,0,0
1569.8,34.96,0,0
1569.92,34.96,0,0
1570.05,34.95,0,0
1570.17,34.95,0,0
1570.29,34.94,0,0
1570.41,34.94,0,0
1570.53,34.94,0,0
1570.66,34.93,0,0
1570.78,34.93,0,0
1570.9,34.93,0,0
1571.02,34.92,0,0
1571.15,34.92,0,0
1571.27,34.92,0,0
1571.39,34.92,0,0
1571.51,34.91,0,0
1571.64,34.91,0,0
1571.76,34.9,0,0
1571.88,34.9,0,0
1572.0,34.9,0,0
1572.12,34.89,0,0
1572.25,34.89,0,0
1572.37,34.88,0,0
1572.49,34.88,0,0
1572.61,34.88,0,0
1572.73,34.87,0,0
1572.86,34.87,0,0
1572.98,34.87,0,0
1573.1,34.86,0,0
1573.22,34.86,0,0
1573.34,34.85,0,0
1573.47,34.84,0,0
1573.59,34.84,0,0
1573.71,34.83,0,0
1573.83,34.83,0,0
1573.96,34.82,0,0
1574.08,34.82,0,0
1574.2,34.82,0,0
1574.32,34.81,0,0
1574.45,34.81,0,0
1574.57,34.81,0,0
1574.69,34.81,0,0
1574.81,34.81,0,0
1574.93,34.8,0,0
1575.06,34.8,0,0
1575.18,34.8,0,0
1575.3,34.8,0,0
1575.42,34.8,0,0
1575.55,34.8,0,0
1575.67,34.79,0,0
1575.79,34.79,0,0
1575.91,34.79,0,0
1576.03,34.78,0,0
1576.16,34.78,0,0
1576.28,34.78,0,0
1576.4,34.77,0,0
1576.52,34.77,0,0
1576.65,34.77,0,0
1576.77,34.77,0,0
1576.89,34.76,0,0
1577.01,34.76,0,0
1577.13,34.76,0,0
1577.26,34.76,0,0
1577.38,34.75,0,0
1577.5,34.75,0,0
1577.62,34.75,0,0
1577.75,34.75,0,0
1577.87,34.74,0,0
1577.99,34.75,0,0
1578.11,34.81,0,0
1578.23,35.27,0,0
1578.36,36.04,0,0
1578.48,36.83,0,0
1578.6,37.56,0,0
1578.72,38.21,0,0
1578.84,38.78,0,0
1578.97,39.29,0,0
1579.09,39.74,0,0
1579.21,40.12,0,0
1579.33,40.46,0,0
1579.46,40.79,0,0
1579.58,41.09,0,0
1579.7,41.36,0,0
1579.82,41.63,0,0
1579.94,41.89,0,0
1580.07,42.13,0,0
1580.19,42.35,0,0
1580.31,42.55,0,0
1580.43,42.73,0,0
1580.56,42.87,0,0
1580.68,42.93,0,0
1580.8,42.89,0,0
1580.92,42.79,0,0
1581.05,42.67,0,0
1581.17,42.54,0,0
1581.29,42.41,0,0
1581.41,42.29,0,0
1581.53,42.17,0,0
1581.66,42.06,0,0
1581.78,41.95,0,0
1581.9,41.84,0,0
1582.02,41.74,0,0
1582.15,41.64,0,0
1582.27,41.54,0,0
1582.39,41.45,0,0
1582.51,41.36,0,0
1582.63,41.27,0,0
1582.76,41.19,0,0
1582.88,41.1,0,0
1583.0,41.02,0,0
1583.12,40.94,0,0
1583.25,40.86,0,0
1583.37,40.78,0,0
1583.49,40.7,0,0
1583.61,40.62,0,0
1583.73,40.55,0,0
1583.86,40.48,0,0
1583.98,40.41,0,0
1584.1,40.34,0,0
1584.22,40.27,0,0
1584.34,40.21,0,0
1584.47,40.15,0,0
1584.59,40.09,0,0
1584.71,40.03,0,0
1584.83,39.98,0,0
1584.96,39.92,0,0
1585.08,39.86,0,0
1585.2,39.81,0,0
1585.32,39.76,0,0
1585.44,39.7,0,0
1585.57,39.65,0,0
1585.69,39.6,0,0
1585.81,39.54,0,0
1585.93,39.48,0,0
1586.06,39.43,0,0
1586.18,39.38,0,0
1586.3,39.33,0,0
1586.42,39.28,0,0
1586.55,39.23,0,0
1586.67,39.17,0,0
1586.79,39.12,0,0
1586.91,39.07,0,0
1587.03,39.02,0,0
1587.16,38.97,0,0
1587.28,38.92,0,0
1587.4,38.87,0,0
1587.52,38.82,0,0
1587.65,38.77,0,0
1587.77,38.72,0,0
1587.89,38.68,0,0
1588.01,38.64,0,0
1588.13,38.6,0,0
1588.26,38.55,0,0
1588.38,38.51,0,0
1588.5,38.46,0,0
1588.62,38.44,0,0
1588.75,38.41,0,0
1588.87,38.38,0,0
1588.99,38.35,0,0
1589.11,38.31,0,0
1589.23,38.26,0,0
1589.36,38.24,0,0
1589.48,38.23,0,0
1589.6,38.21,0,0
1589.72,38.18,0,0
1589.84,38.16,0,0
1589.97,38.15,0,0
1590.09,38.12,0,0
1590.21,38.09,0,0
1590.33,38.06,0,0
1590.46,38.02,0,0
1590.58,37.98,0,0
1590.7,37.95,0,0
1590.82,37.92,0,0
1590.94,37.89,0,0
1591.07,37.86,0,0
1591.19,37.83,0,0
1591.31,37.79,0,0
1591.43,37.76,0,0
1591.56,37.74,0,0
1591.68,37.7,0,0
1591.8,37.67,0,0
1591.92,37.64,0,0
1592.04,37.61,0,0
1592.17,37.58,0,0
1592.29,37.56,0,0
1592.41,37.53,0,0
1592.53,37.5,0,0
1592.66,37.47,0,0
1592.78,37.44,0,0
1592.9,37.42,0,0
1593.02,37.39,0,0
1593.15,37.36,0,0
1593.27,37.34,0,0
1593.39,37.31,0,0
1593.51,37.28,0,0
1593.63,37.26,0,0
1593.76,37.23,0,0
1593.88,37.2,0,0
1594.0,37.18,0,0
1594.12,37.15,0,0
1594.25,37.12,0,0
1594.37,37.09,0,0
1594.49,37.06,0,0
1594.61,37.03,0,0
1594.73,37.0,0,0
1594.86,36.98,0,0
1594.98,36.95,0,0
1595.1,36.92,0,0
1595.22,36.9,0,0
1595.34,36.88,0,0
1595.47,36.86,0,0
1595.59,36.83,0,0
1595.71,36.82,0,0
1595.83,36.8,0,0
1595.96,36.78,0,0
1596.08,36.75,0,0
1596.2,36.74,0,0
1596.32,36.72,0,0
1596.44,36.7,0,0
1596.57,36.68,0,0
1596.69,36.66,0,0
1596.81,36.65,0,0
1596.93,36.63,0,0
1597.06,36.61,0,0
1597.18,36.59,0,0
1597.3,36.57,0,0
1597.42,36.55,0,0
1597.54,36.53,0,0
1597.67,36.52,0,0
1597.79,36.5,0,0
1597.91,36.49,0,0
1598.03,36.47,0,0
1598.16,36.45,0,0
1598.28,36.44,0,0
1598.4,36.42,0,0
1598.52,36.4,0,0
1598.64,36.38,0,0
1598.77,36.37,0,0
1598.89,36.35,0,0
1599.01,36.34,0,0
1599.13,36.32,0,0
1599.26,36.31,0,0
1599.38,36.29,0,0
1599.5,36.28,0,0
1599.62,36.26,0,0
1599.75,36.24,0,0
1599.87,36.22,0,0
1599.99,36.2,0,0
1600.11,36.18,0,0
1600.23,36.15,0,0
1600.35,36.12,0,0
1600.48,36.11,0,0
1600.6,36.1,0,0
1600.72,36.08,0,0
1600.84,36.05,0,0
1600.97,36.03,0,0
1601.09,36.02,0,0
1601.21,36.0,0,0
1601.33,35.98,0,0
1601.46,35.96,0,0
1601.58,35.95,0,0
1601.7,35.94,0,0
1601.82,35.93,0,0
1601.94,35.92,0,0
1602.07,35.9,0,0
1602.19,35.89,0,0
1602.31,35.88,0,0
1602.43,35.88,0,0
1602.56,35.86,0,0
1602.68,35.85,0,0
1602.8,35.84,0,0
1602.92,35.83,0,0
1603.04,35.82,0,0
1603.17,35.81,0,0
1603.29,35.81,0,0
1603.41,35.8,0,0
1603.53,35.79,0,0
1603.66,35.78,0,0
1603.78,35.78,0,0
1603.9,35.78,0,0
1604.02,35.77,0,0
1604.14,35.76,0,0
1604.27,35.76,0,0
1604.39,35.76,0,0
1604.51,35.75,0,0
1604.63,35.74,0,0
1604.76,35.74,0,0
1604.88,35.73,0,0
1605.0,35.72,0,0
1605.12,35.71,0,0
1605.24,35.71,0,0
1605.37,35.7,0,0
1605.49,35.69,0,0
1605.61,35.68,0,0
1605.73,35.68,0,0
1605.85,35.67,0,0
1605.98,35.67,0,0
1606.1,35.67,0,0
1606.22,35.67,0,0
1606.34,35.66,0,0
1606.47,35.65,0,0
1606.59,35.64,0,0
1606.71,35.63,0,0
1606.83,35.62,0,0
1606.95,35.61,0,0
1607.08,35.61,0,0
1607.2,35.6,0,0
1607.32,35.6,0,0
1607.44,35.6,0,0
1607.57,35.59,0,0
1607.69,35.59,0,0
1607.81,35.59,0,0
1607.93,35.58,0,0
1608.06,35.58,0,0
1608.18,35.58,0,0
1608.3,35.57,0,0
1608.42,35.57,0,0
1608.54,35.56,0,0
1608.67,35.55,0,0
1608.79,35.54,0,0
1608.91,35.53,0,0
1609.03,35.53,0,0
1609.16,35.52,0,0
1609.28,35.51,0,0
1609.4,35.5,0,0
1609.52,35.5,0,0
1609.64,35.49,0,0
1609.77,35.49,0,0
1609.89,35.48,0,0
1610.01,35.47,0,0
1610.13,35.46,0,0
1610.26,35.46,0,0
1610.38,35.45,0,0
1610.5,35.45,0,0
1610.62,35.44,0,0
1610.74,35.44,0,0
1610.87,35.43,0,0
1610.99,35.43,0,0
1611.11,35.42,0,0
1611.23,35.41,0,0
1611.35,35.4,0,0
1611.48,35.39,0,0
1611.6,35.38,0,0
1611.72,35.37,0,0
1611.84,35.37,0,0
1611.97,35.36,0,0
1612.09,35.36,0,0
1612.21,35.35,0,0
1612.33,35.34,0,0
1612.45,35.33,0,0
1612.58,35.33,0,0
1612.7,35.32,0,0
1612.82,35.32,0,0
1612.94,35.31,0,0
1613.07,35.31,0,0
1613.19,35.31,0,0
1613.31,35.3,0,0
1613.43,35.3,0,0
1613.56,35.29,0,0
1613.68,35.29,0,0
1613.8,35.28,0,0
1613.92,35.27,0,0
1614.04,35.27,0,0
1614.17,35.26,0,0
1614.29,35.26,0,0
1614.41,35.25,0,0
1614.53,35.24,0,0
1614.66,35.24,0,0
1614.78,35.24,0,0
1614.9,35.24,0,0
1615.02,35.24,0,0
1615.14,35.23,0,0
1615.27,35.23,0,0
1615.39,35.23,0,0
1615.51,35.23,0,0
1615.63,35.22,0,0
1615.76,35.22,0,0
1615.88,35.21,0,0
1616.0,35.2,0,0
1616.12,35.2,0,0
1616.24,35.19,0,0
1616.37,35.18,0,0
1616.49,35.18,0,0
1616.61,35.17,0,0
1616.73,35.16,0,0
1616.85,35.16,0,0
1616.98,35.16,0,0
1617.1,35.15,0,0
1617.22,35.15,0,0
1617.34,35.14,0,0
1617.47,35.13,0,0
1617.59,35.12,0,0
1617.71,35.12,0,0
1617.83,35.12,0,0
1617.95,35.11,0,0
1618.08,35.1,0,0
1618.2,35.1,0,0
1618.32,35.1,0,0
1618.44,35.1,0,0
1618.57,35.1,0,0
1618.69,35.1,0,0
1618.81,35.09,0,0
1618.93,35.09,0,0
1619.05,35.09,0,0
1619.18,35.09,0,0
1619.3,35.08,0,0
1619.42,35.08,0,0
1619.54,35.08,0,0
1619.67,35.08,0,0
1619.79,35.07,0,0
1619.91,35.08,0,0
1620.03,35.08,0,0
1620.16,35.08,0,0
1620.28,35.08,0,0
1620.4,35.07,0,0
1620.52,35.07,0,0
1620.64,35.07,0,0
1620.77,35.07,0,0
1620.89,35.07,0,0
1621.01,35.07,0,0
1621.13,35.06,0,0
1621.26,35.06,0,0
1621.38,35.05,0,0
1621.5,35.05,0,0
1621.62,35.05,0,0
1621.74,35.04,0,0
1621.87,35.04,0,0
1621.99,35.03,0,0
1622.11,35.03,0,0
1622.23,35.03,0,0
1622.35,35.03,0,0
1622.48,35.03,0,0
1622.6,35.02,0,0
1622.72,35.02,0,0
1622.84,35.02,0,0
1622.97,35.02,0,0
1623.09,35.01,0,0
1623.21,35.01,0,0
1623.33,35.01,0,0
1623.45,35.0,0,0
1623.58,35.0,0,0
1623.7,35.0,0,0
1623.82,34.99,0,0
1623.94,34.99,0,0
1624.07,34.99,0,0
1624.19,34.99,0,0
1624.31,34.99,0,0
1624.43,34.99,0,0
1624.55,34.98,0,0
1624.68,34.98,0,0
1624.8,34.98,0,0
1624.92,34.97,0,0
1625.04,34.97,0,0
1625.17,34.97,0,0
1625.29,34.97,0,0
1625.41,34.97,0,0
1625.53,34.97,0,0
1625.65,34.97,0,0
1625.78,34.97,0,0
1625.9,34.97,0,0
1626.02,34.97,0,0
1626.14,34.97,0,0
1626.27,34.97,0,0
1626.39,34.97,0,0
1626.51,34.97,0,0
1626.63,34.96,0,0
1626.75,34.96,0,0
1626.88,34.96,0,0
1627.0,34.96,0,0
1627.12,34.96,0,0
1627.24,34.96,0,0
1627.36,34.96,0,0
1627.49,34.96,0,0
1627.61,34.96,0,0
1627.73,34.95,0,0
1627.85,34.95,0,0
1627.98,34.96,0,0
1628.1,34.95,0,0
1628.22,34.96,0,0
1628.34,34.96,0,0
1628.46,34.96,0,0
1628.59,34.96,0,0
1628.71,34.96,0,0
1628.83,34.97,0,0
1628.95,34.97,0,0
1629.08,34.97,0,0
1629.2,34.97,0,0
1629.32,34.97,0,0
1629.44,34.97,0,0
1629.56,34.97,0,0
1629.69,34.97,0,0
1629.81,34.97,0,0
1629.93,34.97,0,0
1630.05,34.97,0,0
1630.18,34.97,0,0
1630.3,34.97,0,0
1630.42,34.97,0,0
1630.54,34.97,0,0
1630.67,34.98,0,0
1630.79,34.97,0,0
1630.91,34.98,0,0
1631.03,34.98,0,0
1631.15,34.98,0,0
1631.28,34.98,0,0
1631.4,34.98,0,0
1631.52,34.98,0,0
1631.64,34.99,0,0
1631.77,34.99,0,0
1631.89,34.99,0,0
1632.01,34.99,0,0
1632.13,35.0,0,0
1632.25,35.01,0,0
1632.38,35.02,0,0
1632.5,35.03,0,0
1632.62,35.05,0,0
1632.74,35.07,0,0
1632.86,35.09,0,0
1632.99,35.1,0,0
1633.11,35.11,0,0
1633.23,35.13,0,0
1633.35,35.15,0,0
1633.48,35.16,0,0
1633.6,35.17,0,0
1633.72,35.17,0,0
1633.84,35.18,0,0
1633.96,35.18,0,0
1634.09,35.18,0,0
1634.21,35.18,0,0
1634.33,35.19,0,0
1634.45,35.19,0,0
1634.58,35.19,0,0
1634.7,35.19,0,0
1634.82,35.19,0,0
1634.94,35.19,0,0
1635.06,35.19,0,0
1635.19,35.19,0,0
1635.31,35.19,0,0
1635.43,35.19,0,0
1635.55,35.19,0,0
1635.68,35.18,0,0
1635.8,35.18,0,0
1635.92,35.18,0,0
1636.04,35.18,0,0
1636.17,35.18,0,0
1636.29,35.17,0,0
1636.41,35.17,0,0
1636.53,35.17,0,0
1636.65,35.17,0,0
1636.78,35.16,0,0
1636.9,35.16,0,0
1637.02,35.16,0,0
1637.14,35.16,0,0
1637.27,35.15,0,0
1637.39,35.15,0,0
1637.51,35.15,0,0
1637.63,35.15,0,0
1637.75,35.14,0,0
1637.88,35.14,0,0
1638.0,35.14,0,0
1638.12,35.14,0,0
1638.24,35.14,0,0
1638.36,35.13,0,0
1638.49,35.13,0,0
1638.61,35.13,0,0
1638.73,35.13,0,0
1638.85,35.13,0,0
1638.98,35.13,0,0
1639.1,35.12,0,0
1639.22,35.12,0,0
1639.34,35.12,0,0
1639.46,35.12,0,0
1639.59,35.12,0,0
1639.71,35.11,0,0
1639.83,35.11,0,0
1639.95,35.11,0,0
1640.08,35.11,0,0
1640.2,35.11,0,0
1640.32,35.11,0,0
1640.44,35.11,0,0
1640.56,35.11,0,0
1640.69,35.11,0,0
1640.81,35.11,0,0
1640.93,35.11,0,0
1641.05,35.11,0,0
1641.18,35.11,0,0
1641.3,35.11,0,0
1641.42,35.11,0,0
1641.54,35.11,0,0
1641.66,35.11,0,0
1641.79,35.12,0,0
1641.91,35.12,0,0
1642.03,35.12,0,0
1642.15,35.12,0,0
1642.28,35.12,0,0
1642.4,35.12,0,0
1642.52,35.12,0,0
1642.64,35.12,0,0
1642.77,35.12,0,0
1642.89,35.12,0,0
1643.01,35.12,0,0
1643.13,35.12,0,0
1643.25,35.13,0,0
1643.38,35.13,0,0
1643.5,35.13,0,0
1643.62,35.13,0,0
1643.74,35.13,0,0
1643.86,35.13,0,0
1643.99,35.13,0,0
1644.11,35.13,0,0
1644.23,35.13,0,0
1644.35,35.13,0,0
1644.48,35.13,0,0
1644.6,35.13,0,0
1644.72,35.13,0,0
1644.84,35.14,0,0
1644.96,35.14,0,0
1645.09,35.14,0,0
1645.21,35.14,0,0
1645.33,35.14,0,0
1645.45,35.14,0,0
1645.58,35.14,0,0
1645.7,35.14,0,0
1645.82,35.15,0,0
1645.94,35.15,0,0
1646.06,35.15,0,0
1646.19,35.15,0,0
1646.31,35.15,0,0
1646.43,35.16,0,0
1646.55,35.15,0,0
1646.68,35.16,0,0
1646.8,35.16,0,0
1646.92,35.17,0,0
1647.04,35.17,0,0
1647.16,35.17,0,0
1647.29,35.17,0,0
1647.41,35.17,0,0
1647.53,35.17,0,0
1647.65,35.17,0,0
1647.78,35.18,0,0
1647.9,35.18,0,0
1648.02,35.18,0,0
1648.14,35.18,0,0
1648.27,35.19,0,0
1648.39,35.19,0,0
1648.51,35.19,0,0
1648.63,35.19,0,0
1648.75,35.19,0,0
1648.88,35.19,0,0
1649.0,35.19,0,0
1649.12,35.19,0,0
1649.24,35.2,0,0
1649.36,35.2,0,0
1649.49,35.2,0,0
1649.61,35.2,0,0
1649.73,35.2,0,0
1649.85,35.2,0,0
1649.97,35.2,0,0
1650.1,35.2,0,0
1650.22,35.2,0,0
1650.34,35.2,0,0
1650.46,35.2,0,0
1650.59,35.2,0,0
1650.71,35.2,0,0
1650.83,35.2,0,0
1650.95,35.2,0,0
1651.08,35.2,0,0
1651.2,35.2,0,0
1651.32,35.2,0,0
1651.44,35.2,0,0
1651.56,35.21,0,0
1651.69,35.2,0,0
1651.81,35.21,0,0
1651.93,35.21,0,0
1652.05,35.21,0,0
1652.18,35.21,0,0
1652.3,35.22,0,0
1652.42,35.22,0,0
1652.54,35.22,0,0
1652.66,35.22,0,0
1652.79,35.22,0,0
1652.91,35.22,0,0
1653.03,35.22,0,0
1653.15,35.22,0,0
1653.28,35.22,0,0
1653.4,35.22,0,0
1653.52,35.22,0,0
1653.64,35.22,0,0
1653.76,35.22,0,0
1653.89,35.23,0,0
1654.01,35.23,0,0
1654.13,35.23,0,0
1654.25,35.23,0,0
1654.38,35.23,0,0
1654.5,35.23,0,0
1654.62,35.23,0,0
1654.74,35.23,0,0
1654.86,35.24,0,0
1654.99,35.24,0,0
1655.11,35.24,0,0
1655.23,35.24,0,0
1655.35,35.24,0,0
1655.47,35.24,0,0
1655.6,35.25,0,0
1655.72,35.25,0,0
1655.84,35.25,0,0
1655.96,35.26,0,0
1656.09,35.26,0,0
1656.21,35.26,0,0
1656.33,35.26,0,0
1656.45,35.26,0,0
1656.58,35.27,0,0
1656.7,35.27,0,0
1656.82,35.27,0,0
1656.94,35.27,0,0
1657.06,35.27,0,0
1657.19,35.28,0,0
1657.31,35.28,0,0
1657.43,35.28,0,0
1657.55,35.29,0,0
1657.68,35.29,0,0
1657.8,35.29,0,0
1657.92,35.29,0,0
1658.04,35.3,0,0
1658.16,35.3,0,0
1658.29,35.3,0,0
1658.41,35.3,0,0
1658.53,35.31,0,0
1658.65,35.31,0,0
1658.78,35.31,0,0
1658.9,35.31,0,0
1659.02,35.31,0,0
1659.14,35.31,0,0
1659.26,35.31,0,0
1659.39,35.31,0,0
1659.51,35.31,0,0
1659.63,35.31,0,0
1659.75,35.31,0,0
1659.88,35.31,0,0
1660.0,35.31,0,0
1660.12,35.31,0,0
1660.24,35.31,0,0
1660.36,35.31,0,0
1660.49,35.32,0,0
1660.61,35.32,0,0
1660.73,35.32,0,0
1660.85,35.32,0,0
1660.97,35.32,0,0
1661.1,35.31,0,0
1661.22,35.32,0,0
1661.34,35.31,0,0
1661.46,35.31,0,0
1661.59,35.31,0,0
1661.71,35.31,0,0
1661.83,35.31,0,0
1661.95,35.32,0,0
1662.07,35.31,0,0
1662.2,35.31,0,0
1662.32,35.32,0,0
1662.44,35.32,0,0
1662.56,35.32,0,0
1662.69,35.32,0,0
1662.81,35.32,0,0
1662.93,35.32,0,0
1663.05,35.32,0,0
1663.18,35.32,0,0
1663.3,35.32,0,0
1663.42,35.32,0,0
1663.54,35.32,0,0
1663.66,35.32,0,0
1663.79,35.32,0,0
1663.91,35.32,0,0
1664.03,35.33,0,0
1664.15,35.33,0,0
1664.28,35.33,0,0
1664.4,35.33,0,0
1664.52,35.34,0,0
1664.64,35.34,0,0
1664.76,35.34,0,0
1664.89,35.34,0,0
1665.01,35.34,0,0
1665.13,35.34,0,0
1665.25,35.34,0,0
1665.38,35.34,0,0
1665.5,35.33,0,0
1665.62,35.34,0,0
1665.74,35.34,0,0
1665.86,35.34,0,0
1665.99,35.34,0,0
1666.11,35.33,0,0
1666.23,35.33,0,0
1666.35,35.33,0,0
1666.47,35.33,0,0
1666.6,35.32,0,0
1666.72,35.32,0,0
1666.84,35.32,0,0
1666.96,35.32,0,0
1667.09,35.32,0,0
1667.21,35.31,0,0
1667.33,35.31,0,0
1667.45,35.31,0,0
1667.57,35.31,0,0
1667.7,35.31,0,0
1667.82,35.31,0,0
1667.94,35.3,0,0
1668.06,35.3,0,0
1668.19,35.3,0,0
1668.31,35.29,0,0
1668.43,35.29,0,0
1668.55,35.29,0,0
1668.67,35.29,0,0
1668.8,35.3,0,0
1668.92,35.29,0,0
1669.04,35.29,0,0
1669.16,35.3,0,0
1669.29,35.29,0,0
1669.41,35.3,0,0
1669.53,35.3,0,0
1669.65,35.3,0,0
1669.78,35.3,0,0
1669.9,35.3,0,0
1670.02,35.3,0,0
1670.14,35.3,0,0
1670.26,35.3,0,0
1670.39,35.3,0,0
1670.51,35.3,0,0
1670.63,35.3,0,0
1670.75,35.3,0,0
1670.88,35.3,0,0
1671.0,35.3,0,0
1671.12,35.3,0,0
1671.24,35.3,0,0
1671.36,35.3,0,0
1671.49,35.3,0,0
1671.61,35.3,0,0
1671.73,35.3,0,0
1671.85,35.3,0,0
1671.97,35.3,0,0
1672.1,35.3,0,0
1672.22,35.3,0,0
1672.34,35.3,0,0
1672.46,35.3,0,0
1672.59,35.3,0,0
1672.71,35.3,0,0
1672.83,35.3,0,0
1672.95,35.3,0,0
1673.07,35.3,0,0
1673.2,35.29,0,0
1673.32,35.29,0,0
1673.44,35.29,0,0
1673.56,35.29,0,0
1673.69,35.29,0,0
1673.81,35.28,0,0
1673.93,35.28,0,0
1674.05,35.27,0,0
1674.17,35.27,0,0
1674.3,35.26,0,0
1674.42,35.25,0,0
1674.54,35.24,0,0
1674.66,35.23,0,0
1674.79,35.22,0,0
1674.91,35.21,0,0
1675.03,35.2,0,0
1675.15,35.19,0,0
1675.27,35.18,0,0
1675.4,35.17,0,0
1675.52,35.17,0,0
1675.64,35.16,0,0
1675.76,35.15,0,0
1675.89,35.14,0,0
1676.01,35.14,0,0
1676.13,35.13,0,0
1676.25,35.13,0,0
1676.38,35.12,0,0
1676.5,35.11,0,0
1676.62,35.11,0,0
1676.74,35.1,0,0
1676.86,35.1,0,0
1676.98,35.1,0,0
1677.11,35.1,0,0
1677.23,35.1,0,0
1677.35,35.09,0,0
1677.47,35.09,0,0
1677.6,35.09,0,0
1677.72,35.09,0,0
1677.84,35.1,0,0
1677.96,35.1,0,0
1678.09,35.1,0,0
1678.21,35.11,0,0
1678.33,35.11,0,0
1678.45,35.11,0,0
1678.57,35.11,0,0
1678.7,35.11,0,0
1678.82,35.11,0,0
1678.94,35.11,0,0
1679.06,35.11,0,0
1679.19,35.11,0,0
1679.31,35.11,0,0
1679.43,35.1,0,0
1679.55,35.1,0,0
1679.67,35.1,0,0
1679.8,35.1,0,0
1679.92,35.1,0,0
1680.04,35.1,0,0
1680.16,35.1,0,0
1680.29,35.1,0,0
1680.41,35.09,0,0
1680.53,35.09,0,0
1680.65,35.1,0,0
1680.77,35.1,0,0
1680.9,35.1,0,0
1681.02,35.1,0,0
1681.14,35.1,0,0
1681.26,35.1,0,0
1681.39,35.1,0,0
1681.51,35.1,0,0
1681.63,35.1,0,0
1681.75,35.1,0,0
1681.87,35.1,0,0
1682.0,35.1,0,0
1682.12,35.1,0,0
1682.24,35.1,0,0
1682.36,35.09,0,0
1682.48,35.09,0,0
1682.61,35.09,0,0
1682.73,35.09,0,0
1682.85,35.09,0,0
1682.97,35.09,0,0
1683.1,35.09,0,0
1683.22,35.09,0,0
1683.34,35.08,0,0
1683.46,35.09,0,0
1683.58,35.08,0,0
1683.71,35.08,0,0
1683.83,35.08,0,0
1683.95,35.08,0,0
1684.07,35.07,0,0
1684.2,35.07,0,0
1684.32,35.06,0,0
1684.44,35.06,0,0
1684.56,35.06,0,0
1684.69,35.05,0,0
1684.81,35.05,0,0
1684.93,35.05,0,0
1685.05,35.05,0,0
1685.17,35.04,0,0
1685.3,35.04,0,0
1685.42,35.04,0,0
1685.54,35.03,0,0
1685.66,35.03,0,0
1685.79,35.02,0,0
1685.91,35.02,0,0
1686.03,35.02,0,0
1686.15,35.02,0,0
1686.27,35.02,0,0
1686.4,35.01,0,0
1686.52,35.01,0,0
1686.64,35.02,0,0
1686.76,35.01,0,0
1686.89,35.01,0,0
1687.01,35.01,0,0
1687.13,35.01,0,0
1687.25,35.01,0,0
1687.37,35.01,0,0
1687.5,35.01,0,0
1687.62,35.01,0,0
1687.74,35.01,0,0
1687.86,35.0,0,0
1687.98,35.0,0,0
1688.11,35.0,0,0
1688.23,35.0,0,0
1688.35,35.0,0,0
1688.47,34.98,0,0
1688.6,34.98,0,0
1688.72,34.98,0,0
1688.84,34.97,0,0
1688.96,34.97,0,0
1689.08,34.97,0,0
1689.21,34.97,0,0
1689.33,34.97,0,0
1689.45,34.97,0,0
1689.57,34.97,0,0
1689.7,34.97,0,0
1689.82,34.97,0,0
1689.94,34.97,0,0
1690.06,34.97,0,0
1690.18,34.97,0,0
1690.31,34.96,0,0
1690.43,34.96,0,0
1690.55,34.97,0,0
1690.67,34.97,0,0
1690.8,34.97,0,0
1690.92,34.97,0,0
1691.04,34.97,0,0
1691.16,34.97,0,0
1691.29,34.97,0,0
1691.41,34.97,0,0
1691.53,34.97,0,0
1691.65,34.97,0,0
1691.77,34.97,0,0
1691.9,34.97,0,0
1692.02,34.97,0,0
1692.14,34.97,0,0
1692.26,34.97,0,0
1692.39,34.97,0,0
1692.51,34.97,0,0
1692.63,34.97,0,0
1692.75,34.97,0,0
1692.87,34.97,0,0
1693.0,34.97,0,0
1693.12,34.97,0,0
1693.24,34.97,0,0
1693.36,34.97,0,0
1693.48,34.98,0,0
1693.61,34.98,0,0
1693.73,34.99,0,0
1693.85,35.0,0,0
1693.97,35.01,0,0
1694.1,35.02,0,0
1694.22,35.03,0,0
1694.34,35.04,0,0
1694.46,35.04,0,0
1694.58,35.05,0,0
1694.71,35.05,0,0
1694.83,35.05,0,0
1694.95,35.05,0,0
1695.07,35.05,0,0
1695.2,35.05,0,0
1695.32,35.05,0,0
1695.44,35.06,0,0
1695.56,35.06,0,0
1695.68,35.06,0,0
1695.81,35.06,0,0
1695.93,35.06,0,0
1696.05,35.06,0,0
1696.17,35.06,0,0
1696.3,35.06,0,0
1696.42,35.06,0,0
1696.54,35.06,0,0
1696.66,35.06,0,0
1696.78,35.06,0,0
1696.91,35.06,0,0
1697.03,35.06,0,0
1697.15,35.07,0,0
1697.27,35.07,0,0
1697.4,35.06,0,0
1697.52,35.06,0,0
1697.64,35.06,0,0
1697.76,35.06,0,0
1697.88,35.06,0,0
1698.01,35.06,0,0
1698.13,35.06,0,0
1698.25,35.06,0,0
1698.37,35.06,0,0
1698.5,35.06,0,0
1698.62,35.06,0,0
1698.74,35.06,0,0
1698.86,35.06,0,0
1698.98,35.06,0,0
1699.11,35.05,0,0
1699.23,35.05,0,0
1699.35,35.05,0,0
1699.47,35.05,0,0
1699.59,35.05,0,0
1699.72,35.04,0,0
1699.84,35.03,0,0
1699.96,35.02,0,0
1700.08,35.0,0,0
1700.21,34.99,0,0
1700.33,34.99,0,0
1700.45,34.99,0,0
1700.57,34.98,0,0
1700.7,34.99,0,0
1700.82,34.99,0,0
1700.94,34.99,0,0
1701.06,34.99,0,0
1701.18,34.71,0,0
1701.31,34.64,0,0
1701.43,34.65,0,0
1701.55,34.95,0,0
1701.67,34.98,0,0
1701.8,34.97,0,0
1701.92,34.98,0,0
1702.04,34.98,0,0
1702.16,37.27,0,0
1702.28,39.88,0,0
1702.41,34.99,0,0
1702.53,35.0,0,0
1702.65,34.98,0,0
1702.77,35.0,0,0
1702.9,34.98,0,0
1703.02,34.97,0,0
1703.14,34.98,0,0
1703.26,34.99,0,0
1703.38,34.59,0,0
1703.51,34.2,0,0
1703.63,33.84,0,0
1703.75,33.14,0,0
1703.87,32.75,0,0
1704.0,32.65,0,0
1704.12,32.65,0,0
1704.24,32.93,0,0
1704.36,34.6,0,0
1704.48,34.97,0,0
1704.61,34.97,0,0
1704.73,34.97,0,0
1704.85,34.97,0,0
1704.97,34.97,0,0
1705.09,34.97,0,0
1705.22,34.97,0,0
1705.34,34.97,0,0
1705.46,34.97,0,0
1705.58,34.97,0,0
1705.71,34.97,0,0
1705.83,34.96,0,0
1705.95,34.97,0,0
1706.07,34.97,0,0
1706.19,34.97,0,0
1706.32,34.97,0,0
1706.44,34.97,0,0
1706.56,34.97,0,0
1706.68,34.97,0,0
1706.81,34.97,0,0
1706.93,34.97,0,0
1707.05,34.97,0,0
1707.17,34.97,0,0
1707.29,34.97,0,0
1707.42,34.97,0,0
1707.54,34.97,0,0
1707.66,34.97,0,0
1707.78,34.97,0,0
1707.91,34.97,0,0
1708.03,34.97,0,0
1708.15,34.97,0,0
1708.27,34.98,0,0
1708.4,34.98,0,0
1708.52,34.98,0,0
1708.64,34.98,0,0
1708.76,34.98,0,0
1708.88,34.98,0,0
1709.01,34.97,0,0
1709.13,34.97,0,0
1709.25,34.98,0,0
1709.37,34.97,0,0
1709.5,34.98,0,0
1709.62,34.98,0,0
1709.74,34.98,0,0
1709.86,34.98,0,0
1709.98,34.98,0,0
1710.11,34.99,0,0
1710.23,34.99,0,0
1710.35,34.99,0,0
1710.47,35.0,0,0
1710.59,35.01,0,0
1710.72,35.02,0,0
1710.84,35.03,0,0
1710.96,35.04,0,0
1711.08,35.05,0,0
1711.21,35.05,0,0
1711.33,35.05,0,0
1711.45,35.05,0,0
1711.57,35.06,0,0
1711.69,35.05,0,0
1711.82,35.06,0,0
1711.94,35.06,0,0
1712.06,35.06,0,0
1712.18,35.06,0,0
1712.31,35.06,0,0
1712.43,35.06,0,0
1712.55,35.06,0,0
1712.67,35.06,0,0
1712.79,35.06,0,0
1712.92,35.06,0,0
1713.04,35.06,0,0
1713.16,35.06,0,0
1713.28,35.06,0,0
1713.41,35.06,0,0
1713.53,35.06,0,0
1713.65,35.06,0,0
1713.77,35.06,0,0
1713.89,35.06,0,0
1714.02,35.05,0,0
1714.14,35.05,0,0
1714.26,35.05,0,0
1714.38,35.05,0,0
1714.51,35.05,0,0
1714.63,35.05,0,0
1714.75,35.05,0,0
1714.87,35.04,0,0
1715.0,35.04,0,0
1715.12,35.03,0,0
1715.24,35.02,0,0
1715.36,35.01,0,0
1715.48,35.01,0,0
1715.6,35.01,0,0
1715.73,35.0,0,0
1715.85,34.99,0,0
1715.97,34.99,0,0
1716.09,34.99,0,0
1716.22,34.98,0,0
1716.34,34.98,0,0
1716.46,34.98,0,0
1716.58,34.97,0,0
1716.71,34.97,0,0
1716.83,34.97,0,0
1716.95,34.97,0,0
1717.07,34.97,0,0
1717.19,34.97,0,0
1717.32,34.97,0,0
1717.44,34.97,0,0
1717.56,34.97,0,0
1717.68,34.96,0,0
1717.81,34.96,0,0
1717.93,34.96,0,0
1718.05,34.96,0,0
1718.17,34.96,0,0
1718.29,34.96,0,0
1718.42,34.96,0,0
1718.54,34.96,0,0
1718.66,34.96,0,0
1718.78,34.96,0,0
1718.91,34.96,0,0
1719.03,34.96,0,0
1719.15,34.95,0,0
1719.27,34.95,0,0
1719.39,34.95,0,0
1719.52,34.95,0,0
1719.64,34.95,0,0
1719.76,34.95,0,0
1719.88,34.95,0,0
1720.01,34.95,0,0
1720.13,34.94,0,0
1720.25,34.94,0,0
1720.37,34.94,0,0
1720.49,34.93,0,0
1720.62,34.93,0,0
1720.74,34.93,0,0
1720.86,34.94,0,0
1720.98,34.94,0,0
1721.1,34.94,0,0
1721.23,34.93,0,0
1721.35,34.93,0,0
1721.47,34.92,0,0
1721.59,34.92,0,0
1721.72,34.92,0,0
1721.84,34.91,0,0
1721.96,34.91,0,0
1722.08,34.91,0,0
1722.2,34.91,0,0
1722.33,34.9,0,0
1722.45,34.9,0,0
1722.57,34.9,0,0
1722.69,34.9,0,0
1722.82,34.9,0,0
1722.94,34.91,0,0
1723.06,34.91,0,0
1723.18,34.92,0,0
1723.31,34.93,0,0
1723.43,34.94,0,0
1723.55,34.94,0,0
1723.67,34.95,0,0
1723.79,34.95,0,0
1723.92,34.94,0,0
1724.04,34.94,0,0
1724.16,34.93,0,0
1724.28,34.93,0,0
1724.41,34.92,0,0
1724.53,34.91,0,0
1724.65,34.91,0,0
1724.77,34.9,0,0
1724.89,34.9,0,0
1725.02,34.89,0,0
1725.14,34.89,0,0
1725.26,34.89,0,0
1725.38,34.89,0,0
1725.51,34.89,0,0
1725.63,34.88,0,0
1725.75,34.88,0,0
1725.87,34.88,0,0
1725.99,34.88,0,0
1726.12,34.89,0,0
1726.24,34.88,0,0
1726.36,34.88,0,0
1726.48,34.89,0,0
1726.6,34.89,0,0
1726.73,34.89,0,0
1726.85,34.9,0,0
1726.97,34.9,0,0
1727.09,34.91,0,0
1727.22,34.91,0,0
1727.34,34.92,0,0
1727.46,34.92,0,0
1727.58,34.92,0,0
1727.7,34.92,0,0
1727.83,34.92,0,0
1727.95,34.92,0,0
1728.07,34.92,0,0
1728.19,34.92,0,0
1728.32,34.92,0,0
1728.44,34.92,0,0
1728.56,34.92,0,0
1728.68,34.92,0,0
1728.8,34.91,0,0
1728.93,34.92,0,0
1729.05,34.92,0,0
1729.17,34.92,0,0
1729.29,34.92,0,0
1729.42,34.91,0,0
1729.54,34.91,0,0
1729.66,34.91,0,0
1729.78,34.91,0,0
1729.91,34.91,0,0
1730.03,34.91,0,0
1730.15,34.91,0,0
1730.27,34.9,0,0
1730.39,34.9,0,0
1730.52,34.9,0,0
1730.64,34.89,0,0
1730.76,34.89,0,0
1730.88,34.89,0,0
1731.01,34.89,0,0
1731.13,34.89,0,0
1731.25,34.89,0,0
1731.37,34.89,0,0
1731.49,34.89,0,0
1731.62,34.89,0,0
1731.74,34.89,0,0
1731.86,34.89,0,0
1731.98,34.89,0,0
1732.1,34.89,0,0
1732.23,34.89,0,0
1732.35,34.89,0,0
1732.47,34.89,0,0
1732.59,34.9,0,0
1732.72,34.9,0,0
1732.84,34.91,0,0
1732.96,34.92,0,0
1733.08,34.93,0,0
1733.2,34.93,0,0
1733.33,34.93,0,0
1733.45,34.93,0,0
1733.57,34.92,0,0
1733.69,34.92,0,0
1733.82,34.91,0,0
1733.94,34.91,0,0
1734.06,34.9,0,0
1734.18,34.9,0,0
1734.3,34.9,0,0
1734.43,34.89,0,0
1734.55,34.89,0,0
1734.67,34.89,0,0
1734.79,34.89,0,0
1734.92,34.89,0,0
1735.04,34.89,0,0
1735.16,34.89,0,0
1735.28,34.89,0,0
1735.4,34.89,0,0
1735.53,34.89,0,0
1735.65,34.89,0,0
1735.77,34.88,0,0
1735.89,34.88,0,0
1736.02,34.88,0,0
1736.14,34.88,0,0
1736.26,34.88,0,0
1736.38,34.88,0,0
1736.51,34.88,0,0
1736.63,34.88,0,0
1736.75,34.88,0,0
1736.87,34.88,0,0
1736.99,34.88,0,0
1737.11,34.88,0,0
1737.24,34.89,0,0
1737.36,34.89,0,0
1737.48,34.89,0,0
1737.6,34.89,0,0
1737.73,34.89,0,0
1737.85,34.9,0,0
1737.97,34.9,0,0
1738.09,34.9,0,0
1738.21,34.91,0,0
1738.34,34.91,0,0
1738.46,34.92,0,0
1738.58,34.92,0,0
1738.7,34.92,0,0
1738.83,34.93,0,0
1738.95,34.93,0,0
1739.07,34.95,0,0
1739.19,34.95,0,0
1739.32,34.95,0,0
1739.44,34.95,0,0
1739.56,34.96,0,0
1739.68,34.96,0,0
1739.8,34.96,0,0
1739.93,34.96,0,0
1740.05,34.96,0,0
1740.17,34.96,0,0
1740.29,34.96,0,0
1740.42,34.96,0,0
1740.54,34.97,0,0
1740.66,34.97,0,0
1740.78,34.97,0,0
1740.9,34.97,0,0
1741.03,34.97,0,0
1741.15,34.97,0,0
1741.27,34.97,0,0
1741.39,34.97,0,0
1741.52,34.97,0,0
1741.64,34.97,0,0
1741.76,34.97,0,0
1741.88,34.97,0,0
1742.0,34.97,0,0
1742.13,34.97,0,0
1742.25,34.97,0,0
1742.37,34.97,0,0
1742.49,34.97,0,0
1742.61,34.97,0,0
1742.74,34.97,0,0
1742.86,34.97,0,0
1742.98,34.97,0,0
1743.1,34.97,0,0
1743.23,34.97,0,0
1743.35,34.97,0,0
1743.47,34.97,0,0
1743.59,34.97,0,0
1743.71,34.97,0,0
1743.84,34.97,0,0
1743.96,34.97,0,0
1744.08,34.97,0,0
1744.2,34.97,0,0
1744.33,34.97,0,0
1744.45,34.97,0,0
1744.57,34.97,0,0
1744.69,34.97,0,0
1744.81,34.97,0,0
1744.94,34.97,0,0
1745.06,34.97,0,0
1745.18,34.97,0,0
1745.3,34.97,0,0
1745.43,34.97,0,0
1745.55,34.97,0,0
1745.67,34.97,0,0
1745.79,34.97,0,0
1745.92,34.97,0,0
1746.04,34.98,0,0
1746.16,34.98,0,0
1746.28,34.98,0,0
1746.4,34.98,0,0
1746.53,34.98,0,0
1746.65,34.98,0,0
1746.77,34.98,0,0
1746.89,34.99,0,0
1747.02,34.99,0,0
1747.14,34.99,0,0
1747.26,34.99,0,0
1747.38,34.99,0,0
1747.5,35.0,0,0
1747.63,35.0,0,0
1747.75,35.0,0,0
1747.87,35.01,0,0
1747.99,35.01,0,0
1748.11,35.01,0,0
1748.24,35.01,0,0
1748.36,35.01,0,0
1748.48,35.01,0,0
1748.6,35.01,0,0
1748.73,35.01,0,0
1748.85,35.02,0,0
1748.97,35.02,0,0
1749.09,35.02,0,0
1749.21,35.02,0,0
1749.34,35.03,0,0
1749.46,35.02,0,0
1749.58,35.02,0,0
1749.7,35.02,0,0
1749.83,35.02,0,0
1749.95,35.02,0,0
1750.07,35.01,0,0
1750.19,35.02,0,0
1750.31,35.02,0,0
1750.44,35.02,0,0
1750.56,35.03,0,0
1750.68,35.03,0,0
1750.8,35.03,0,0
1750.93,35.04,0,0
1751.05,35.04,0,0
1751.17,35.04,0,0
1751.29,35.05,0,0
1751.42,35.05,0,0
1751.54,35.05,0,0
1751.66,35.05,0,0
1751.78,35.05,0,0
1751.9,35.05,0,0
1752.03,35.05,0,0
1752.15,35.05,0,0
1752.27,35.05,0,0
1752.39,35.05,0,0
1752.52,35.05,0,0
1752.64,35.05,0,0
1752.76,35.05,0,0
1752.88,35.06,0,0
1753.0,35.06,0,0
1753.13,35.06,0,0
1753.25,35.06,0,0
1753.37,35.06,0,0
1753.49,35.06,0,0
1753.61,35.06,0,0
1753.74,35.06,0,0
1753.86,35.06,0,0
1753.98,35.06,0,0
1754.1,35.06,0,0
1754.23,35.06,0,0
1754.35,35.06,0,0
1754.47,35.06,0,0
1754.59,35.07,0,0
1754.71,35.06,0,0
1754.84,35.07,0,0
1754.96,35.07,0,0
1755.08,35.07,0,0
1755.2,35.08,0,0
1755.33,35.08,0,0
1755.45,35.08,0,0
1755.57,35.09,0,0
1755.69,35.09,0,0
1755.81,35.09,0,0
1755.94,35.1,0,0
1756.06,35.1,0,0
1756.18,35.1,0,0
1756.3,35.11,0,0
1756.43,35.11,0,0
1756.55,35.12,0,0
1756.67,35.12,0,0
1756.79,35.12,0,0
1756.91,35.12,0,0
1757.04,35.12,0,0
1757.16,35.12,0,0
1757.28,35.12,0,0
1757.4,35.12,0,0
1757.53,35.13,0,0
1757.65,35.13,0,0
1757.77,35.13,0,0
1757.89,35.13,0,0
1758.02,35.13,0,0
1758.14,35.13,0,0
1758.26,35.13,0,0
1758.38,35.13,0,0
1758.5,35.13,0,0
1758.63,35.13,0,0
1758.75,35.14,0,0
1758.87,35.14,0,0
1758.99,35.14,0,0
1759.11,35.14,0,0
1759.24,35.14,0,0
1759.36,35.14,0,0
1759.48,35.14,0,0
1759.6,35.14,0,0
1759.73,35.14,0,0
1759.85,35.14,0,0
1759.97,35.14,0,0
1760.09,35.14,0,0
1760.21,35.14,0,0
1760.34,35.14,0,0
1760.46,35.14,0,0
1760.58,35.14,0,0
1760.7,35.15,0,0
1760.83,35.15,0,0
1760.95,35.15,0,0
1761.07,35.15,0,0
1761.19,35.15,0,0
1761.31,35.15,0,0
1761.44,35.15,0,0
1761.56,35.16,0,0
1761.68,35.16,0,0
1761.8,35.17,0,0
1761.93,35.17,0,0
1762.05,35.17,0,0
1762.17,35.17,0,0
1762.29,35.18,0,0
1762.41,35.18,0,0
1762.54,35.18,0,0
1762.66,35.19,0,0
1762.78,35.19,0,0
1762.9,35.19,0,0
1763.03,35.18,0,0
1763.15,35.18,0,0
1763.27,35.18,0,0
1763.39,35.18,0,0
1763.51,35.18,0,0
1763.64,35.18,0,0
1763.76,35.18,0,0
1763.88,35.18,0,0
1764.0,35.18,0,0
1764.13,35.18,0,0
1764.25,35.17,0,0
1764.37,35.16,0,0
1764.49,35.16,0,0
1764.61,35.16,0,0
1764.74,35.15,0,0
1764.86,35.15,0,0
1764.98,35.15,0,0
1765.1,35.15,0,0
1765.22,35.14,0,0
1765.35,35.14,0,0
1765.47,35.14,0,0
1765.59,35.14,0,0
1765.71,35.14,0,0
1765.84,35.14,0,0
1765.96,35.14,0,0
1766.08,35.14,0,0
1766.2,35.14,0,0
1766.33,35.14,0,0
1766.45,35.14,0,0
1766.57,35.14,0,0
1766.69,35.13,0,0
1766.81,35.13,0,0
1766.94,35.12,0,0
1767.06,35.12,0,0
1767.18,35.12,0,0
1767.3,35.12,0,0
1767.43,35.11,0,0
1767.55,35.11,0,0
1767.67,35.1,0,0
1767.79,35.1,0,0
1767.91,35.09,0,0
1768.04,35.09,0,0
1768.16,35.08,0,0
1768.28,35.08,0,0
1768.4,35.08,0,0
1768.53,35.08,0,0
1768.65,35.08,0,0
1768.77,35.07,0,0
1768.89,35.07,0,0
1769.01,35.07,0,0
1769.14,35.06,0,0
1769.26,35.06,0,0
1769.38,35.06,0,0
1769.5,35.06,0,0
1769.63,35.05,0,0
1769.75,35.05,0,0
1769.87,35.05,0,0
1769.99,35.04,0,0
1770.11,35.04,0,0
1770.24,35.04,0,0
1770.36,35.04,0,0
1770.48,35.04,0,0
1770.6,35.04,0,0
1770.72,35.04,0,0
1770.85,35.04,0,0
1770.97,35.04,0,0
1771.09,35.04,0,0
1771.21,35.04,0,0
1771.34,35.04,0,0
1771.46,35.04,0,0
1771.58,35.04,0,0
1771.7,35.03,0,0
1771.82,35.03,0,0
1771.95,35.04,0,0
1772.07,35.04,0,0
1772.19,35.04,0,0
1772.31,35.04,0,0
1772.44,35.05,0,0
1772.56,35.05,0,0
1772.68,35.04,0,0
1772.8,35.04,0,0
1772.93,35.04,0,0
1773.05,35.04,0,0
1773.17,35.04,0,0
1773.29,35.04,0,0
1773.41,35.04,0,0
1773.54,35.04,0,0
1773.66,35.04,0,0
1773.78,35.04,0,0
1773.9,35.04,0,0
1774.03,35.04,0,0
1774.15,35.05,0,0
1774.27,35.05,0,0
1774.39,35.05,0,0
1774.51,35.05,0,0
1774.64,35.05,0,0
1774.76,35.05,0,0
1774.88,35.05,0,0
1775.0,35.05,0,0
1775.13,35.05,0,0
1775.25,35.05,0,0
1775.37,35.05,0,0
1775.49,35.06,0,0
1775.61,35.05,0,0
1775.74,35.05,0,0
1775.86,35.05,0,0
1775.98,35.05,0,0
1776.1,35.05,0,0
1776.22,35.05,0,0
1776.35,35.05,0,0
1776.47,35.05,0,0
1776.59,35.05,0,0
1776.71,35.05,0,0
1776.84,35.04,0,0
1776.96,35.04,0,0
1777.08,35.04,0,0
1777.2,35.03,0,0
1777.32,35.03,0,0
1777.45,35.03,0,0
1777.57,35.02,0,0
1777.69,35.02,0,0
1777.81,35.02,0,0
1777.94,35.02,0,0
1778.06,35.01,0,0
1778.18,35.01,0,0
1778.3,35.01,0,0
1778.42,35.01,0,0
1778.55,35.01,0,0
1778.67,35.01,0,0
1778.79,35.0,0,0
1778.91,35.0,0,0
1779.04,35.0,0,0
1779.16,34.99,0,0
1779.28,34.99,0,0
1779.4,34.99,0,0
1779.53,34.99,0,0
1779.65,34.99,0,0
1779.77,34.99,0,0
1779.89,34.99,0,0
1780.01,34.99,0,0
1780.14,34.99,0,0
1780.26,34.99,0,0
1780.38,34.99,0,0
1780.5,34.99,0,0
1780.63,34.99,0,0
1780.75,34.99,0,0
1780.87,34.99,0,0
1780.99,34.99,0,0
1781.11,34.98,0,0
1781.23,34.98,0,0
1781.36,34.98,0,0
1781.48,34.98,0,0
1781.6,34.98,0,0
1781.72,34.97,0,0
1781.85,34.97,0,0
1781.97,34.97,0,0
1782.09,34.97,0,0
1782.21,34.97,0,0
1782.34,34.97,0,0
1782.46,34.97,0,0
1782.58,34.98,0,0
1782.7,34.98,0,0
1782.82,34.98,0,0
1782.95,34.98,0,0
1783.07,34.98,0,0
1783.19,34.99,0,0
1783.31,35.0,0,0
1783.44,35.0,0,0
1783.56,35.01,0,0
1783.68,35.02,0,0
1783.8,35.02,0,0
1783.92,35.02,0,0
1784.05,35.03,0,0
1784.17,35.03,0,0
1784.29,35.04,0,0
1784.41,35.04,0,0
1784.54,35.04,0,0
1784.66,35.05,0,0
1784.78,35.05,0,0
1784.9,35.05,0,0
1785.02,35.05,0,0
1785.15,35.06,0,0
1785.27,35.06,0,0
1785.39,35.06,0,0
1785.51,35.06,0,0
1785.64,35.07,0,0
1785.76,35.07,0,0
1785.88,35.08,0,0
1786.0,35.08,0,0
1786.13,35.09,0,0
1786.25,35.09,0,0
1786.37,35.1,0,0
1786.49,35.1,0,0
1786.61,35.11,0,0
1786.73,35.12,0,0
1786.86,35.12,0,0
1786.98,35.12,0,0
1787.1,35.12,0,0
1787.22,35.12,0,0
1787.35,35.12,0,0
1787.47,35.12,0,0
1787.59,35.13,0,0
1787.71,35.13,0,0
1787.84,35.13,0,0
1787.96,35.13,0,0
1788.08,35.13,0,0
1788.2,35.13,0,0
1788.32,35.13,0,0
1788.45,35.13,0,0
1788.57,35.13,0,0
1788.69,35.13,0,0
1788.81,35.12,0,0
1788.94,35.13,0,0
1789.06,35.12,0,0
1789.18,35.12,0,0
1789.3,35.13,0,0
1789.42,35.13,0,0
1789.55,35.13,0,0
1789.67,35.13,0,0
1789.79,35.13,0,0
1789.91,35.13,0,0
1790.04,35.13,0,0
1790.16,35.13,0,0
1790.28,35.13,0,0
1790.4,35.13,0,0
1790.52,35.13,0,0
1790.65,35.13,0,0
1790.77,35.13,0,0
1790.89,35.14,0,0
1791.01,35.14,0,0
1791.14,35.14,0,0
1791.26,35.14,0,0
1791.38,35.14,0,0
1791.5,35.14,0,0
1791.62,35.14,0,0
1791.75,35.14,0,0
1791.87,35.14,0,0
1791.99,35.14,0,0
1792.11,35.14,0,0
1792.23,35.14,0,0
1792.36,35.14,0,0
1792.48,35.14,0,0
1792.6,35.14,0,0
1792.72,35.14,0,0
1792.85,35.14,0,0
1792.97,35.14,0,0
1793.09,35.14,0,0
1793.21,35.14,0,0
1793.33,35.14,0,0
1793.46,35.13,0,0
1793.58,35.13,0,0
1793.7,35.13,0,0
1793.82,35.13,0,0
1793.95,35.13,0,0
1794.07,35.13,0,0
1794.19,35.13,0,0
1794.31,35.13,0,0
1794.44,35.12,0,0
1794.56,35.13,0,0
1794.68,35.12,0,0
1794.8,35.13,0,0
1794.92,35.13,0,0
1795.05,35.13,0,0
1795.17,35.13,0,0
1795.29,35.13,0,0
1795.41,35.13,0,0
1795.54,35.13,0,0
1795.66,35.13,0,0
1795.78,35.13,0,0
1795.9,35.13,0,0
1796.02,35.13,0,0
1796.15,35.13,0,0
1796.27,35.13,0,0
1796.39,35.13,0,0
1796.51,35.13,0,0
1796.64,35.13,0,0
1796.76,35.13,0,0
1796.88,35.13,0,0
1797.0,35.13,0,0
1797.12,35.13,0,0
1797.25,35.13,0,0
1797.37,35.13,0,0
1797.49,35.13,0,0
1797.61,35.14,0,0
1797.73,35.14,0,0
1797.86,35.14,0,0
1797.98,35.14,0,0
1798.1,35.14,0,0
1798.22,35.14,0,0
1798.35,35.14,0,0
1798.47,35.14,0,0
1798.59,35.13,0,0
1798.71,35.13,0,0
1798.83,35.13,0,0
1798.96,35.12,0,0
1799.08,35.12,0,0
1799.2,35.12,0,0
1799.32,35.11,0,0
1799.45,35.11,0,0
1799.57,35.1,0,0
1799.69,35.1,0,0
1799.81,35.09,0,0
1799.93,35.09,0,0
1800.06,35.09,0,0
1800.18,35.08,0,0
1800.3,35.08,0,0
1800.42,35.07,0,0
1800.55,35.07,0,0
1800.67,35.07,0,0
1800.79,35.06,0,0
1800.91,35.06,0,0
1801.04,35.06,0,0
1801.16,35.06,0,0
1801.28,35.06,0,0
1801.4,35.06,0,0
1801.52,35.06,0,0
1801.65,35.06,0,0
1801.77,35.06,0,0
1801.89,35.06,0,0
1802.01,35.06,0,0
1802.14,35.06,0,0
1802.26,35.06,0,0
1802.38,35.06,0,0
1802.5,35.06,0,0
1802.62,35.06,0,0
1802.75,35.06,0,0
1802.87,35.06,0,0
1802.99,35.06,0,0
1803.11,35.06,0,0
1803.23,35.06,0,0
1803.36,35.06,0,0
1803.48,35.06,0,0
1803.6,35.06,0,0
1803.72,35.06,0,0
1803.85,35.06,0,0
1803.97,35.06,0,0
1804.09,35.06,0,0
1804.21,35.06,0,0
1804.33,35.06,0,0
1804.46,35.06,0,0
1804.58,35.05,0,0
1804.7,35.05,0,0
1804.82,35.05,0,0
1804.95,35.05,0,0
1805.07,35.05,0,0
1805.19,35.05,0,0
1805.31,35.04,0,0
1805.43,35.04,0,0
1805.56,35.04,0,0
1805.68,35.04,0,0
1805.8,35.04,0,0
1805.92,35.04,0,0
1806.05,35.04,0,0
1806.17,35.04,0,0
1806.29,35.05,0,0
1806.41,35.05,0,0
1806.53,35.05,0,0
1806.66,35.05,0,0
1806.78,35.06,0,0
1806.9,35.06,0,0
1807.02,35.06,0,0
1807.15,35.06,0,0
1807.27,35.05,0,0
1807.39,35.05,0,0
1807.51,35.05,0,0
1807.64,35.05,0,0
1807.76,35.05,0,0
1807.88,35.04,0,0
1808.0,35.04,0,0
1808.12,35.04,0,0
1808.25,35.04,0,0
1808.37,35.04,0,0
1808.49,35.04,0,0
1808.61,35.04,0,0
1808.73,35.04,0,0
1808.86,35.04,0,0
1808.98,35.04,0,0
1809.1,35.04,0,0
1809.22,35.04,0,0
1809.34,35.04,0,0
1809.47,35.04,0,0
1809.59,35.04,0,0
1809.71,35.04,0,0
1809.83,35.05,0,0
1809.96,35.05,0,0
1810.08,35.05,0,0
1810.2,35.05,0,0
1810.32,35.06,0,0
1810.45,35.06,0,0
1810.57,35.06,0,0
1810.69,35.06,0,0
1810.81,35.06,0,0
1810.93,35.06,0,0
1811.06,35.06,0,0
1811.18,35.06,0,0
1811.3,35.06,0,0
1811.42,35.07,0,0
1811.55,35.07,0,0
1811.67,35.07,0,0
1811.79,35.07,0,0
1811.91,35.07,0,0
1812.03,35.07,0,0
1812.16,35.07,0,0
1812.28,35.07,0,0
1812.4,35.08,0,0
1812.52,35.08,0,0
1812.65,35.08,0,0
1812.77,35.08,0,0
1812.89,35.08,0,0
1813.01,35.09,0,0
1813.13,35.09,0,0
1813.26,35.09,0,0
1813.38,35.09,0,0
1813.5,35.09,0,0
1813.62,35.09,0,0
1813.75,35.09,0,0
1813.87,35.09,0,0
1813.99,35.09,0,0
1814.11,35.09,0,0
1814.23,35.1,0,0
1814.36,35.1,0,0
1814.48,35.1,0,0
1814.6,35.1,0,0
1814.72,35.1,0,0
1814.84,35.09,0,0
1814.97,35.1,0,0
1815.09,35.1,0,0
1815.21,35.1,0,0
1815.33,35.1,0,0
1815.46,35.1,0,0
1815.58,35.1,0,0
1815.7,35.1,0,0
1815.82,35.1,0,0
1815.95,35.09,0,0
1816.07,35.09,0,0
1816.19,35.09,0,0
1816.31,35.09,0,0
1816.43,35.09,0,0
1816.56,35.08,0,0
1816.68,35.08,0,0
1816.8,35.07,0,0
1816.92,35.07,0,0
1817.05,35.07,0,0
1817.17,35.07,0,0
1817.29,35.06,0,0
1817.41,35.06,0,0
1817.53,35.05,0,0
1817.66,35.05,0,0
1817.78,35.05,0,0
1817.9,35.05,0,0
1818.02,35.05,0,0
1818.15,35.05,0,0
1818.27,35.05,0,0
1818.39,35.04,0,0
1818.51,35.04,0,0
1818.63,35.04,0,0
1818.76,35.04,0,0
1818.88,35.03,0,0
1819.0,35.03,0,0
1819.12,35.02,0,0
1819.25,35.02,0,0
1819.37,35.01,0,0
1819.49,35.01,0,0
1819.61,35.0,0,0
1819.73,35.0,0,0
1819.86,34.99,0,0
1819.98,34.99,0,0
1820.1,34.98,0,0
1820.22,34.97,0,0
1820.34,34.97,0,0
1820.47,34.97,0,0
1820.59,34.96,0,0
1820.71,34.96,0,0
1820.83,34.95,0,0
1820.96,34.95,0,0
1821.08,34.94,0,0
1821.2,34.94,0,0
1821.32,34.93,0,0
1821.44,34.93,0,0
1821.57,34.92,0,0
1821.69,34.92,0,0
1821.81,34.91,0,0
1821.93,34.91,0,0
1822.06,34.9,0,0
1822.18,34.9,0,0
1822.3,34.89,0,0
1822.42,34.89,0,0
1822.55,34.89,0,0
1822.67,34.89,0,0
1822.79,34.88,0,0
1822.91,34.88,0,0
1823.03,34.88,0,0
1823.16,34.88,0,0
1823.28,34.88,0,0
1823.4,34.87,0,0
1823.52,34.87,0,0
1823.65,34.87,0,0
1823.77,34.87,0,0
1823.89,34.87,0,0
1824.01,34.87,0,0
1824.13,34.87,0,0
1824.26,34.87,0,0
1824.38,34.87,0,0
1824.5,34.87,0,0
1824.62,34.87,0,0
1824.75,34.87,0,0
1824.87,34.87,0,0
1824.99,34.87,0,0
1825.11,34.87,0,0
1825.23,34.87,0,0
1825.36,34.87,0,0
1825.48,34.87,0,0
1825.6,34.87,0,0
1825.72,34.87,0,0
1825.84,34.87,0,0
1825.97,34.87,0,0
1826.09,34.87,0,0
1826.21,34.87,0,0
1826.33,34.87,0,0
1826.46,34.87,0,0
1826.58,34.87,0,0
1826.7,34.87,0,0
1826.82,34.87,0,0
1826.94,34.87,0,0
1827.07,34.87,0,0
1827.19,34.88,0,0
1827.31,34.88,0,0
1827.43,34.88,0,0
1827.56,34.88,0,0
1827.68,34.88,0,0
1827.8,34.88,0,0
1827.92,34.88,0,0
1828.04,34.88,0,0
1828.17,34.89,0,0
1828.29,34.89,0,0
1828.41,34.89,0,0
1828.53,34.9,0,0
1828.66,34.9,0,0
1828.78,34.91,0,0
1828.9,34.91,0,0
1829.02,34.91,0,0
1829.15,34.91,0,0
1829.27,34.91,0,0
1829.39,34.91,0,0
1829.51,34.91,0,0
1829.63,34.91,0,0
1829.76,34.91,0,0
1829.88,34.91,0,0
1830.0,34.91,0,0
1830.12,34.91,0,0
1830.25,34.91,0,0
1830.37,34.91,0,0
1830.49,34.91,0,0
1830.61,34.91,0,0
1830.73,34.9,0,0
1830.86,34.9,0,0
1830.98,34.89,0,0
1831.1,34.89,0,0
1831.22,34.89,0,0
1831.34,34.89,0,0
1831.47,34.89,0,0
1831.59,34.88,0,0
1831.71,34.88,0,0
1831.83,34.88,0,0
1831.96,34.87,0,0
1832.08,34.87,0,0
1832.2,34.86,0,0
1832.32,34.86,0,0
1832.44,34.86,0,0
1832.57,34.86,0,0
1832.69,34.85,0,0
1832.81,34.85,0,0
1832.93,34.85,0,0
1833.06,34.85,0,0
1833.18,34.85,0,0
1833.3,34.84,0,0
1833.42,34.84,0,0
1833.54,34.84,0,0
1833.67,34.84,0,0
1833.79,34.83,0,0
1833.91,34.83,0,0
1834.03,34.83,0,0
1834.16,34.83,0,0
1834.28,34.82,0,0
1834.4,34.82,0,0
1834.52,34.81,0,0
1834.64,34.8,0,0
1834.77,34.8,0,0
1834.89,34.8,0,0
1835.01,34.8,0,0
1835.13,34.8,0,0
1835.26,34.8,0,0
1835.38,34.8,0,0
1835.5,34.8,0,0
1835.62,34.79,0,0
1835.75,34.8,0,0
1835.87,34.8,0,0
1835.99,34.8,0,0
1836.11,34.8,0,0
1836.23,34.81,0,0
1836.35,34.81,0,0
1836.48,34.82,0,0
1836.6,34.82,0,0
1836.72,34.83,0,0
1836.84,34.83,0,0
1836.97,34.84,0,0
1837.09,34.84,0,0
1837.21,34.85,0,0
1837.33,34.85,0,0
1837.46,34.85,0,0
1837.58,34.86,0,0
1837.7,34.86,0,0
1837.82,34.86,0,0
1837.94,34.87,0,0
1838.07,34.87,0,0
1838.19,34.87,0,0
1838.31,34.87,0,0
1838.43,34.87,0,0
1838.56,34.87,0,0
1838.68,34.87,0,0
1838.8,34.87,0,0
1838.92,34.87,0,0
1839.04,34.87,0,0
1839.17,34.87,0,0
1839.29,34.86,0,0
1839.41,34.86,0,0
1839.53,34.86,0,0
1839.66,34.85,0,0
1839.78,34.85,0,0
1839.9,34.85,0,0
1840.02,34.85,0,0
1840.14,34.84,0,0
1840.27,34.84,0,0
1840.39,34.84,0,0
1840.51,34.84,0,0
1840.63,34.83,0,0
1840.76,34.83,0,0
1840.88,34.83,0,0
1841.0,34.82,0,0
1841.12,34.82,0,0
1841.25,34.81,0,0
1841.37,34.81,0,0
1841.49,34.8,0,0
1841.61,34.8,0,0
1841.73,34.79,0,0
1841.85,34.79,0,0
1841.98,34.78,0,0
1842.1,34.78,0,0
1842.22,34.77,0,0
1842.34,34.77,0,0
1842.47,34.76,0,0
1842.59,34.76,0,0
1842.71,34.76,0,0
1842.83,34.76,0,0
1842.95,34.75,0,0
1843.08,34.75,0,0
1843.2,34.75,0,0
1843.32,34.75,0,0
1843.44,34.75,0,0
1843.57,34.75,0,0
1843.69,34.75,0,0
1843.81,34.75,0,0
1843.93,34.74,0,0
1844.06,34.74,0,0
1844.18,34.74,0,0
1844.3,34.74,0,0
1844.42,34.74,0,0
1844.54,34.73,0,0
1844.67,34.73,0,0
1844.79,34.73,0,0
1844.91,34.73,0,0
1845.03,34.73,0,0
1845.16,34.73,0,0
1845.28,34.73,0,0
1845.4,34.72,0,0
1845.52,34.72,0,0
1845.64,34.72,0,0
1845.77,34.72,0,0
1845.89,34.72,0,0
1846.01,34.72,0,0
1846.13,34.72,0,0
1846.26,34.72,0,0
1846.38,34.72,0,0
1846.5,34.72,0,0
1846.62,34.72,0,0
1846.74,34.72,0,0
1846.87,34.72,0,0
1846.99,34.72,0,0
1847.11,34.72,0,0
1847.23,34.72,0,0
1847.35,34.72,0,0
1847.48,34.72,0,0
1847.6,34.72,0,0
1847.72,34.73,0,0
1847.84,34.73,0,0
1847.97,34.73,0,0
1848.09,34.73,0,0
1848.21,34.74,0,0
1848.33,34.74,0,0
1848.45,34.75,0,0
1848.58,34.75,0,0
1848.7,34.75,0,0
1848.82,34.75,0,0
1848.94,34.76,0,0
1849.07,34.76,0,0
1849.19,34.76,0,0
1849.31,34.76,0,0
1849.43,34.77,0,0
1849.56,34.77,0,0
1849.68,34.78,0,0
1849.8,34.78,0,0
1849.92,34.78,0,0
1850.04,34.79,0,0
1850.17,34.79,0,0
1850.29,34.8,0,0
1850.41,34.8,0,0
1850.53,34.8,0,0
1850.66,34.8,0,0
1850.78,34.8,0,0
1850.9,34.8,0,0
1851.02,34.72,0,0
1851.14,34.74,0,0
1851.27,34.76,0,0
1851.39,34.85,0,0
1851.51,34.86,0,0
1851.63,34.87,0,0
1851.76,34.88,0,0
1851.88,34.89,0,0
1852.0,34.9,0,0
1852.12,34.76,0,0
1852.24,34.46,0,0
1852.37,33.94,0,0
1852.49,33.89,0,0
1852.61,33.96,0,0
1852.73,34.27,0,0
1852.85,34.92,0,0
1852.98,34.92,0,0
1853.1,34.93,0,0
1853.22,34.91,0,0
1853.34,34.9,0,0
1853.47,37.52,0,0
1853.59,126.32,0,0
1853.73,52.01,0,0
1853.86,223.89,0,0
1854.0,278.1,0,0
1854.15,266.49,0,0
1854.3,159.01,0,0
1854.44,224.01,0,0
1854.59,209.25,0,0
1854.73,263.6,0,0
1854.88,340.72,0,0
1855.03,853.94,0,0
1855.17,956.68,0,0
1855.32,712.12,0,0
1855.47,416.02,0,0
1855.61,309.66,0,0
1855.76,314.31,0,0
1855.91,301.32,0,0
1856.05,288.77,0,0
1856.2,275.73,0,0
1856.35,272.3,0,0
1856.49,269.68,0,0
1856.64,273.99,0,0
1856.79,149.12,0,0
1856.93,21.31,0,0
1857.06,21.33,0,0
1857.18,21.36,0,0
1857.3,21.38,0,0
1857.42,21.4,0,0
1857.54,21.42,0,0
1857.67,21.43,0,0
1857.79,21.44,0,0
1857.91,21.44,0,0
1858.03,21.44,0,0
1858.16,21.44,0,0
1858.28,21.45,0,0
1858.4,21.45,0,0
1858.52,21.45,0,0
1858.64,21.45,0,0
1858.77,21.46,0,0
1858.89,21.46,0,0
1859.01,21.46,0,0
1859.13,21.47,0,0
1859.26,21.47,0,0
1859.38,21.47,0,0
1859.5,21.47,0,0
1859.62,21.47,0,0
1859.74,21.47,0,0
1859.87,21.47,0,0
1859.99,21.47,0,0
1860.11,21.46,0,0
1860.23,21.46,0,0
1860.35,21.46,0,0
1860.48,21.46,0,0
1860.6,21.45,0,0
1860.72,21.45,0,0
1860.84,21.45,0,0
1860.97,21.45,0,0
1861.09,21.44,0,0
1861.21,21.44,0,0
1861.33,21.43,0,0
1861.45,21.43,0,0
1861.58,21.43,0,0
1861.7,21.43,0,0
1861.82,21.43,0,0
1861.94,21.44,0,0
1862.07,21.44,0,0
1862.19,21.44,0,0
1862.31,21.44,0,0
1862.43,21.44,0,0
1862.55,21.43,0,0
1862.68,21.43,0,0
1862.8,21.43,0,0
1862.92,21.43,0,0
1863.04,21.43,0,0
1863.17,21.43,0,0
1863.29,21.43,0,0
1863.41,21.43,0,0
1863.53,21.43,0,0
1863.65,21.43,0,0
1863.78,21.42,0,0
1863.9,21.42,0,0
1864.02,21.42,0,0
1864.14,21.41,0,0
1864.27,21.41,0,0
1864.39,21.4,0,0
1864.51,21.4,0,0
1864.63,21.4,0,0
1864.75,21.4,0,0
1864.88,21.39,0,0
1865.0,21.39,0,0
1865.12,21.39,0,0
1865.24,21.39,0,0
1865.36,21.38,0,0
1865.49,21.38,0,0
1865.61,21.37,0,0
1865.73,21.37,0,0
1865.85,21.37,0,0
1865.98,21.36,0,0
1866.1,21.36,0,0
1866.22,21.35,0,0
1866.34,21.35,0,0
1866.46,21.34,0,0
1866.59,21.34,0,0
1866.71,21.34,0,0
1866.83,21.33,0,0
1866.95,21.33,0,0
1867.08,21.33,0,0
1867.2,21.32,0,0
1867.32,21.32,0,0
1867.44,21.32,0,0
1867.56,21.32,0,0
1867.69,21.32,0,0
1867.81,21.31,0,0
1867.93,21.31,0,0
1868.05,21.32,0,0
1868.18,21.31,0,0
1868.3,21.31,0,0
1868.42,21.31,0,0
1868.54,21.31,0,0
1868.66,21.31,0,0
1868.79,21.31,0,0
1868.91,21.31,0,0
1869.03,21.31,0,0
1869.15,21.31,0,0
1869.28,21.31,0,0
1869.4,21.31,0,0
1869.52,21.31,0,0
1869.64,21.31,0,0
1869.77,21.31,0,0
1869.89,21.31,0,0
1870.01,21.31,0,0
1870.13,21.31,0,0
1870.25,21.31,0,0
1870.38,21.31,0,0
1870.5,21.31,0,0
1870.62,21.31,0,0
1870.74,21.31,0,0
1870.86,21.31,0,0
1870.99,21.31,0,0
1871.11,21.31,0,0
1871.23,21.31,0,0
1871.35,21.31,0,0
1871.48,21.32,0,0
1871.6,21.32,0,0
1871.72,21.31,0,0
1871.84,21.32,0,0
1871.96,21.32,0,0
1872.09,21.32,0,0
1872.21,21.32,0,0
1872.33,21.32,0,0
1872.45,21.32,0,0
1872.58,21.32,0,0
1872.7,21.32,0,0
1872.82,21.32,0,0
1872.94,21.32,0,0
1873.06,21.32,0,0
1873.19,21.32,0,0
1873.31,21.32,0,0
1873.43,21.32,0,0
1873.55,21.32,0,0
1873.68,21.32,0,0
1873.8,21.32,0,0
1873.92,21.32,0,0
1874.04,21.32,0,0
1874.16,21.32,0,0
1874.29,21.32,0,0
1874.41,21.32,0,0
1874.53,21.32,0,0
1874.65,21.32,0,0
1874.78,21.32,0,0
1874.9,21.32,0,0
1875.02,21.32,0,0
1875.14,21.32,0,0
1875.26,21.32,0,0
1875.39,21.32,0,0
1875.51,21.32,0,0
1875.63,21.32,0,0
1875.75,21.32,0,0
1875.88,21.32,0,0
1876.0,21.32,0,0
1876.12,21.32,0,0
1876.24,21.32,0,0
1876.36,21.32,0,0
1876.49,21.32,0,0
1876.61,21.32,0,0
1876.73,21.32,0,0
1876.85,21.31,0,0
1876.97,21.31,0,0
1877.1,21.31,0,0
1877.22,21.31,0,0
1877.34,21.31,0,0
1877.46,21.31,0,0
1877.59,21.31,0,0
1877.71,21.31,0,0
1877.83,21.31,0,0
1877.95,21.31,0,0
1878.07,21.31,0,0
1878.2,21.31,0,0
1878.32,21.31,0,0
1878.44,21.31,0,0
1878.56,21.31,0,0
1878.69,21.3,0,0
1878.81,21.3,0,0
1878.93,21.3,0,0
1879.05,21.3,0,0
1879.18,21.3,0,0
1879.3,21.3,0,0
1879.42,21.31,0,0
1879.54,21.32,0,0
1879.66,21.32,0,0
1879.79,21.34,0,0
1879.91,21.35,0,0
1880.03,21.36,0,0
1880.15,21.38,0,0
1880.28,21.39,0,0
1880.4,21.4,0,0
1880.52,21.41,0,0
1880.64,21.42,0,0
1880.76,21.43,0,0
1880.89,21.45,0,0
1881.01,21.46,0,0
1881.13,21.47,0,0
1881.25,21.48,0,0
1881.38,21.49,0,0
1881.5,21.5,0,0
1881.62,21.51,0,0
1881.74,21.52,0,0
1881.86,21.53,0,0
1881.99,21.54,0,0
1882.11,21.55,0,0
1882.23,21.56,0,0
1882.35,21.57,0,0
1882.47,21.57,0,0
1882.6,21.58,0,0
1882.72,21.59,0,0
1882.84,21.6,0,0
1882.96,21.6,0,0
1883.09,21.61,0,0
1883.21,21.62,0,0
1883.33,21.62,0,0
1883.45,21.63,0,0
1883.57,21.64,0,0
1883.7,21.64,0,0
1883.82,21.65,0,0
1883.94,21.65,0,0
1884.06,21.66,0,0
1884.19,21.66,0,0
1884.31,21.67,0,0
1884.43,21.67,0,0
1884.55,21.68,0,0
1884.68,21.68,0,0
1884.8,21.69,0,0
1884.92,21.69,0,0
1885.04,21.7,0,0
1885.16,21.7,0,0
1885.29,21.7,0,0
1885.41,21.71,0,0
1885.53,21.71,0,0
1885.65,21.72,0,0
1885.77,21.72,0,0
1885.9,21.72,0,0
1886.02,21.73,0,0
1886.14,21.73,0,0
1886.26,21.73,0,0
1886.39,21.73,0,0
1886.51,21.74,0,0
1886.63,21.74,0,0
1886.75,21.74,0,0
1886.87,21.74,0,0
1887.0,21.75,0,0
1887.12,21.75,0,0
1887.24,21.75,0,0
1887.36,21.75,0,0
1887.48,21.75,0,0
1887.61,21.76,0,0
1887.73,21.76,0,0
1887.85,21.76,0,0
1887.97,21.76,0,0
1888.1,21.76,0,0
1888.22,21.76,0,0
1888.34,21.77,0,0
1888.46,21.77,0,0
1888.58,21.77,0,0
1888.71,21.77,0,0
1888.83,21.77,0,0
1888.95,21.77,0,0
1889.07,21.77,0,0
1889.2,21.78,0,0
1889.32,21.78,0,0
1889.44,21.78,0,0
1889.56,21.78,0,0
1889.69,21.78,0,0
1889.81,21.78,0,0
1889.93,21.78,0,0
1890.05,21.79,0,0
1890.17,21.78,0,0
1890.3,21.79,0,0
1890.42,21.79,0,0
1890.54,21.79,0,0
1890.66,21.79,0,0
1890.79,21.79,0,0
1890.91,21.79,0,0
1891.03,21.79,0,0
1891.15,21.79,0,0
1891.27,21.79,0,0
1891.4,21.8,0,0
1891.52,21.79,0,0
1891.64,21.79,0,0
1891.76,21.79,0,0
1891.89,21.8,0,0
1892.01,21.8,0,0
1892.13,21.8,0,0
1892.25,21.8,0,0
1892.37,21.8,0,0
1892.5,21.8,0,0
1892.62,21.8,0,0
1892.74,21.8,0,0
1892.86,21.8,0,0
1892.98,21.8,0,0
1893.11,21.8,0,0
1893.23,21.8,0,0
1893.35,21.8,0,0
1893.47,21.8,0,0
1893.6,21.8,0,0
1893.72,21.8,0,0
1893.84,21.8,0,0
1893.96,21.8,0,0
1894.08,21.8,0,0
1894.21,21.8,0,0
1894.33,21.8,0,0
1894.45,21.8,0,0
1894.57,21.8,0,0
1894.7,21.8,0,0
1894.82,21.8,0,0
1894.94,21.81,0,0
1895.06,21.81,0,0
1895.19,21.8,0,0
1895.31,21.81,0,0
1895.43,21.81,0,0
1895.55,21.81,0,0
1895.67,21.81,0,0
1895.8,21.81,0,0
1895.92,21.81,0,0
1896.04,21.81,0,0
1896.16,21.81,0,0
1896.29,21.81,0,0
1896.41,21.81,0,0
1896.53,21.81,0,0
1896.65,21.81,0,0
1896.77,21.81,0,0
1896.9,21.81,0,0
1897.02,21.81,0,0
1897.14,21.81,0,0
1897.26,21.81,0,0
1897.38,21.81,0,0
1897.51,21.81,0,0
1897.63,21.81,0,0
1897.75,21.81,0,0
1897.87,21.81,0,0
1898.0,21.81,0,0
1898.12,21.81,0,0
1898.24,21.81,0,0
1898.36,21.81,0,0
1898.48,21.82,0,0
1898.61,21.81,0,0
1898.73,21.81,0,0
1898.85,21.81,0,0
1898.97,21.82,0,0
1899.1,21.81,0,0
1899.22,21.82,0,0
1899.34,21.82,0,0
1899.46,21.82,0,0
1899.58,21.82,0,0
1899.71,21.82,0,0
1899.83,21.82,0,0
1899.95,21.82,0,0
1900.07,21.82,0,0
1900.19,21.82,0,0
1900.32,21.82,0,0
1900.44,21.82,0,0
1900.56,21.82,0,0
1900.69,21.82,0,0
1900.81,21.82,0,0
1900.93,21.82,0,0
1901.05,21.82,0,0
1901.17,21.82,0,0
1901.3,21.82,0,0
1901.42,21.82,0,0
1901.54,21.82,0,0
1901.66,21.82,0,0
1901.79,21.82,0,0
1901.91,21.82,0,0
1902.03,21.82,0,0
1902.15,21.82,0,0
1902.27,21.82,0,0
1902.4,21.82,0,0
1902.52,21.82,0,0
1902.64,21.82,0,0
1902.76,21.82,0,0
1902.88,21.82,0,0
1903.01,21.82,0,0
1903.13,21.82,0,0
1903.25,21.82,0,0
1903.37,21.82,0,0
1903.5,21.82,0,0
1903.62,21.82,0,0
1903.74,21.82,0,0
1903.86,21.82,0,0
1903.98,21.82,0,0
1904.11,21.82,0,0
1904.23,21.82,0,0
1904.35,21.82,0,0
1904.47,21.82,0,0
1904.59,21.82,0,0
1904.72,21.82,0,0
1904.84,21.82,0,0
1904.96,21.82,0,0
1905.08,21.82,0,0
1905.21,21.82,0,0
1905.33,21.82,0,0
1905.45,21.82,0,0
1905.57,21.82,0,0
1905.69,21.82,0,0
1905.82,21.82,0,0
1905.94,21.82,0,0
1906.06,21.82,0,0
1906.19,21.82,0,0
1906.31,21.82,0,0
1906.43,21.82,0,0
1906.55,21.82,0,0
1906.67,21.82,0,0
1906.8,21.82,0,0
1906.92,21.82,0,0
1907.04,21.82,0,0
1907.16,21.82,0,0
1907.28,21.82,0,0
1907.41,21.82,0,0
1907.53,21.82,0,0
1907.65,21.82,0,0
1907.77,21.82,0,0
1907.9,21.82,0,0
1908.02,21.82,0,0
1908.14,21.82,0,0
1908.26,21.82,0,0
1908.38,21.82,0,0
1908.51,21.82,0,0
1908.63,21.82,0,0
1908.75,21.82,0,0
1908.87,21.82,0,0
1909.0,21.82,0,0
1909.12,21.82,0,0
1909.24,21.82,0,0
1909.36,21.82,0,0
1909.48,21.82,0,0
1909.61,21.82,0,0
1909.73,21.82,0,0
1909.85,21.82,0,0
1909.97,21.82,0,0
1910.09,21.82,0,0
1910.22,21.82,0,0
1910.34,21.82,0,0
1910.46,21.82,0,0
1910.58,21.82,0,0
1910.71,21.82,0,0
1910.83,21.82,0,0
1910.95,21.82,0,0
1911.07,21.82,0,0
1911.19,21.82,0,0
1911.32,21.82,0,0
1911.44,21.82,0,0
1911.56,21.82,0,0
1911.69,21.82,0,0
1911.81,21.82,0,0
1911.93,21.82,0,0
1912.05,21.82,0,0
1912.17,21.82,0,0
1912.3,21.82,0,0
1912.42,21.82,0,0
1912.54,21.82,0,0
1912.66,21.82,0,0
1912.78,21.82,0,0
1912.91,21.82,0,0
1913.03,21.82,0,0
1913.15,21.82,0,0
1913.27,21.82,0,0
1913.4,21.82,0,0
1913.52,21.82,0,0
1913.64,21.82,0,0
1913.76,21.82,0,0
1913.88,21.82,0,0
1914.01,21.82,0,0
1914.13,21.82,0,0
1914.25,21.82,0,0
1914.37,21.82,0,0
1914.5,21.82,0,0
1914.62,21.82,0,0
1914.74,21.82,0,0
1914.86,21.82,0,0
1914.98,21.82,0,0
1915.11,21.82,0,0
1915.23,21.82,0,0
1915.35,21.82,0,0
1915.47,21.82,0,0
1915.59,21.82,0,0
1915.72,21.83,0,0
1915.84,21.83,0,0
1915.96,21.82,0,0
1916.08,21.83,0,0
1916.21,21.82,0,0
1916.33,21.83,0,0
1916.45,21.83,0,0
1916.57,21.83,0,0
1916.69,21.82,0,0
1916.82,21.83,0,0
1916.94,21.82,0,0
1917.06,21.83,0,0
1917.18,21.83,0,0
1917.31,21.82,0,0
1917.43,21.83,0,0
1917.55,21.83,0,0
1917.67,21.83,0,0
1917.8,21.82,0,0
1917.92,21.83,0,0
1918.04,21.83,0,0
1918.16,21.82,0,0
1918.28,21.82,0,0
1918.41,21.82,0,0
1918.53,21.82,0,0
1918.65,21.82,0,0
1918.77,21.82,0,0
1918.9,21.82,0,0
1919.02,21.83,0,0
1919.14,21.82,0,0
1919.26,21.82,0,0
1919.38,21.82,0,0
1919.51,21.82,0,0
1919.63,21.83,0,0
1919.75,21.83,0,0
1919.87,21.82,0,0
1920.0,21.82,0,0
1920.12,21.82,0,0
1920.24,21.83,0,0
1920.36,21.83,0,0
1920.48,21.82,0,0
1920.61,21.82,0,0
1920.73,21.82,0,0
1920.85,21.82,0,0
1920.97,21.82,0,0
1921.09,21.83,0,0
1921.22,21.82,0,0
1921.34,21.82,0,0
1921.46,21.82,0,0
1921.58,21.83,0,0
1921.7,21.83,0,0
1921.83,21.82,0,0
1921.95,21.82,0,0
1922.07,21.82,0,0
1922.19,21.82,0,0
1922.32,21.82,0,0
1922.44,21.82,0,0
1922.56,21.82,0,0
1922.68,21.82,0,0
1922.81,21.82,0,0
1922.93,21.82,0,0
1923.05,21.82,0,0
1923.17,21.82,0,0
1923.3,21.82,0,0
1923.42,21.82,0,0
1923.54,21.82,0,0
1923.66,21.82,0,0
1923.78,21.82,0,0
1923.91,21.82,0,0
1924.03,21.82,0,0
1924.15,21.82,0,0
1924.27,21.82,0,0
1924.4,21.82,0,0
1924.52,21.82,0,0
1924.64,21.82,0,0
1924.76,21.82,0,0
1924.88,21.82,0,0
1925.01,21.82,0,0
1925.13,21.82,0,0
1925.25,21.82,0,0
1925.37,21.82,0,0
1925.49,21.82,0,0
1925.62,21.82,0,0
1925.74,21.82,0,0
1925.86,21.82,0,0
1925.98,21.82,0,0
1926.11,21.82,0,0
1926.23,21.82,0,0
1926.35,21.82,0,0
1926.47,21.82,0,0
1926.59,21.82,0,0
1926.72,21.82,0,0
1926.84,21.82,0,0
1926.96,21.82,0,0
1927.08,21.82,0,0
1927.2,21.82,0,0
1927.33,21.82,0,0
1927.45,21.82,0,0
1927.57,21.82,0,0
1927.69,21.82,0,0
1927.82,21.82,0,0
1927.94,21.82,0,0
1928.06,21.82,0,0
1928.18,21.82,0,0
1928.31,21.82,0,0
1928.43,21.82,0,0
1928.55,21.82,0,0
1928.67,21.82,0,0
1928.8,21.82,0,0
1928.92,21.82,0,0
1929.04,21.82,0,0
1929.16,21.82,0,0
1929.28,21.82,0,0
1929.41,21.82,0,0
1929.53,21.82,0,0
1929.65,21.82,0,0
1929.77,21.82,0,0
1929.89,21.82,0,0
1930.02,21.82,0,0
1930.14,21.82,0,0
1930.26,21.82,0,0
1930.38,21.82,0,0
1930.51,21.82,0,0
1930.63,21.82,0,0
1930.75,21.82,0,0
1930.87,21.82,0,0
1930.99,21.82,0,0
1931.12,21.83,0,0
1931.24,21.82,0,0
1931.36,21.82,0,0
1931.48,21.82,0,0
1931.61,21.82,0,0
1931.73,21.82,0,0
1931.85,21.82,0,0
1931.97,21.82,0,0
1932.09,21.83,0,0
1932.22,21.82,0,0
1932.34,21.82,0,0
1932.46,21.83,0,0
1932.58,21.83,0,0
1932.7,21.82,0,0
1932.83,21.83,0,0
1932.95,21.82,0,0
1933.07,21.83,0,0
1933.19,21.82,0,0
1933.32,21.83,0,0
1933.44,21.82,0,0
1933.56,21.82,0,0
1933.68,21.83,0,0
1933.81,21.82,0,0
1933.93,21.83,0,0
1934.05,21.82,0,0
1934.17,21.83,0,0
1934.3,21.82,0,0
1934.42,21.83,0,0
1934.54,21.82,0,0
1934.66,21.83,0,0
1934.78,21.82,0,0
1934.91,21.83,0,0
1935.03,21.82,0,0
1935.15,21.83,0,0
1935.27,21.83,0,0
1935.39,21.83,0,0
1935.52,21.83,0,0
1935.64,21.83,0,0
1935.76,21.83,0,0
1935.88,21.83,0,0
1936.01,21.83,0,0
1936.13,21.83,0,0
1936.25,21.83,0,0
1936.37,21.83,0,0
1936.49,21.83,0,0
1936.62,21.83,0,0
1936.74,21.83,0,0
1936.86,21.82,0,0
1936.98,21.83,0,0
1937.1,21.83,0,0
1937.23,21.83,0,0
1937.35,21.83,0,0
1937.47,21.83,0,0
1937.59,21.83,0,0
1937.72,21.83,0,0
1937.84,21.83,0,0
1937.96,21.83,0,0
1938.08,21.83,0,0
1938.2,21.83,0,0
1938.33,21.83,0,0
1938.45,21.83,0,0
1938.57,21.83,0,0
1938.69,21.83,0,0
1938.82,21.83,0,0
1938.94,21.83,0,0
1939.06,21.83,0,0
1939.18,21.83,0,0
1939.31,21.83,0,0
1939.43,21.83,0,0
1939.55,21.83,0,0
1939.67,21.83,0,0
1939.79,21.83,0,0
1939.92,21.83,0,0
1940.04,21.83,0,0
1940.16,21.82,0,0
1940.28,21.82,0,0
1940.41,21.82,0,0
1940.53,21.82,0,0
1940.65,21.82,0,0
1940.77,21.82,0,0
1940.89,21.82,0,0
1941.02,21.82,0,0
1941.14,21.83,0,0
1941.26,21.83,0,0
1941.38,21.83,0,0
1941.51,21.83,0,0
1941.63,21.83,0,0
1941.75,21.83,0,0
1941.87,21.83,0,0
1941.99,21.82,0,0
1942.12,21.82,0,0
1942.24,21.82,0,0
1942.36,21.82,0,0
1942.48,21.83,0,0
1942.6,21.83,0,0
1942.73,21.82,0,0
1942.85,21.82,0,0
1942.97,21.83,0,0
1943.09,21.82,0,0
1943.22,21.82,0,0
1943.34,21.82,0,0
1943.46,21.82,0,0
1943.58,21.83,0,0
1943.7,21.82,0,0
1943.83,21.83,0,0
1943.95,21.83,0,0
1944.07,21.82,0,0
1944.19,21.82,0,0
1944.32,21.82,0,0
1944.44,21.83,0,0
1944.56,21.83,0,0
1944.68,21.82,0,0
1944.81,21.82,0,0
1944.93,21.83,0,0
1945.05,21.82,0,0
1945.17,21.83,0,0
1945.29,21.82,0,0
1945.42,21.83,0,0
1945.54,21.83,0,0
1945.66,21.83,0,0
1945.78,21.83,0,0
1945.91,21.83,0,0
1946.03,21.82,0,0
1946.15,21.83,0,0
1946.27,21.83,0,0
1946.39,21.83,0,0
1946.52,21.82,0,0
1946.64,21.83,0,0
1946.76,21.83,0,0
1946.88,21.82,0,0
1947.01,21.83,0,0
1947.13,21.83,0,0
1947.25,21.83,0,0
1947.37,21.83,0,0
1947.49,21.83,0,0
1947.62,21.83,0,0
1947.74,21.83,0,0
1947.86,21.83,0,0
1947.98,21.83,0,0
1948.1,21.83,0,0
1948.23,21.83,0,0
1948.35,21.83,0,0
1948.47,21.83,0,0
1948.59,21.83,0,0
1948.72,21.83,0,0
1948.84,21.83,0,0
1948.96,21.83,0,0
1949.08,21.83,0,0
1949.2,21.83,0,0
1949.33,21.82,0,0
1949.45,21.82,0,0
1949.57,21.82,0,0
1949.69,21.83,0,0
1949.82,21.82,0,0
1949.94,21.82,0,0
1950.06,21.82,0,0
1950.18,21.82,0,0
1950.31,21.82,0,0
1950.43,21.82,0,0
1950.55,21.82,0,0
1950.67,21.82,0,0
1950.79,21.82,0,0
1950.92,21.82,0,0
1951.04,21.82,0,0
1951.16,21.82,0,0
1951.28,21.82,0,0
1951.41,21.82,0,0
1951.53,21.82,0,0
1951.65,21.82,0,0
1951.77,21.82,0,0
1951.89,21.82,0,0
1952.02,21.82,0,0
1952.14,21.82,0,0
1952.26,21.82,0,0
1952.38,21.82,0,0
1952.5,21.82,0,0
1952.63,21.82,0,0
1952.75,21.82,0,0
1952.87,21.82,0,0
1952.99,21.82,0,0
1953.12,21.82,0,0
1953.24,21.82,0,0
1953.36,21.82,0,0
1953.48,21.82,0,0
1953.6,21.82,0,0
1953.73,21.82,0,0
1953.85,21.82,0,0
1953.97,21.82,0,0
1954.09,21.82,0,0
1954.21,21.82,0,0
1954.34,21.82,0,0
1954.46,21.82,0,0
1954.58,21.82,0,0
1954.7,21.82,0,0
1954.83,21.82,0,0
1954.95,21.82,0,0
1955.07,21.82,0,0
1955.19,21.82,0,0
1955.31,21.82,0,0
1955.44,21.82,0,0
1955.56,21.82,0,0
1955.68,21.82,0,0
1955.81,21.82,0,0
1955.93,21.82,0,0
1956.05,21.82,0,0
1956.17,21.82,0,0
1956.29,21.83,0,0
1956.42,21.83,0,0
1956.54,21.83,0,0
1956.66,21.82,0,0
1956.78,21.82,0,0
1956.9,21.82,0,0
1957.03,21.82,0,0
1957.15,21.82,0,0
1957.27,21.82,0,0
1957.39,21.82,0,0
1957.52,21.82,0,0
1957.64,21.82,0,0
1957.76,21.82,0,0
1957.88,21.82,0,0
1958.0,21.82,0,0
1958.13,21.82,0,0
1958.25,21.82,0,0
1958.37,21.82,0,0
1958.49,21.82,0,0
1958.62,21.82,0,0
1958.74,21.82,0,0
1958.86,21.82,0,0
1958.98,21.82,0,0
1959.1,21.82,0,0
1959.23,21.82,0,0
1959.35,21.82,0,0
1959.47,21.82,0,0
1959.59,21.82,0,0
1959.71,21.82,0,0
1959.84,21.82,0,0
1959.96,21.82,0,0
1960.08,21.82,0,0
1960.2,21.82,0,0
1960.33,21.82,0,0
1960.45,21.82,0,0
1960.57,21.82,0,0
1960.69,21.83,0,0
1960.81,21.83,0,0
1960.94,21.82,0,0
1961.06,21.82,0,0
1961.18,21.82,0,0
1961.31,21.82,0,0
1961.43,21.82,0,0
1961.55,21.82,0,0
1961.67,21.82,0,0
1961.79,21.82,0,0
1961.92,21.82,0,0
1962.04,21.82,0,0
1962.16,21.82,0,0
1962.28,21.82,0,0
1962.4,21.82,0,0
1962.53,21.82,0,0
1962.65,21.82,0,0
1962.77,21.83,0,0
1962.89,21.82,0,0
1963.02,21.83,0,0
1963.14,21.82,0,0
1963.26,21.82,0,0
1963.38,21.82,0,0
1963.5,21.82,0,0
1963.63,21.82,0,0
1963.75,21.82,0,0
1963.87,21.82,0,0
1963.99,21.82,0,0
1964.11,21.82,0,0
1964.24,21.82,0,0
1964.36,21.82,0,0
1964.48,21.82,0,0
1964.6,21.82,0,0
1964.73,21.82,0,0
1964.85,21.82,0,0
1964.97,21.82,0,0
1965.09,21.82,0,0
1965.21,21.82,0,0
1965.34,21.82,0,0
1965.46,21.82,0,0
1965.58,21.82,0,0
1965.7,21.82,0,0
1965.83,21.82,0,0
1965.95,21.82,0,0
1966.07,21.82,0,0
1966.19,21.82,0,0
1966.31,21.82,0,0
1966.44,21.82,0,0
1966.56,21.82,0,0
1966.68,21.82,0,0
1966.8,21.82,0,0
1966.93,21.82,0,0
1967.05,21.82,0,0
1967.17,21.82,0,0
1967.29,21.82,0,0
1967.42,21.82,0,0
1967.54,21.82,0,0
1967.66,21.82,0,0
1967.78,21.82,0,0
1967.9,21.82,0,0
1968.03,21.82,0,0
1968.15,21.82,0,0
1968.27,21.82,0,0
1968.39,21.82,0,0
1968.52,21.82,0,0
1968.64,21.82,0,0
1968.76,21.83,0,0
1968.88,21.83,0,0
1969.0,21.83,0,0
1969.13,21.82,0,0
1969.25,21.82,0,0
1969.37,21.83,0,0
1969.49,21.82,0,0
1969.61,21.83,0,0
1969.74,21.82,0,0
1969.86,21.82,0,0
1969.98,21.82,0,0
1970.1,21.82,0,0
1970.23,21.82,0,0
1970.35,21.82,0,0
1970.47,21.82,0,0
1970.59,21.82,0,0
1970.71,21.82,0,0
1970.84,21.82,0,0
1970.96,21.82,0,0
1971.08,21.82,0,0
1971.2,21.82,0,0
1971.33,21.82,0,0
1971.45,21.82,0,0
1971.57,21.82,0,0
1971.69,21.82,0,0
1971.81,21.82,0,0
1971.94,21.82,0,0
1972.06,21.82,0,0
1972.18,21.82,0,0
1972.3,21.82,0,0
1972.43,21.82,0,0
1972.55,21.82,0,0
1972.67,21.82,0,0
1972.79,21.82,0,0
1972.92,21.82,0,0
1973.04,21.82,0,0
1973.16,21.82,0,0
1973.28,21.82,0,0
1973.4,21.82,0,0
1973.53,21.82,0,0
1973.65,21.82,0,0
1973.77,21.82,0,0
1973.89,21.82,0,0
1974.01,21.82,0,0
1974.14,21.82,0,0
1974.26,21.82,0,0
1974.38,21.82,0,0
1974.5,21.82,0,0
1974.63,21.82,0,0
1974.75,21.82,0,0
1974.87,21.82,0,0
1974.99,21.82,0,0
1975.11,21.82,0,0
1975.24,21.82,0,0
1975.36,21.83,0,0
1975.48,21.82,0,0
1975.6,21.82,0,0
1975.73,21.82,0,0
1975.85,21.82,0,0
1975.97,21.83,0,0
1976.09,21.82,0,0
1976.21,21.82,0,0
1976.34,21.83,0,0
1976.46,21.83,0,0
1976.58,21.82,0,0
1976.7,21.82,0,0
1976.82,21.83,0,0
1976.95,21.82,0,0
1977.07,21.82,0,0
1977.19,21.82,0,0
1977.31,21.82,0,0
1977.44,21.82,0,0
1977.56,21.82,0,0
1977.68,21.82,0,0
1977.8,21.82,0,0
1977.93,21.82,0,0
1978.05,21.82,0,0
1978.17,21.83,0,0
1978.29,21.82,0,0
1978.42,21.83,0,0
1978.54,21.83,0,0
1978.66,21.82,0,0
1978.78,21.82,0,0
1978.9,21.83,0,0
1979.03,21.83,0,0
1979.15,21.83,0,0
1979.27,21.83,0,0
1979.39,21.83,0,0
1979.51,21.83,0,0
1979.64,21.83,0,0
1979.76,21.83,0,0
1979.88,21.83,0,0
1980.0,21.83,0,0
1980.13,21.82,0,0
1980.25,21.83,0,0
1980.37,21.83,0,0
1980.49,21.83,0,0
1980.61,21.82,0,0
1980.74,21.83,0,0
1980.86,21.83,0,0
1980.98,21.83,0,0
1981.1,21.83,0,0
1981.22,21.82,0,0
1981.35,21.83,0,0
1981.47,21.83,0,0
1981.59,21.82,0,0
1981.71,21.83,0,0
1981.84,21.83,0,0
1981.96,21.83,0,0
1982.08,21.83,0,0
1982.2,21.83,0,0
1982.32,21.83,0,0
1982.45,21.82,0,0
1982.57,21.82,0,0
1982.69,21.82,0,0
1982.81,21.82,0,0
1982.94,21.82,0,0
1983.06,21.82,0,0
1983.18,21.82,0,0
1983.3,21.82,0,0
1983.43,21.82,0,0
1983.55,21.83,0,0
1983.67,21.82,0,0
1983.79,21.82,0,0
1983.92,21.83,0,0
1984.04,21.83,0,0
1984.16,21.83,0,0
1984.28,21.82,0,0
1984.4,21.83,0,0
1984.53,21.83,0,0
1984.65,21.83,0,0
1984.77,21.82,0,0
1984.89,21.83,0,0
1985.01,21.83,0,0
1985.14,21.83,0,0
1985.26,21.83,0,0
1985.38,21.83,0,0
1985.5,21.83,0,0
1985.63,21.83,0,0
1985.75,21.83,0,0
1985.87,21.83,0,0
1985.99,21.83,0,0
1986.11,21.83,0,0
1986.24,21.83,0,0
1986.36,21.83,0,0
1986.48,21.83,0,0
1986.6,21.83,0,0
1986.72,21.83,0,0
1986.85,21.83,0,0
1986.97,21.83,0,0
1987.09,21.83,0,0
1987.21,21.83,0,0
1987.34,21.83,0,0
1987.46,21.83,0,0
1987.58,21.83,0,0
1987.7,21.83,0,0
1987.82,21.83,0,0
1987.95,21.83,0,0
1988.07,21.83,0,0
1988.19,21.83,0,0
1988.31,21.83,0,0
1988.44,21.83,0,0
1988.56,21.82,0,0
1988.68,21.83,0,0
1988.8,21.83,0,0
1988.93,21.83,0,0
1989.05,21.83,0,0
1989.17,21.82,0,0
1989.29,21.82,0,0
1989.41,21.82,0,0
1989.54,21.83,0,0
1989.66,21.83,0,0
1989.78,21.82,0,0
1989.9,21.82,0,0
1990.03,21.82,0,0
1990.15,21.83,0,0
1990.27,21.82,0,0
1990.39,21.82,0,0
1990.51,21.82,0,0
1990.64,21.82,0,0
1990.76,21.82,0,0
1990.88,21.83,0,0
1991.0,21.83,0,0
1991.13,21.83,0,0
1991.25,21.83,0,0
1991.37,21.83,0,0
1991.49,21.83,0,0
1991.61,21.83,0,0
1991.74,21.83,0,0
1991.86,21.83,0,0
1991.98,21.82,0,0
1992.1,21.82,0,0
1992.22,21.82,0,0
1992.35,21.83,0,0
1992.47,21.83,0,0
1992.59,21.82,0,0
1992.71,21.82,0,0
1992.84,21.83,0,0
1992.96,21.83,0,0
1993.08,21.82,0,0
1993.2,21.83,0,0
1993.32,21.83,0,0
1993.45,21.83,0,0
1993.57,21.83,0,0
1993.69,21.83,0,0
1993.81,21.83,0,0
1993.94,21.83,0,0
1994.06,21.83,0,0
1994.18,21.83,0,0
1994.3,21.83,0,0
1994.43,21.83,0,0
1994.55,21.83,0,0
1994.67,21.84,0,0
1994.79,21.83,0,0
1994.91,21.83,0,0
1995.04,21.84,0,0
1995.16,21.84,0,0
1995.28,21.84,0,0
1995.4,21.84,0,0
1995.53,21.83,0,0
1995.65,21.84,0,0
1995.77,21.84,0,0
1995.89,21.84,0,0
1996.01,21.84,0,0
1996.14,21.84,0,0
1996.26,21.84,0,0
1996.38,21.83,0,0
1996.5,21.84,0,0
1996.62,21.84,0,0
1996.75,21.84,0,0
1996.87,21.84,0,0
1996.99,21.84,0,0
1997.11,21.84,0,0
1997.24,21.83,0,0
1997.36,21.84,0,0
1997.48,21.84,0,0
1997.6,21.84,0,0
1997.72,21.84,0,0
1997.85,21.84,0,0
1997.97,21.84,0,0
1998.09,21.84,0,0
1998.21,21.84,0,0
1998.34,21.84,0,0
1998.46,21.84,0,0
1998.58,21.84,0,0
1998.7,21.84,0,0
1998.82,21.84,0,0
1998.95,21.84,0,0
1999.07,21.84,0,0
1999.19,21.84,0,0
1999.31,21.84,0,0
1999.44,21.84,0,0
1999.56,21.84,0,0
1999.68,21.84,0,0
1999.8,21.84,0,0
1999.93,21.84,0,0
2000.05,21.84,0,0
2000.17,21.84,0,0
2000.29,21.84,0,0
2000.41,21.84,0,0
2000.54,21.84,0,0
2000.66,21.84,0,0
2000.78,21.84,0,0
2000.9,21.84,0,0
2001.03,21.84,0,0
2001.15,21.84,0,0
2001.27,21.84,0,0
2001.39,21.84,0,0
2001.51,21.84,0,0
2001.64,21.84,0,0
2001.76,21.84,0,0
2001.88,21.84,0,0
2002.0,21.84,0,0
2002.12,21.84,0,0
2002.25,21.84,0,0
2002.37,21.84,0,0
2002.49,21.84,0,0
2002.61,21.84,0,0
2002.74,21.84,0,0
2002.86,21.84,0,0
2002.98,21.84,0,0
2003.1,21.84,0,0
2003.22,21.84,0,0
2003.35,21.84,0,0
2003.47,21.84,0,0
2003.59,21.84,0,0
2003.71,21.84,0,0
2003.83,21.84,0,0
2003.96,21.84,0,0
2004.08,21.84,0,0
2004.2,21.84,0,0
2004.32,21.84,0,0
2004.45,21.84,0,0
2004.57,21.84,0,0
2004.69,21.83,0,0
2004.81,21.83,0,0
2004.94,21.83,0,0
2005.06,21.83,0,0
2005.18,21.83,0,0
2005.3,21.83,0,0
2005.43,21.83,0,0
2005.55,21.83,0,0
2005.67,21.83,0,0
2005.79,21.83,0,0
2005.91,21.83,0,0
2006.04,21.83,0,0
2006.16,21.83,0,0
2006.28,21.83,0,0
2006.4,21.83,0,0
2006.52,21.83,0,0
2006.65,21.83,0,0
2006.77,21.83,0,0
2006.89,21.83,0,0
2007.01,21.83,0,0
2007.14,21.83,0,0
2007.26,21.83,0,0
2007.38,21.83,0,0
2007.5,21.83,0,0
2007.62,21.83,0,0
2007.75,21.83,0,0
2007.87,21.84,0,0
2007.99,21.84,0,0
2008.11,21.83,0,0
2008.24,21.84,0,0
2008.36,21.84,0,0
2008.48,21.84,0,0
2008.6,21.83,0,0
2008.72,21.83,0,0
2008.85,21.83,0,0
2008.97,21.83,0,0
2009.09,21.83,0,0
2009.21,21.83,0,0
2009.33,21.84,0,0
2009.46,21.83,0,0
2009.58,21.83,0,0
2009.7,21.83,0,0
2009.82,21.84,0,0
2009.95,21.84,0,0
2010.07,21.84,0,0
2010.19,21.84,0,0
2010.31,21.84,0,0
2010.44,21.84,0,0
2010.56,21.83,0,0
2010.68,21.84,0,0
2010.8,21.83,0,0
2010.93,21.84,0,0
2011.05,21.84,0,0
2011.17,21.83,0,0
2011.29,21.84,0,0
2011.41,21.84,0,0
2011.54,21.84,0,0
2011.66,21.84,0,0
2011.78,21.84,0,0
2011.9,21.83,0,0
2012.02,21.84,0,0
2012.15,21.84,0,0
2012.27,21.84,0,0
2012.39,21.84,0,0
2012.51,21.84,0,0
2012.64,21.84,0,0
2012.76,21.84,0,0
2012.88,21.84,0,0
2013.0,21.84,0,0
2013.12,21.84,0,0
2013.25,21.84,0,0
2013.37,21.84,0,0
2013.49,21.84,0,0
2013.61,21.84,0,0
2013.73,21.84,0,0
2013.86,21.84,0,0
2013.98,21.84,0,0
2014.1,21.84,0,0
2014.22,21.84,0,0
2014.35,21.84,0,0
2014.47,21.84,0,0
2014.59,21.84,0,0
2014.71,21.84,0,0
2014.83,21.84,0,0
2014.96,21.84,0,0
2015.08,21.84,0,0
2015.2,21.84,0,0
2015.32,21.84,0,0
2015.45,21.84,0,0
2015.57,21.84,0,0
2015.69,21.84,0,0
2015.81,21.84,0,0
2015.94,21.84,0,0
2016.06,21.84,0,0
2016.18,21.84,0,0
2016.3,21.84,0,0
2016.42,21.84,0,0
2016.55,21.84,0,0
2016.67,21.84,0,0
2016.79,21.84,0,0
2016.91,21.84,0,0
2017.04,21.84,0,0
2017.16,21.84,0,0
2017.28,21.84,0,0
2017.4,21.84,0,0
2017.52,21.84,0,0
2017.65,21.84,0,0
2017.77,21.84,0,0
2017.89,21.84,0,0
2018.01,21.84,0,0
2018.14,21.84,0,0
2018.26,21.84,0,0
2018.38,21.84,0,0
2018.5,21.84,0,0
2018.62,21.84,0,0
2018.75,21.84,0,0
2018.87,21.84,0,0
2018.99,21.84,0,0
2019.11,21.84,0,0
2019.23,21.84,0,0
2019.36,21.84,0,0
2019.48,21.84,0,0
2019.6,21.84,0,0
2019.72,21.84,0,0
2019.85,21.84,0,0
2019.97,21.84,0,0
2020.09,21.84,0,0
2020.21,21.84,0,0
2020.33,21.84,0,0
2020.46,21.84,0,0
2020.58,21.84,0,0
2020.7,21.84,0,0
2020.82,21.84,0,0
2020.95,21.84,0,0
2021.07,21.84,0,0
2021.19,21.84,0,0
2021.31,21.84,0,0
2021.44,21.84,0,0
2021.56,21.84,0,0
2021.68,21.84,0,0
2021.8,21.84,0,0
2021.92,21.84,0,0
2022.05,21.84,0,0
2022.17,21.84,0,0
2022.29,21.84,0,0
2022.41,21.84,0,0
2022.54,21.84,0,0
2022.66,21.84,0,0
2022.78,21.84,0,0
2022.9,21.84,0,0
2023.02,21.84,0,0
2023.15,21.84,0,0
2023.27,21.84,0,0
2023.39,21.84,0,0
2023.51,21.84,0,0
2023.63,21.84,0,0
2023.76,21.84,0,0
2023.88,21.84,0,0
2024.0,21.84,0,0
2024.12,21.84,0,0
2024.25,21.84,0,0
2024.37,21.84,0,0
2024.49,21.84,0,0
2024.61,21.84,0,0
2024.73,21.84,0,0
2024.86,21.84,0,0
2024.98,21.84,0,0
2025.1,21.84,0,0
2025.22,21.84,0,0
2025.35,21.84,0,0
2025.47,21.84,0,0
2025.59,21.84,0,0
2025.71,21.84,0,0
2025.83,21.84,0,0
2025.96,21.84,0,0
2026.08,21.84,0,0
2026.2,21.84,0,0
2026.32,21.84,0,0
2026.44,21.84,0,0
2026.57,21.84,0,0
2026.69,21.84,0,0
2026.81,21.84,0,0
2026.94,21.84,0,0
2027.06,21.84,0,0
2027.18,21.84,0,0
2027.3,21.84,0,0
2027.42,21.84,0,0
2027.55,21.84,0,0
2027.67,21.84,0,0
2027.79,21.84,0,0
2027.91,21.84,0,0
2028.04,21.84,0,0
2028.16,21.84,0,0
2028.28,21.84,0,0
2028.4,21.84,0,0
2028.52,21.84,0,0
2028.65,21.84,0,0
2028.77,21.84,0,0
2028.89,21.84,0,0
2029.01,21.84,0,0
2029.13,21.84,0,0
2029.26,21.84,0,0
2029.38,21.84,0,0
2029.5,21.84,0,0
2029.62,21.84,0,0
2029.75,21.84,0,0
2029.87,21.84,0,0
2029.99,21.84,0,0
2030.11,21.84,0,0
2030.23,21.84,0,0
2030.36,21.84,0,0
2030.48,21.84,0,0
2030.6,21.84,0,0
2030.72,21.84,0,0
2030.84,21.84,0,0
2030.97,21.84,0,0
2031.09,21.85,0,0
2031.21,21.84,0,0
2031.33,21.85,0,0
2031.46,21.85,0,0
2031.58,21.84,0,0
2031.7,21.84,0,0
2031.82,21.84,0,0
2031.94,21.84,0,0
2032.07,21.84,0,0
2032.19,21.84,0,0
2032.31,21.84,0,0
2032.44,21.84,0,0
2032.56,21.84,0,0
2032.68,21.84,0,0
2032.8,21.84,0,0
2032.92,21.84,0,0
2033.05,21.84,0,0
2033.17,21.84,0,0
2033.29,21.84,0,0
2033.41,21.84,0,0
2033.53,21.85,0,0
2033.66,21.84,0,0
2033.78,21.84,0,0
2033.9,21.84,0,0
2034.02,21.85,0,0
2034.15,21.84,0,0
2034.27,21.85,0,0
2034.39,21.84,0,0
2034.51,21.85,0,0
2034.63,21.84,0,0
2034.76,21.84,0,0
2034.88,21.85,0,0
2035.0,21.84,0,0
2035.12,21.85,0,0
2035.25,21.84,0,0
2035.37,21.85,0,0
2035.49,21.85,0,0
2035.61,21.85,0,0
2035.73,21.85,0,0
2035.86,21.85,0,0
2035.98,21.85,0,0
2036.1,21.85,0,0
2036.22,21.85,0,0
2036.34,21.84,0,0
2036.47,21.84,0,0
2036.59,21.85,0,0
2036.71,21.84,0,0
2036.83,21.85,0,0
2036.96,21.85,0,0
2037.08,21.85,0,0
2037.2,21.85,0,0
2037.32,21.84,0,0
2037.44,21.85,0,0
2037.57,21.84,0,0
2037.69,21.85,0,0
2037.81,21.85,0,0
2037.93,21.85,0,0
2038.06,21.84,0,0
2038.18,21.84,0,0
2038.3,21.85,0,0
2038.42,21.84,0,0
2038.55,21.85,0,0
2038.67,21.85,0,0
2038.79,21.85,0,0
2038.91,21.85,0,0
2039.03,21.85,0,0
2039.16,21.85,0,0
2039.28,21.85,0,0
2039.4,21.85,0,0
2039.52,21.85,0,0
2039.65,21.85,0,0
2039.77,21.85,0,0
2039.89,21.85,0,0
2040.01,21.85,0,0
2040.13,21.85,0,0
2040.26,21.85,0,0
2040.38,21.85,0,0
2040.5,21.85,0,0
2040.62,21.85,0,0
2040.74,21.85,0,0
2040.87,21.85,0,0
2040.99,21.85,0,0
2041.11,21.85,0,0
2041.23,21.85,0,0
2041.36,21.85,0,0
2041.48,21.85,0,0
2041.6,21.85,0,0
2041.72,21.85,0,0
2041.84,21.84,0,0
2041.97,21.85,0,0
2042.09,21.85,0,0
2042.21,21.85,0,0
2042.33,21.85,0,0
2042.46,21.85,0,0
2042.58,21.85,0,0
2042.7,21.85,0,0
2042.82,21.85,0,0
2042.94,21.85,0,0
2043.07,21.85,0,0
2043.19,21.85,0,0
2043.31,21.85,0,0
2043.43,21.85,0,0
2043.56,21.85,0,0
2043.68,21.85,0,0
2043.8,21.85,0,0
2043.92,21.85,0,0
2044.05,21.85,0,0
2044.17,21.85,0,0
2044.29,21.85,0,0
2044.41,21.85,0,0
2044.53,21.85,0,0
2044.66,21.85,0,0
2044.78,21.85,0,0
2044.9,21.85,0,0
2045.02,21.85,0,0
2045.15,21.85,0,0
2045.27,21.85,0,0
2045.39,21.85,0,0
2045.51,21.85,0,0
2045.63,21.85,0,0
2045.76,21.85,0,0
2045.88,21.85,0,0
2046.0,21.85,0,0
2046.12,21.85,0,0
2046.24,21.85,0,0
2046.37,21.85,0,0
2046.49,21.85,0,0
2046.61,21.85,0,0
2046.73,21.85,0,0
2046.86,21.85,0,0
2046.98,21.85,0,0
2047.1,21.85,0,0
2047.22,21.85,0,0
2047.34,21.85,0,0
2047.47,21.85,0,0
2047.59,21.85,0,0
2047.71,21.85,0,0
2047.83,21.85,0,0
2047.95,21.85,0,0
2048.08,21.85,0,0
2048.2,21.85,0,0
2048.32,21.85,0,0
2048.44,21.85,0,0
2048.57,21.85,0,0
2048.69,21.85,0,0
2048.81,21.85,0,0
2048.93,21.85,0,0
2049.05,21.85,0,0
2049.18,21.85,0,0
2049.3,21.85,0,0
2049.42,21.85,0,0
2049.54,21.85,0,0
2049.67,21.85,0,0
2049.79,21.85,0,0
2049.91,21.85,0,0
2050.03,21.85,0,0
2050.16,21.85,0,0
2050.28,21.85,0,0
2050.4,21.85,0,0
2050.52,21.85,0,0
2050.64,21.85,0,0
2050.77,21.85,0,0
2050.89,21.85,0,0
2051.01,21.85,0,0
2051.13,21.85,0,0
2051.26,21.85,0,0
2051.38,21.85,0,0
2051.5,21.85,0,0
2051.62,21.85,0,0
2051.74,21.85,0,0
2051.87,21.85,0,0
2051.99,21.85,0,0
2052.11,21.85,0,0
2052.23,21.85,0,0
2052.36,21.85,0,0
2052.48,21.85,0,0
2052.6,21.85,0,0
2052.72,21.85,0,0
2052.84,21.85,0,0
2052.97,21.85,0,0
2053.09,21.85,0,0
2053.21,21.85,0,0
2053.33,21.85,0,0
2053.45,21.85,0,0
2053.58,21.85,0,0
2053.7,21.85,0,0
2053.82,21.85,0,0
2053.94,21.85,0,0
2054.07,21.85,0,0
2054.19,21.85,0,0
2054.31,21.85,0,0
2054.43,21.85,0,0
2054.55,21.85,0,0
2054.68,21.85,0,0
2054.8,21.85,0,0
2054.92,21.85,0,0
2055.04,21.85,0,0
2055.17,21.85,0,0
2055.29,21.85,0,0
2055.41,21.85,0,0
2055.53,21.85,0,0
2055.65,21.85,0,0
2055.78,21.85,0,0
2055.9,21.85,0,0
2056.02,21.85,0,0
2056.14,21.85,0,0
2056.27,21.85,0,0
2056.39,21.85,0,0
2056.51,21.85,0,0
2056.63,21.85,0,0
2056.76,21.85,0,0
2056.88,21.85,0,0
2057.0,21.85,0,0
2057.12,21.85,0,0
2057.24,21.85,0,0
2057.37,21.85,0,0
2057.49,21.85,0,0
2057.61,21.85,0,0
2057.73,21.85,0,0
2057.86,21.85,0,0
2057.98,21.85,0,0
2058.1,21.85,0,0
2058.22,21.85,0,0
2058.34,21.85,0,0
2058.47,21.85,0,0
2058.59,21.85,0,0
2058.71,21.85,0,0
2058.83,21.85,0,0
2058.95,21.85,0,0
2059.08,21.85,0,0
2059.2,21.85,0,0
2059.32,21.85,0,0
2059.44,21.85,0,0
2059.57,21.85,0,0
2059.69,21.85,0,0
2059.81,21.85,0,0
2059.93,21.85,0,0
2060.05,21.85,0,0
2060.18,21.85,0,0
2060.3,21.85,0,0
2060.42,21.85,0,0
2060.54,21.85,0,0
2060.67,21.85,0,0
2060.79,21.85,0,0
2060.91,21.85,0,0
2061.03,21.85,0,0
2061.15,21.85,0,0
2061.28,21.85,0,0
2061.4,21.85,0,0
2061.52,21.85,0,0
2061.64,21.85,0,0
2061.77,21.85,0,0
2061.89,21.85,0,0
2062.01,21.85,0,0
2062.13,21.85,0,0
2062.25,21.85,0,0
2062.38,21.85,0,0
2062.5,21.85,0,0
2062.62,21.85,0,0
2062.74,21.85,0,0
2062.87,21.85,0,0
2062.99,21.85,0,0
2063.11,21.85,0,0
2063.23,21.85,0,0
2063.35,21.85,0,0
2063.48,21.85,0,0
2063.6,21.85,0,0
2063.72,21.85,0,0
2063.84,21.85,0,0
2063.97,21.85,0,0
2064.09,21.85,0,0
2064.21,21.85,0,0
2064.33,21.85,0,0
2064.45,21.85,0,0
2064.58,21.85,0,0
2064.7,21.85,0,0
2064.82,21.85,0,0
2064.94,21.85,0,0
2065.07,21.85,0,0
2065.19,21.85,0,0
2065.31,21.85,0,0
2065.43,21.85,0,0
2065.55,21.85,0,0
2065.68,21.85,0,0
2065.8,21.85,0,0
2065.92,21.85,0,0
2066.04,21.85,0,0
2066.17,21.85,0,0
2066.29,21.85,0,0
2066.41,21.85,0,0
2066.53,21.85,0,0
2066.65,21.85,0,0
2066.78,21.85,0,0
2066.9,21.85,0,0
2067.02,21.85,0,0
2067.14,21.85,0,0
2067.27,21.85,0,0
2067.39,21.85,0,0
2067.51,21.85,0,0
2067.63,21.85,0,0
2067.75,21.85,0,0
2067.88,21.85,0,0
2068.0,21.85,0,0
2068.12,21.85,0,0
2068.24,21.85,0,0
2068.37,21.85,0,0
2068.49,21.85,0,0
2068.61,21.85,0,0
2068.73,21.85,0,0
2068.85,21.85,0,0
2068.98,21.85,0,0
2069.1,21.85,0,0
2069.22,21.85,0,0
2069.34,21.85,0,0
2069.47,21.85,0,0
2069.59,21.85,0,0
2069.71,21.85,0,0
2069.83,21.85,0,0
2069.95,21.85,0,0
2070.08,21.85,0,0
2070.2,21.85,0,0
2070.32,21.85,0,0
2070.44,21.85,0,0
2070.56,21.85,0,0
2070.69,21.85,0,0
2070.81,21.85,0,0
2070.93,21.85,0,0
2071.05,21.85,0,0
2071.18,21.85,0,0
2071.3,21.85,0,0
2071.42,21.85,0,0
2071.54,21.85,0,0
2071.66,21.85,0,0
2071.79,21.85,0,0
2071.91,21.85,0,0
2072.03,21.85,0,0
2072.15,21.85,0,0
2072.28,21.85,0,0
2072.4,21.85,0,0
2072.52,21.85,0,0
2072.64,21.85,0,0
2072.77,21.85,0,0
2072.89,21.85,0,0
2073.01,21.85,0,0
2073.13,21.85,0,0
2073.25,21.85,0,0
2073.38,21.85,0,0
2073.5,21.85,0,0
2073.62,21.85,0,0
2073.74,21.85,0,0
2073.87,21.85,0,0
2073.99,21.85,0,0
2074.11,21.85,0,0
2074.23,21.85,0,0
2074.35,21.85,0,0
2074.48,21.85,0,0
2074.6,21.85,0,0
2074.72,21.85,0,0
2074.84,21.85,0,0
2074.97,21.85,0,0
2075.09,21.85,0,0
2075.21,21.85,0,0
2075.33,21.85,0,0
2075.45,21.85,0,0
2075.58,21.85,0,0
2075.7,21.85,0,0
2075.82,21.85,0,0
2075.94,21.85,0,0
2076.06,21.85,0,0
2076.19,21.85,0,0
2076.31,21.85,0,0
2076.43,21.85,0,0
2076.55,21.85,0,0
2076.68,21.85,0,0
2076.8,21.85,0,0
2076.92,21.85,0,0
2077.04,21.85,0,0
2077.16,21.85,0,0
2077.29,21.85,0,0
2077.41,21.85,0,0
2077.53,21.85,0,0
2077.65,21.85,0,0
2077.78,21.85,0,0
2077.9,21.85,0,0
2078.02,21.85,0,0
2078.14,21.85,0,0
2078.26,21.85,0,0
2078.39,21.85,0,0
2078.51,21.85,0,0
2078.63,21.85,0,0
2078.75,21.85,0,0
2078.88,21.85,0,0
2079.0,21.85,0,0
2079.12,21.85,0,0
2079.24,21.85,0,0
2079.36,21.85,0,0
2079.49,21.85,0,0
2079.61,21.85,0,0
2079.73,21.85,0,0
2079.85,21.85,0,0
2079.98,21.85,0,0
2080.1,21.85,0,0
2080.22,21.85,0,0
2080.34,21.85,0,0
2080.46,21.85,0,0
2080.59,21.85,0,0
2080.71,21.85,0,0
2080.83,21.85,0,0
2080.95,21.85,0,0
2081.08,21.85,0,0
2081.2,21.85,0,0
2081.32,21.85,0,0
2081.44,21.85,0,0
2081.56,21.85,0,0
2081.69,21.85,0,0
2081.81,21.85,0,0
2081.93,21.85,0,0
2082.05,21.85,0,0
2082.18,21.85,0,0
2082.3,21.85,0,0
2082.42,21.85,0,0
2082.54,21.85,0,0
2082.66,21.85,0,0
2082.79,21.85,0,0
2082.91,21.85,0,0
2083.03,21.85,0,0
2083.15,21.85,0,0
2083.28,21.85,0,0
2083.4,21.85,0,0
2083.52,21.85,0,0
2083.64,21.85,0,0
2083.76,21.85,0,0
2083.89,21.85,0,0
2084.01,21.85,0,0
2084.13,21.85,0,0
2084.25,21.85,0,0
2084.38,21.85,0,0
2084.5,21.85,0,0
2084.62,21.85,0,0
2084.74,21.85,0,0
2084.86,21.85,0,0
2084.99,21.85,0,0
2085.11,21.85,0,0
2085.23,21.85,0,0
2085.35,21.85,0,0
2085.48,21.85,0,0
2085.6,21.85,0,0
2085.72,21.85,0,0
2085.84,21.85,0,0
2085.96,21.85,0,0
2086.09,21.85,0,0
2086.21,21.85,0,0
2086.33,21.85,0,0
2086.45,21.85,0,0
2086.58,21.85,0,0
2086.7,21.85,0,0
2086.82,21.85,0,0
2086.94,21.85,0,0
2087.06,21.85,0,0
2087.19,21.85,0,0
2087.31,21.85,0,0
2087.43,21.85,0,0
2087.55,21.85,0,0
2087.67,21.85,0,0
2087.8,21.85,0,0
2087.92,21.86,0,0
2088.04,21.85,0,0
2088.16,21.85,0,0
2088.29,21.85,0,0
2088.41,21.85,0,0
2088.53,21.86,0,0
2088.65,21.85,0,0
2088.77,21.85,0,0
2088.9,21.85,0,0
2089.02,21.85,0,0
2089.14,21.85,0,0
2089.26,21.85,0,0
2089.39,21.86,0,0
2089.51,21.85,0,0
2089.63,21.85,0,0
2089.75,21.86,0,0
2089.87,21.85,0,0
2090.0,21.86,0,0
2090.12,21.85,0,0
2090.24,21.85,0,0
2090.36,21.85,0,0
2090.49,21.85,0,0
2090.61,21.85,0,0
2090.73,21.85,0,0
2090.85,21.85,0,0
2090.98,21.85,0,0
2091.1,21.85,0,0
2091.22,21.85,0,0
2091.34,21.86,0,0
2091.46,21.85,0,0
2091.59,21.85,0,0
2091.71,21.86,0,0
2091.83,21.85,0,0
2091.95,21.85,0,0
2092.08,21.85,0,0
2092.2,21.85,0,0
2092.32,21.85,0,0
2092.44,21.85,0,0
2092.56,21.86,0,0
2092.69,21.85,0,0
2092.81,21.85,0,0
2092.93,21.85,0,0
2093.05,21.85,0,0
2093.17,21.85,0,0
2093.3,21.85,0,0
2093.42,21.85,0,0
2093.54,21.85,0,0
2093.66,21.85,0,0
2093.79,21.85,0,0
2093.91,21.85,0,0
2094.03,21.85,0,0
2094.15,21.85,0,0
2094.27,21.85,0,0
2094.4,21.85,0,0
2094.52,21.85,0,0
2094.64,21.86,0,0
2094.76,21.85,0,0
2094.89,21.85,0,0
2095.01,21.85,0,0
2095.13,21.86,0,0
2095.25,21.86,0,0
2095.37,21.86,0,0
2095.5,21.86,0,0
2095.62,21.85,0,0
2095.74,21.85,0,0
2095.86,21.86,0,0
2095.99,21.86,0,0
2096.11,21.86,0,0
2096.23,21.86,0,0
2096.35,21.85,0,0
2096.47,21.85,0,0
2096.6,21.86,0,0
2096.72,21.86,0,0
2096.84,21.86,0,0
2096.96,21.86,0,0
2097.09,21.86,0,0
2097.21,21.86,0,0
2097.33,21.86,0,0
2097.45,21.86,0,0
2097.57,21.86,0,0
2097.7,21.86,0,0
2097.82,21.86,0,0
2097.94,21.86,0,0
2098.06,21.86,0,0
2098.19,21.86,0,0
2098.31,21.86,0,0
2098.43,21.86,0,0
2098.55,21.86,0,0
2098.67,21.86,0,0
2098.8,21.86,0,0
2098.92,21.86,0,0
2099.04,21.86,0,0
2099.16,21.86,0,0
2099.29,21.86,0,0
2099.41,21.86,0,0
2099.53,21.86,0,0
2099.65,21.86,0,0
2099.77,21.86,0,0
2099.9,21.86,0,0
2100.02,21.86,0,0
2100.14,21.86,0,0
2100.26,21.86,0,0
2100.39,21.86,0,0
2100.51,21.86,0,0
2100.63,21.86,0,0
2100.75,21.86,0,0
2100.87,21.86,0,0
2101.0,21.86,0,0
2101.12,21.86,0,0
2101.24,21.86,0,0
2101.36,21.86,0,0
2101.49,21.86,0,0
2101.61,21.86,0,0
2101.73,21.86,0,0
2101.85,21.86,0,0
2101.97,21.86,0,0
2102.1,21.86,0,0
2102.22,21.86,0,0
2102.34,21.86,0,0
2102.46,21.86,0,0
2102.59,21.86,0,0
2102.71,21.86,0,0
2102.83,21.86,0,0
2102.95,21.86,0,0
2103.07,21.86,0,0
2103.2,21.86,0,0
2103.32,21.86,0,0
2103.44,21.86,0,0
2103.56,21.86,0,0
2103.69,21.86,0,0
2103.81,21.86,0,0
2103.93,21.86,0,0
2104.05,21.86,0,0
2104.17,21.86,0,0
2104.3,21.86,0,0
2104.42,21.86,0,0
2104.54,21.86,0,0
2104.66,21.86,0,0
2104.78,21.86,0,0
2104.91,21.86,0,0
2105.03,21.86,0,0
2105.15,21.85,0,0
2105.27,21.86,0,0
2105.4,21.86,0,0
2105.52,21.86,0,0
2105.64,21.86,0,0
2105.76,21.86,0,0
2105.88,21.86,0,0
2106.01,21.86,0,0
2106.13,21.86,0,0
2106.25,21.86,0,0
2106.37,21.86,0,0
2106.5,21.86,0,0
2106.62,21.86,0,0
2106.74,21.86,0,0
2106.86,21.86,0,0
2106.99,21.86,0,0
2107.11,21.86,0,0
2107.23,21.86,0,0
2107.35,21.86,0,0
2107.47,21.86,0,0
2107.6,21.86,0,0
2107.72,21.86,0,0
2107.84,21.86,0,0
2107.96,21.86,0,0
2108.09,21.86,0,0
2108.21,21.86,0,0
2108.33,21.86,0,0
2108.45,21.86,0,0
2108.57,21.86,0,0
2108.7,21.86,0,0
2108.82,21.86,0,0
2108.94,21.86,0,0
2109.06,21.86,0,0
2109.19,21.86,0,0
2109.31,21.86,0,0
2109.43,21.86,0,0
2109.55,21.86,0,0
2109.67,21.86,0,0
2109.8,21.86,0,0
2109.92,21.86,0,0
2110.04,21.86,0,0
2110.16,21.86,0,0
2110.28,21.86,0,0
2110.41,21.86,0,0
2110.53,21.86,0,0
2110.65,21.86,0,0
2110.77,21.86,0,0
2110.9,21.86,0,0
2111.02,21.86,0,0
2111.14,21.86,0,0
2111.26,21.86,0,0
2111.38,21.86,0,0
2111.51,21.86,0,0
2111.63,21.86,0,0
2111.75,21.86,0,0
2111.87,21.86,0,0
2112.0,21.86,0,0
2112.12,21.86,0,0
2112.24,21.86,0,0
2112.36,21.86,0,0
2112.48,21.86,0,0
2112.61,21.86,0,0
2112.73,21.86,0,0
2112.85,21.86,0,0
2112.97,21.86,0,0
2113.1,21.86,0,0
2113.22,21.86,0,0
2113.34,21.86,0,0
2113.46,21.86,0,0
2113.58,21.86,0,0
2113.71,21.86,0,0
2113.83,21.86,0,0
2113.95,21.86,0,0
2114.07,21.86,0,0
2114.2,21.86,0,0
2114.32,21.86,0,0
2114.44,21.86,0,0
2114.56,21.86,0,0
2114.68,21.86,0,0
2114.81,21.86,0,0
2114.93,21.86,0,0
2115.05,21.86,0,0
2115.17,21.86,0,0
2115.3,21.86,0,0
2115.42,21.86,0,0
2115.54,21.86,0,0
2115.66,21.86,0,0
2115.78,21.86,0,0
2115.91,21.86,0,0
2116.03,21.86,0,0
2116.15,21.86,0,0
2116.27,21.86,0,0
2116.4,21.86,0,0
2116.52,21.86,0,0
2116.64,21.86,0,0
2116.76,21.86,0,0
2116.88,21.86,0,0
2117.01,21.86,0,0
2117.13,21.86,0,0
2117.25,21.86,0,0
2117.37,21.86,0,0
2117.5,21.86,0,0
2117.62,21.86,0,0
2117.74,21.86,0,0
2117.86,21.86,0,0
2117.98,21.86,0,0
2118.11,21.86,0,0
2118.23,21.86,0,0
2118.35,21.86,0,0
2118.47,21.86,0,0
2118.6,21.86,0,0
2118.72,21.86,0,0
2118.84,21.86,0,0
2118.96,21.86,0,0
2119.08,21.86,0,0
2119.21,21.86,0,0
2119.33,21.86,0,0
2119.45,21.86,0,0
2119.57,21.86,0,0
2119.7,21.86,0,0
2119.82,21.86,0,0
2119.94,21.86,0,0
2120.06,21.86,0,0
2120.18,21.86,0,0
2120.31,21.86,0,0
2120.43,21.86,0,0
2120.55,21.86,0,0
2120.67,21.86,0,0
2120.8,21.86,0,0
2120.92,21.86,0,0
2121.04,21.86,0,0
2121.16,21.86,0,0
2121.28,21.86,0,0
2121.41,21.86,0,0
2121.53,21.86,0,0
2121.65,21.86,0,0
2121.77,21.86,0,0
2121.89,21.86,0,0
2122.02,21.86,0,0
2122.14,21.87,0,0
2122.26,21.86,0,0
2122.38,21.86,0,0
2122.51,21.87,0,0
2122.63,21.86,0,0
2122.75,21.86,0,0
2122.87,21.87,0,0
2123.0,21.86,0,0
2123.12,21.86,0,0
2123.24,21.86,0,0
2123.36,21.86,0,0
2123.48,21.86,0,0
2123.61,21.86,0,0
2123.73,21.86,0,0
2123.85,21.86,0,0
2123.97,21.87,0,0
2124.1,21.86,0,0
2124.22,21.86,0,0
2124.34,21.86,0,0
2124.46,21.86,0,0
2124.58,21.86,0,0
2124.71,21.86,0,0
2124.83,21.86,0,0
2124.95,21.87,0,0
2125.07,21.86,0,0
2125.2,21.86,0,0
2125.32,21.86,0,0
2125.44,21.86,0,0
2125.56,21.86,0,0
2125.68,21.86,0,0
2125.81,21.86,0,0
2125.93,21.86,0,0
2126.05,21.86,0,0
2126.17,21.86,0,0
2126.3,21.86,0,0
2126.42,21.87,0,0
2126.54,21.87,0,0
2126.66,21.86,0,0
2126.78,21.87,0,0
2126.91,21.87,0,0
2127.03,21.87,0,0
2127.15,21.86,0,0
2127.27,21.86,0,0
2127.39,21.86,0,0
2127.52,21.87,0,0
2127.64,21.87,0,0
2127.76,21.87,0,0
2127.88,21.87,0,0
2128.01,21.87,0,0
2128.13,21.86,0,0
2128.25,21.86,0,0
2128.37,21.86,0,0
2128.5,21.86,0,0
2128.62,21.86,0,0
2128.74,21.86,0,0
2128.86,21.86,0,0
2128.98,21.86,0,0
2129.11,21.86,0,0
2129.23,21.86,0,0
2129.35,21.86,0,0
2129.47,21.86,0,0
2129.59,21.86,0,0
2129.72,21.86,0,0
2129.84,21.86,0,0
2129.96,21.86,0,0
2130.08,21.86,0,0
2130.21,21.87,0,0
2130.33,21.87,0,0
2130.45,21.86,0,0
2130.57,21.86,0,0
2130.69,21.86,0,0
2130.82,21.87,0,0
2130.94,21.86,0,0
2131.06,21.86,0,0
2131.18,21.86,0,0
2131.31,21.86,0,0
2131.43,21.86,0,0
2131.55,21.86,0,0
2131.67,21.86,0,0
2131.79,21.86,0,0
2131.92,21.86,0,0
2132.04,21.86,0,0
2132.16,21.86,0,0
2132.28,21.86,0,0
2132.41,21.86,0,0
2132.53,21.86,0,0
2132.65,21.86,0,0
2132.77,21.86,0,0
2132.89,21.86,0,0
2133.02,21.86,0,0
2133.14,21.86,0,0
2133.26,21.86,0,0
2133.38,21.86,0,0
2133.51,21.86,0,0
2133.63,21.86,0,0
2133.75,21.86,0,0
2133.87,21.86,0,0
2134.0,21.86,0,0
2134.12,21.87,0,0
2134.24,21.86,0,0
2134.36,21.86,0,0
2134.48,21.87,0,0
2134.61,21.87,0,0
2134.73,21.87,0,0
2134.85,21.86,0,0
2134.97,21.87,0,0
2135.09,21.87,0,0
2135.22,21.86,0,0
2135.34,21.86,0,0
2135.46,21.87,0,0
2135.58,21.86,0,0
2135.71,21.86,0,0
2135.83,21.86,0,0
2135.95,21.86,0,0
2136.07,21.86,0,0
2136.19,21.86,0,0
2136.32,21.86,0,0
2136.44,21.86,0,0
2136.56,21.86,0,0
2136.68,21.86,0,0
2136.81,21.86,0,0
2136.93,21.86,0,0
2137.05,21.86,0,0
2137.17,21.86,0,0
2137.29,21.86,0,0
2137.42,21.86,0,0
2137.54,21.86,0,0
2137.66,21.86,0,0
2137.78,21.86,0,0
2137.91,21.87,0,0
2138.03,21.86,0,0
2138.15,21.87,0,0
2138.27,21.86,0,0
2138.39,21.86,0,0
2138.52,21.86,0,0
2138.64,21.86,0,0
2138.76,21.86,0,0
2138.88,21.86,0,0
2139.0,21.87,0,0
2139.13,21.87,0,0
2139.25,21.87,0,0
2139.37,21.87,0,0
2139.5,21.87,0,0
2139.62,21.87,0,0
2139.74,21.87,0,0
2139.86,21.87,0,0
2139.98,21.87,0,0
2140.1,21.87,0,0
2140.23,21.87,0,0
2140.35,21.87,0,0
2140.47,21.87,0,0
2140.59,21.87,0,0
2140.72,21.87,0,0
2140.84,21.87,0,0
2140.96,21.87,0,0
2141.08,21.87,0,0
2141.2,21.87,0,0
2141.33,21.87,0,0
2141.45,21.87,0,0
2141.57,21.87,0,0
2141.69,21.87,0,0
2141.82,21.87,0,0
2141.94,21.87,0,0
2142.06,21.87,0,0
2142.18,21.87,0,0
2142.31,21.87,0,0
2142.43,21.87,0,0
2142.55,21.87,0,0
2142.67,21.87,0,0
2142.79,21.87,0,0
2142.92,21.87,0,0
2143.04,21.87,0,0
2143.16,21.87,0,0
2143.28,21.87,0,0
2143.41,21.87,0,0
2143.53,21.87,0,0
2143.65,21.87,0,0
2143.77,21.87,0,0
2143.89,21.87,0,0
2144.02,21.87,0,0
2144.14,21.87,0,0
2144.26,21.87,0,0
2144.38,21.87,0,0
2144.5,21.87,0,0
2144.63,21.87,0,0
2144.75,21.87,0,0
2144.87,21.87,0,0
2144.99,21.87,0,0
2145.12,21.87,0,0
2145.24,21.87,0,0
2145.36,21.87,0,0
2145.48,21.87,0,0
2145.6,21.87,0,0
2145.73,21.87,0,0
2145.85,21.87,0,0
2145.97,21.87,0,0
2146.09,21.87,0,0
2146.22,21.87,0,0
2146.34,21.87,0,0
2146.46,21.87,0,0
2146.58,21.87,0,0
2146.7,21.87,0,0
2146.83,21.87,0,0
2146.95,21.87,0,0
2147.07,21.87,0,0
2147.19,21.87,0,0
2147.32,21.87,0,0
2147.44,21.87,0,0
2147.56,21.87,0,0
2147.68,21.87,0,0
2147.8,21.87,0,0
2147.93,21.87,0,0
2148.05,21.87,0,0
2148.17,21.87,0,0
2148.29,21.87,0,0
2148.42,21.87,0,0
2148.54,21.86,0,0
2148.66,21.86,0,0
2148.78,21.86,0,0
2148.9,21.86,0,0
2149.03,21.86,0,0
2149.15,21.86,0,0
2149.27,21.86,0,0
2149.39,21.86,0,0
2149.52,21.86,0,0
2149.64,21.86,0,0
2149.76,21.86,0,0
2149.88,21.86,0,0
2150.0,21.86,0,0
2150.13,21.86,0,0
2150.25,21.86,0,0
2150.37,21.86,0,0
2150.49,21.86,0,0
2150.62,21.86,0,0
2150.74,21.86,0,0
2150.86,21.86,0,0
2150.98,21.86,0,0
2151.1,21.86,0,0
2151.23,21.86,0,0
2151.35,21.86,0,0
2151.47,21.86,0,0
2151.59,21.86,0,0
2151.72,21.86,0,0
2151.84,21.86,0,0
2151.96,21.86,0,0
2152.08,21.86,0,0
2152.2,21.86,0,0
2152.33,21.86,0,0
2152.45,21.86,0,0
2152.57,21.86,0,0
2152.69,21.86,0,0
2152.82,21.86,0,0
2152.94,21.86,0,0
2153.06,21.86,0,0
2153.18,21.86,0,0
2153.3,21.86,0,0
2153.43,21.86,0,0
2153.55,21.86,0,0
2153.67,21.86,0,0
2153.79,21.86,0,0
2153.92,21.86,0,0
2154.04,21.86,0,0
2154.16,21.86,0,0
2154.28,21.86,0,0
2154.4,21.86,0,0
2154.53,21.86,0,0
2154.65,21.86,0,0
2154.77,21.86,0,0
2154.89,21.86,0,0
2155.02,21.86,0,0
2155.14,21.86,0,0
2155.26,21.86,0,0
2155.38,21.86,0,0
2155.5,21.86,0,0
2155.63,21.86,0,0
2155.75,21.86,0,0
2155.87,21.86,0,0
2155.99,21.86,0,0
2156.11,21.86,0,0
2156.24,21.86,0,0
2156.36,21.86,0,0
2156.48,21.86,0,0
2156.6,21.86,0,0
2156.73,21.86,0,0
2156.85,21.86,0,0
2156.97,21.86,0,0
2157.09,21.86,0,0
2157.21,21.86,0,0
2157.34,21.87,0,0
2157.46,21.86,0,0
2157.58,21.86,0,0
2157.7,21.86,0,0
2157.83,21.86,0,0
2157.95,21.86,0,0
2158.07,21.86,0,0
2158.19,21.86,0,0
2158.31,21.86,0,0
2158.44,21.86,0,0
2158.56,21.86,0,0
2158.68,21.86,0,0
2158.8,21.87,0,0
2158.93,21.87,0,0
2159.05,21.86,0,0
2159.17,21.86,0,0
2159.29,21.87,0,0
2159.41,21.86,0,0
2159.54,21.86,0,0
2159.66,21.86,0,0
2159.78,21.86,0,0
2159.9,21.87,0,0
2160.03,21.87,0,0
2160.15,21.87,0,0
2160.27,21.86,0,0
2160.39,21.86,0,0
2160.52,21.87,0,0
2160.64,21.87,0,0
2160.76,21.86,0,0
2160.88,21.87,0,0
2161.0,21.87,0,0
2161.13,21.87,0,0
2161.25,21.87,0,0
2161.37,21.87,0,0
2161.49,21.87,0,0
2161.61,21.87,0,0
2161.74,21.87,0,0
2161.86,21.87,0,0
2161.98,21.87,0,0
2162.1,21.87,0,0
2162.23,21.87,0,0
2162.35,21.87,0,0
2162.47,21.87,0,0
2162.59,21.87,0,0
2162.71,21.87,0,0
2162.84,21.86,0,0
2162.96,21.87,0,0
2163.08,21.87,0,0
2163.2,21.87,0,0
2163.33,21.87,0,0
2163.45,21.87,0,0
2163.57,21.87,0,0
2163.69,21.87,0,0
2163.81,21.87,0,0
2163.94,21.87,0,0
2164.06,21.87,0,0
2164.18,21.87,0,0
2164.3,21.87,0,0
2164.43,21.87,0,0
2164.55,21.86,0,0
2164.67,21.87,0,0
2164.79,21.87,0,0
2164.91,21.87,0,0
2165.04,21.87,0,0
2165.16,21.87,0,0
2165.28,21.86,0,0
2165.4,21.87,0,0
2165.53,21.87,0,0
2165.65,21.87,0,0
2165.77,21.87,0,0
2165.89,21.87,0,0
2166.01,21.87,0,0
2166.14,21.87,0,0
2166.26,21.87,0,0
2166.38,21.87,0,0
2166.5,21.87,0,0
2166.63,21.87,0,0
2166.75,21.87,0,0
2166.87,21.87,0,0
2166.99,21.87,0,0
2167.11,21.87,0,0
2167.24,21.87,0,0
2167.36,21.87,0,0
2167.48,21.87,0,0
2167.6,21.87,0,0
2167.73,21.87,0,0
2167.85,21.87,0,0
2167.97,21.87,0,0
2168.09,21.87,0,0
2168.21,21.87,0,0
2168.34,21.87,0,0
2168.46,21.87,0,0
2168.58,21.87,0,0
2168.7,21.87,0,0
2168.82,21.87,0,0
2168.95,21.87,0,0
2169.07,21.87,0,0
2169.19,21.87,0,0
2169.31,21.87,0,0
2169.44,21.87,0,0
2169.56,21.87,0,0
2169.68,21.87,0,0
2169.8,21.87,0,0
2169.93,21.87,0,0
2170.05,21.87,0,0
2170.17,21.87,0,0
2170.29,21.87,0,0
2170.41,21.87,0,0
2170.54,21.87,0,0
2170.66,21.87,0,0
2170.78,21.87,0,0
2170.9,21.87,0,0
2171.03,21.87,0,0
2171.15,21.87,0,0
2171.27,21.87,0,0
2171.39,21.87,0,0
2171.51,21.87,0,0
2171.64,21.87,0,0
2171.76,21.87,0,0
2171.88,21.87,0,0
2172.0,21.87,0,0
2172.13,21.87,0,0
2172.25,21.87,0,0
2172.37,21.87,0,0
2172.49,21.87,0,0
2172.61,21.87,0,0
2172.74,21.87,0,0
2172.86,21.87,0,0
2172.98,21.87,0,0
2173.1,21.87,0,0
2173.22,21.87,0,0
2173.35,21.87,0,0
2173.47,21.87,0,0
2173.59,21.87,0,0
2173.71,21.87,0,0
2173.84,21.87,0,0
2173.96,21.87,0,0
2174.08,21.87,0,0
2174.2,21.87,0,0
2174.32,21.87,0,0
2174.45,21.87,0,0
2174.57,21.87,0,0
2174.69,21.87,0,0
2174.81,21.87,0,0
2174.94,21.87,0,0
2175.06,21.87,0,0
2175.18,21.87,0,0
2175.3,21.87,0,0
2175.42,21.87,0,0
2175.55,21.87,0,0
2175.67,21.87,0,0
2175.79,21.87,0,0
2175.91,21.87,0,0
2176.04,21.87,0,0
2176.16,21.87,0,0
2176.28,21.87,0,0
2176.4,21.87,0,0
2176.52,21.87,0,0
2176.65,21.87,0,0
2176.77,21.87,0,0
2176.89,21.87,0,0
2177.01,21.87,0,0
2177.14,21.87,0,0
2177.26,21.87,0,0
2177.38,21.87,0,0
2177.5,21.87,0,0
2177.63,21.87,0,0
2177.75,21.87,0,0
2177.87,21.87,0,0
2177.99,21.87,0,0
2178.11,21.87,0,0
2178.24,21.87,0,0
2178.36,21.87,0,0
2178.48,21.87,0,0
2178.6,21.87,0,0
2178.72,21.87,0,0
2178.85,21.87,0,0
2178.97,21.87,0,0
2179.09,21.87,0,0
2179.21,21.87,0,0
2179.34,21.87,0,0
2179.46,21.87,0,0
2179.58,21.87,0,0
2179.7,21.87,0,0
2179.82,21.87,0,0
2179.95,21.87,0,0
2180.07,21.87,0,0
2180.19,21.87,0,0
2180.31,21.87,0,0
2180.44,21.87,0,0
2180.56,21.87,0,0
2180.68,21.87,0,0
2180.8,21.87,0,0
2180.92,21.88,0,0
2181.05,21.88,0,0
2181.17,21.87,0,0
2181.29,21.88,0,0
2181.41,21.88,0,0
2181.54,21.88,0,0
2181.66,21.88,0,0
2181.78,21.88,0,0
2181.9,21.87,0,0
2182.02,21.88,0,0
2182.15,21.88,0,0
2182.27,21.88,0,0
2182.39,21.88,0,0
2182.51,21.88,0,0
2182.64,21.88,0,0
2182.76,21.88,0,0
2182.88,21.88,0,0
2183.0,21.88,0,0
2183.12,21.88,0,0
2183.25,21.88,0,0
2183.37,21.88,0,0
2183.49,21.88,0,0
2183.61,21.88,0,0
2183.74,21.88,0,0
2183.86,21.88,0,0
2183.98,21.88,0,0
2184.1,21.88,0,0
2184.22,21.88,0,0
2184.35,21.88,0,0
2184.47,21.88,0,0
2184.59,21.88,0,0
2184.71,21.88,0,0
2184.84,21.88,0,0
2184.96,21.88,0,0
2185.08,21.88,0,0
2185.2,21.88,0,0
2185.32,21.88,0,0
2185.45,21.88,0,0
2185.57,21.88,0,0
2185.69,21.88,0,0
2185.81,21.88,0,0
2185.93,21.88,0,0
2186.06,21.88,0,0
2186.18,21.88,0,0
2186.3,21.88,0,0
2186.42,21.88,0,0
2186.55,21.88,0,0
2186.67,21.88,0,0
2186.79,21.88,0,0
2186.91,21.88,0,0
2187.03,21.88,0,0
2187.16,21.88,0,0
2187.28,21.88,0,0
2187.4,21.88,0,0
2187.52,21.88,0,0
2187.65,21.88,0,0
2187.77,21.88,0,0
2187.89,21.88,0,0
2188.01,21.88,0,0
2188.13,21.88,0,0
2188.26,21.88,0,0
2188.38,21.88,0,0
2188.5,21.88,0,0
2188.62,21.88,0,0
2188.75,21.88,0,0
2188.87,21.88,0,0
2188.99,21.88,0,0
2189.11,21.88,0,0
2189.24,21.88,0,0
2189.36,21.88,0,0
2189.48,21.88,0,0
2189.6,21.88,0,0
2189.72,21.88,0,0
2189.85,21.88,0,0
2189.97,21.88,0,0
2190.09,21.88,0,0
2190.21,21.88,0,0
2190.34,21.88,0,0
2190.46,21.88,0,0
2190.58,21.88,0,0
2190.7,21.88,0,0
2190.82,21.88,0,0
2190.95,21.88,0,0
2191.07,21.88,0,0
2191.19,21.88,0,0
2191.31,21.88,0,0
2191.43,21.88,0,0
2191.56,21.88,0,0
2191.68,21.88,0,0
2191.8,21.88,0,0
2191.92,21.88,0,0
2192.05,21.88,0,0
2192.17,21.88,0,0
2192.29,21.88,0,0
2192.41,21.88,0,0
2192.53,21.88,0,0
2192.66,21.88,0,0
2192.78,21.88,0,0
2192.9,21.88,0,0
2193.02,21.88,0,0
2193.15,21.88,0,0
2193.27,21.88,0,0
2193.39,21.88,0,0
2193.51,21.88,0,0
2193.63,21.88,0,0
2193.76,21.88,0,0
2193.88,21.88,0,0
2194.0,21.88,0,0
2194.12,21.88,0,0
2194.25,21.88,0,0
2194.37,21.88,0,0
2194.49,21.88,0,0
2194.61,21.88,0,0
2194.73,21.88,0,0
2194.86,21.88,0,0
2194.98,21.88,0,0
2195.1,21.88,0,0
2195.22,21.88,0,0
2195.35,21.88,0,0
2195.47,21.88,0,0
2195.59,21.88,0,0
2195.71,21.88,0,0
2195.83,21.88,0,0
2195.96,21.88,0,0
2196.08,21.88,0,0
2196.2,21.88,0,0
2196.32,21.88,0,0
2196.45,21.88,0,0
2196.57,21.88,0,0
2196.69,21.88,0,0
2196.81,21.88,0,0
2196.93,21.88,0,0
2197.06,21.88,0,0
2197.18,21.88,0,0
2197.3,21.88,0,0
2197.42,21.88,0,0
2197.54,21.88,0,0
2197.67,21.88,0,0
2197.79,21.88,0,0
2197.91,21.88,0,0
2198.03,21.88,0,0
2198.16,21.88,0,0
2198.28,21.88,0,0
2198.4,21.88,0,0
2198.52,21.88,0,0
2198.64,21.88,0,0
2198.77,21.88,0,0
2198.89,21.88,0,0
2199.01,21.88,0,0
2199.13,21.88,0,0
2199.26,21.88,0,0
2199.38,21.88,0,0
2199.5,21.88,0,0
2199.62,21.88,0,0
2199.75,21.88,0,0
2199.87,21.88,0,0
2199.99,21.88,0,0
2200.11,21.88,0,0
2200.23,21.88,0,0
2200.36,21.88,0,0
2200.48,21.88,0,0
2200.6,21.88,0,0
2200.72,21.88,0,0
2200.85,21.88,0,0
2200.97,21.88,0,0
2201.09,21.88,0,0
2201.21,21.88,0,0
2201.33,21.88,0,0
2201.46,21.88,0,0
2201.58,21.88,0,0
2201.7,21.88,0,0
2201.82,21.88,0,0
2201.95,21.88,0,0
2202.07,21.88,0,0
2202.19,21.88,0,0
2202.31,21.88,0,0
2202.43,21.88,0,0
2202.56,21.88,0,0
2202.68,21.88,0,0
2202.8,21.88,0,0
2202.92,21.88,0,0
2203.04,21.88,0,0
2203.17,21.88,0,0
2203.29,21.88,0,0
2203.41,21.88,0,0
2203.53,21.88,0,0
2203.66,21.88,0,0
2203.78,21.88,0,0
2203.9,21.88,0,0
2204.02,21.88,0,0
2204.14,21.88,0,0
2204.27,21.88,0,0
2204.39,21.88,0,0
2204.51,21.88,0,0
2204.63,21.88,0,0
2204.76,21.88,0,0
2204.88,21.88,0,0
2205.0,21.88,0,0
2205.12,21.88,0,0
2205.25,21.88,0,0
2205.37,21.88,0,0
2205.49,21.88,0,0
2205.61,21.88,0,0
2205.73,21.88,0,0
2205.86,21.88,0,0
2205.98,21.88,0,0
2206.1,21.88,0,0
2206.22,21.88,0,0
2206.34,21.88,0,0
2206.47,21.88,0,0
2206.59,21.88,0,0
2206.71,21.88,0,0
2206.83,21.88,0,0
2206.96,21.88,0,0
2207.08,21.88,0,0
2207.2,21.88,0,0
2207.32,21.88,0,0
2207.44,21.88,0,0
2207.57,21.88,0,0
2207.69,21.88,0,0
2207.81,21.88,0,0
2207.93,21.88,0,0
2208.06,21.88,0,0
2208.18,21.88,0,0
2208.3,21.88,0,0
2208.42,21.88,0,0
2208.54,21.88,0,0
2208.67,21.88,0,0
2208.79,21.88,0,0
2208.91,21.88,0,0
2209.03,21.88,0,0
2209.16,21.88,0,0
2209.28,21.88,0,0
2209.4,21.88,0,0
2209.52,21.88,0,0
2209.64,21.88,0,0
2209.77,21.88,0,0
2209.89,21.88,0,0
2210.01,21.88,0,0
2210.13,21.88,0,0
2210.25,21.88,0,0
2210.38,21.88,0,0
2210.5,21.88,0,0
2210.62,21.88,0,0
2210.75,21.88,0,0
2210.87,21.88,0,0
2210.99,21.88,0,0
2211.11,21.88,0,0
2211.23,21.88,0,0
2211.36,21.88,0,0
2211.48,21.88,0,0
2211.6,21.88,0,0
2211.72,21.88,0,0
2211.84,21.88,0,0
2211.97,21.88,0,0
2212.09,21.88,0,0
2212.21,21.88,0,0
2212.33,21.88,0,0
2212.46,21.88,0,0
2212.58,21.88,0,0
2212.7,21.88,0,0
2212.82,21.88,0,0
2212.94,21.88,0,0
2213.07,21.88,0,0
2213.19,21.88,0,0
2213.31,21.88,0,0
2213.43,21.88,0,0
2213.56,21.88,0,0
2213.68,21.88,0,0
2213.8,21.88,0,0
2213.92,21.88,0,0
2214.04,21.88,0,0
2214.17,21.88,0,0
2214.29,21.88,0,0
2214.41,21.88,0,0
2214.53,21.88,0,0
2214.66,21.88,0,0
2214.78,21.88,0,0
2214.9,21.88,0,0
2215.02,21.88,0,0
2215.14,21.88,0,0
2215.27,21.88,0,0
2215.39,21.88,0,0
2215.51,21.88,0,0
2215.63,21.88,0,0
2215.75,21.88,0,0
2215.88,21.88,0,0
2216.0,21.88,0,0
2216.12,21.88,0,0
2216.24,21.88,0,0
2216.37,21.88,0,0
2216.49,21.88,0,0
2216.61,21.88,0,0
2216.73,21.88,0,0
2216.85,21.88,0,0
2216.98,21.88,0,0
2217.1,21.88,0,0
2217.22,21.88,0,0
2217.34,21.88,0,0
2217.47,21.88,0,0
2217.59,21.88,0,0
2217.71,21.88,0,0
2217.83,21.88,0,0
2217.95,21.88,0,0
2218.08,21.88,0,0
2218.2,21.88,0,0
2218.32,21.88,0,0
2218.44,21.88,0,0
2218.57,21.88,0,0
2218.69,21.88,0,0
2218.81,21.89,0,0
2218.93,21.88,0,0
2219.05,21.88,0,0
2219.18,21.88,0,0
2219.3,21.88,0,0
2219.42,21.88,0,0
2219.54,21.88,0,0
2219.67,21.88,0,0
2219.79,21.88,0,0
2219.91,21.88,0,0
2220.03,21.88,0,0
2220.15,21.88,0,0
2220.28,21.88,0,0
2220.4,21.88,0,0
2220.52,21.88,0,0
2220.64,21.88,0,0
2220.77,21.88,0,0
2220.89,21.88,0,0
2221.01,21.88,0,0
2221.13,21.88,0,0
2221.25,21.88,0,0
2221.38,21.88,0,0
2221.5,21.88,0,0
2221.62,21.88,0,0
2221.74,21.88,0,0
2221.86,21.88,0,0
2221.99,21.88,0,0
2222.11,21.88,0,0
2222.23,21.89,0,0
2222.35,21.88,0,0
2222.48,21.88,0,0
2222.6,21.88,0,0
2222.72,21.89,0,0
2222.84,21.88,0,0
2222.96,21.88,0,0
2223.09,21.88,0,0
2223.21,21.88,0,0
2223.33,21.88,0,0
2223.45,21.89,0,0
2223.58,21.88,0,0
2223.7,21.88,0,0
2223.82,21.88,0,0
2223.94,21.88,0,0
2224.07,21.88,0,0
2224.19,21.89,0,0
2224.31,21.89,0,0
2224.43,21.88,0,0
2224.55,21.88,0,0
2224.68,21.89,0,0
2224.8,21.89,0,0
2224.92,21.88,0,0
2225.04,21.88,0,0
2225.17,21.88,0,0
2225.29,21.88,0,0
2225.41,21.88,0,0
2225.53,21.88,0,0
2225.65,21.89,0,0
2225.78,21.89,0,0
2225.9,21.88,0,0
2226.02,21.89,0,0
2226.14,21.88,0,0
2226.27,21.88,0,0
2226.39,21.89,0,0
2226.51,21.88,0,0
2226.63,21.89,0,0
2226.75,21.89,0,0
2226.88,21.89,0,0
2227.0,21.88,0,0
2227.12,21.89,0,0
2227.24,21.88,0,0
2227.36,21.88,0,0
2227.49,21.89,0,0
2227.61,21.89,0,0
2227.73,21.88,0,0
2227.85,21.88,0,0
2227.98,21.89,0,0
2228.1,21.88,0,0
2228.22,21.89,0,0
2228.34,21.89,0,0
2228.46,21.89,0,0
2228.59,21.89,0,0
2228.71,21.89,0,0
2228.83,21.89,0,0
2228.95,21.89,0,0
2229.08,21.88,0,0
2229.2,21.88,0,0
2229.32,21.89,0,0
2229.44,21.88,0,0
2229.56,21.89,0,0
2229.69,21.88,0,0
2229.81,21.88,0,0
2229.93,21.89,0,0
2230.05,21.88,0,0
2230.18,21.88,0,0
2230.3,21.89,0,0
2230.42,21.88,0,0
2230.54,21.89,0,0
2230.66,21.89,0,0
2230.79,21.89,0,0
2230.91,21.88,0,0
2231.03,21.89,0,0
2231.15,21.89,0,0
2231.28,21.89,0,0
2231.4,21.88,0,0
2231.52,21.88,0,0
2231.64,21.89,0,0
2231.76,21.88,0,0
2231.89,21.89,0,0
2232.01,21.89,0,0
2232.13,21.88,0,0
2232.25,21.89,0,0
2232.38,21.89,0,0
2232.5,21.89,0,0
2232.62,21.89,0,0
2232.74,21.89,0,0
2232.86,21.89,0,0
2232.99,21.89,0,0
2233.11,21.89,0,0
2233.23,21.89,0,0
2233.35,21.89,0,0
2233.48,21.89,0,0
2233.6,21.89,0,0
2233.72,21.89,0,0
2233.84,21.89,0,0
2233.96,21.89,0,0
2234.09,21.89,0,0
2234.21,21.89,0,0
2234.33,21.89,0,0
2234.45,21.89,0,0
2234.58,21.89,0,0
2234.7,21.89,0,0
2234.82,21.89,0,0
2234.94,21.89,0,0
2235.06,21.89,0,0
2235.19,21.89,0,0
2235.31,21.89,0,0
2235.43,21.89,0,0
2235.55,21.89,0,0
2235.68,21.89,0,0
2235.8,21.89,0,0
2235.92,21.89,0,0
2236.04,21.89,0,0
2236.16,21.89,0,0
2236.29,21.89,0,0
2236.41,21.89,0,0
2236.53,21.89,0,0
2236.65,21.89,0,0
2236.78,21.89,0,0
2236.9,21.89,0,0
2237.02,21.89,0,0
2237.14,21.89,0,0
2237.26,21.89,0,0
2237.39,21.89,0,0
2237.51,21.89,0,0
2237.63,21.89,0,0
2237.75,21.89,0,0
2237.88,21.89,0,0
2238.0,21.89,0,0
2238.12,21.89,0,0
2238.24,21.89,0,0
2238.36,21.89,0,0
2238.49,21.89,0,0
2238.61,21.89,0,0
2238.73,21.89,0,0
2238.85,21.89,0,0
2238.98,21.89,0,0
2239.1,21.89,0,0
2239.22,21.89,0,0
2239.34,21.89,0,0
2239.46,21.89,0,0
2239.59,21.89,0,0
2239.71,21.89,0,0
2239.83,21.89,0,0
2239.95,21.89,0,0
2240.07,21.89,0,0
2240.2,21.89,0,0
2240.32,21.89,0,0
2240.44,21.89,0,0
2240.56,21.89,0,0
2240.69,21.89,0,0
2240.81,21.89,0,0
2240.93,21.89,0,0
2241.05,21.89,0,0
2241.17,21.89,0,0
2241.3,21.89,0,0
2241.42,21.89,0,0
2241.54,21.89,0,0
2241.66,21.89,0,0
2241.79,21.89,0,0
2241.91,21.89,0,0
2242.03,21.89,0,0
2242.15,21.89,0,0
2242.28,21.89,0,0
2242.4,21.89,0,0
2242.52,21.89,0,0
2242.64,21.89,0,0
2242.76,21.89,0,0
2242.89,21.89,0,0
2243.01,21.89,0,0
2243.13,21.89,0,0
2243.25,21.89,0,0
2243.38,21.89,0,0
2243.5,21.89,0,0
2243.62,21.89,0,0
2243.74,21.89,0,0
2243.86,21.89,0,0
2243.99,21.89,0,0
2244.11,21.89,0,0
2244.23,21.89,0,0
2244.35,21.89,0,0
2244.47,21.89,0,0
2244.6,21.89,0,0
2244.72,21.89,0,0
2244.84,21.89,0,0
2244.96,21.89,0,0
2245.09,21.89,0,0
2245.21,21.89,0,0
2245.33,21.89,0,0
2245.45,21.89,0,0
2245.57,21.89,0,0
2245.7,21.89,0,0
2245.82,21.89,0,0
2245.94,21.89,0,0
2246.06,21.89,0,0
2246.19,21.89,0,0
2246.31,21.89,0,0
2246.43,21.89,0,0
2246.55,21.89,0,0
2246.67,21.89,0,0
2246.8,21.89,0,0
2246.92,21.89,0,0
2247.04,21.89,0,0
2247.16,21.89,0,0
2247.29,21.89,0,0
2247.41,21.89,0,0
2247.53,21.89,0,0
2247.65,21.89,0,0
2247.77,21.89,0,0
2247.9,21.89,0,0
2248.02,21.89,0,0
2248.14,21.89,0,0
2248.26,21.89,0,0
2248.39,21.89,0,0
2248.51,21.89,0,0
2248.63,21.89,0,0
2248.75,21.89,0,0
2248.87,21.89,0,0
2249.0,21.89,0,0
2249.12,21.89,0,0
2249.24,21.89,0,0
2249.36,21.89,0,0
2249.49,21.89,0,0
2249.61,21.89,0,0
2249.73,21.89,0,0
2249.85,21.89,0,0
2249.97,21.89,0,0
2250.1,21.89,0,0
2250.22,21.89,0,0
2250.34,21.89,0,0
2250.46,21.89,0,0
2250.59,21.89,0,0
2250.71,21.89,0,0
2250.83,21.89,0,0
2250.95,21.89,0,0
2251.07,21.89,0,0
2251.2,21.89,0,0
2251.32,21.89,0,0
2251.44,21.89,0,0
2251.56,21.89,0,0
2251.68,21.89,0,0
2251.81,21.89,0,0
2251.93,21.89,0,0
2252.05,21.89,0,0
2252.17,21.89,0,0
2252.3,21.89,0,0
2252.42,21.89,0,0
2252.54,21.89,0,0
2252.66,21.89,0,0
2252.78,21.89,0,0
2252.91,21.89,0,0
2253.03,21.89,0,0
2253.15,21.89,0,0
2253.27,21.89,0,0
2253.4,21.89,0,0
2253.52,21.89,0,0
2253.64,21.89,0,0
2253.76,21.89,0,0
2253.88,21.89,0,0
2254.01,21.89,0,0
2254.13,21.89,0,0
2254.25,21.89,0,0
2254.37,21.89,0,0
2254.5,21.89,0,0
2254.62,21.89,0,0
2254.74,21.89,0,0
2254.86,21.89,0,0
2254.99,21.89,0,0
2255.11,21.89,0,0
2255.23,21.89,0,0
2255.35,21.89,0,0
2255.47,21.89,0,0
2255.6,21.89,0,0
2255.72,21.89,0,0
2255.84,21.89,0,0
2255.96,21.89,0,0
2256.09,21.89,0,0
2256.21,21.89,0,0
2256.33,21.89,0,0
2256.45,21.89,0,0
2256.57,21.89,0,0
2256.7,21.89,0,0
2256.82,21.89,0,0
2256.94,21.89,0,0
2257.06,21.89,0,0
2257.18,21.89,0,0
2257.31,21.89,0,0
2257.43,21.89,0,0
2257.55,21.89,0,0
2257.67,21.89,0,0
2257.8,21.89,0,0
2257.92,21.89,0,0
2258.04,21.89,0,0
2258.16,21.89,0,0
2258.28,21.89,0,0
2258.41,21.89,0,0
2258.53,21.89,0,0
2258.65,21.89,0,0
2258.77,21.89,0,0
2258.9,21.89,0,0
2259.02,21.89,0,0
2259.14,21.89,0,0
2259.26,21.89,0,0
2259.38,21.89,0,0
2259.51,21.89,0,0
2259.63,21.89,0,0
2259.75,21.89,0,0
2259.87,21.89,0,0
2260.0,21.89,0,0
2260.12,21.89,0,0
2260.24,21.89,0,0
2260.36,21.89,0,0
2260.48,21.89,0,0
2260.61,21.89,0,0
2260.73,21.89,0,0
2260.85,21.89,0,0
2260.97,21.89,0,0
2261.1,21.89,0,0
2261.22,21.89,0,0
2261.34,21.89,0,0
2261.46,21.89,0,0
2261.58,21.89,0,0
2261.71,21.89,0,0
2261.83,21.89,0,0
2261.95,21.89,0,0
2262.07,21.89,0,0
2262.2,21.89,0,0
2262.32,21.89,0,0
2262.44,21.89,0,0
2262.56,21.89,0,0
2262.68,21.89,0,0
2262.81,21.89,0,0
2262.93,21.89,0,0
2263.05,21.89,0,0
2263.17,21.89,0,0
2263.3,21.89,0,0
2263.42,21.89,0,0
2263.54,21.89,0,0
2263.66,21.89,0,0
2263.78,21.89,0,0
2263.91,21.89,0,0
2264.03,21.89,0,0
2264.15,21.89,0,0
2264.27,21.89,0,0
2264.39,21.89,0,0
2264.52,21.89,0,0
2264.64,21.89,0,0
2264.76,21.89,0,0
2264.88,21.89,0,0
2265.01,21.89,0,0
2265.13,21.89,0,0
2265.25,21.89,0,0
2265.37,21.89,0,0
2265.5,21.89,0,0
2265.62,21.89,0,0
2265.74,21.89,0,0
2265.86,21.89,0,0
2265.98,21.89,0,0
2266.11,21.89,0,0
2266.23,21.89,0,0
2266.35,21.89,0,0
2266.47,21.89,0,0
2266.6,21.89,0,0
2266.72,21.89,0,0
2266.84,21.89,0,0
2266.96,21.89,0,0
2267.08,21.89,0,0
2267.21,21.89,0,0
2267.33,21.89,0,0
2267.45,21.89,0,0
2267.57,21.89,0,0
2267.7,21.89,0,0
2267.82,21.89,0,0
2267.94,21.89,0,0
2268.06,21.89,0,0
2268.18,21.89,0,0
2268.31,21.89,0,0
2268.43,21.89,0,0
2268.55,21.89,0,0
2268.67,21.89,0,0
2268.79,21.89,0,0
2268.92,21.89,0,0
2269.04,21.89,0,0
2269.16,21.89,0,0
2269.28,21.89,0,0
2269.41,21.89,0,0
2269.53,21.89,0,0
2269.65,21.89,0,0
2269.77,21.89,0,0
2269.89,21.89,0,0
2270.02,21.89,0,0
2270.14,21.89,0,0
2270.26,21.89,0,0
2270.38,21.89,0,0
2270.51,21.89,0,0
2270.63,21.89,0,0
2270.75,21.89,0,0
2270.87,21.89,0,0
2271.0,21.89,0,0
2271.12,21.89,0,0
2271.24,21.89,0,0
2271.36,21.89,0,0
2271.48,21.89,0,0
2271.61,21.89,0,0
2271.73,21.89,0,0
2271.85,21.89,0,0
2271.97,21.89,0,0
2272.09,21.89,0,0
2272.22,21.89,0,0
2272.34,21.89,0,0
2272.46,21.89,0,0
2272.58,21.89,0,0
2272.71,21.89,0,0
2272.83,21.89,0,0
2272.95,21.89,0,0
2273.07,21.89,0,0
2273.19,21.89,0,0
2273.32,21.89,0,0
2273.44,21.89,0,0
2273.56,21.89,0,0
2273.68,21.89,0,0
2273.81,21.89,0,0
2273.93,21.89,0,0
2274.05,21.89,0,0
2274.17,21.89,0,0
2274.29,21.89,0,0
2274.42,21.89,0,0
2274.54,21.89,0,0
2274.66,21.89,0,0
2274.78,21.89,0,0
2274.91,21.89,0,0
2275.03,21.89,0,0
2275.15,21.89,0,0
2275.27,21.89,0,0
2275.39,21.89,0,0
2275.52,21.89,0,0
2275.64,21.89,0,0
2275.76,21.89,0,0
2275.88,21.89,0,0
2276.0,21.89,0,0
2276.13,21.89,0,0
2276.25,21.89,0,0
2276.37,21.89,0,0
2276.5,21.89,0,0
2276.62,21.89,0,0
2276.74,21.89,0,0
2276.86,21.89,0,0
2276.98,21.89,0,0
2277.1,21.89,0,0
2277.23,21.89,0,0
2277.35,21.89,0,0
2277.47,21.89,0,0
2277.59,21.89,0,0
2277.72,21.89,0,0
2277.84,21.89,0,0
2277.96,21.89,0,0
2278.08,21.89,0,0
2278.2,21.89,0,0
2278.33,21.89,0,0
2278.45,21.89,0,0
2278.57,21.89,0,0
2278.69,21.89,0,0
2278.82,21.89,0,0
2278.94,21.89,0,0
2279.06,21.89,0,0
2279.18,21.89,0,0
2279.31,21.89,0,0
2279.43,21.89,0,0
2279.55,21.89,0,0
2279.67,21.89,0,0
2279.79,21.89,0,0
2279.92,21.89,0,0
2280.04,21.89,0,0
2280.16,21.89,0,0
2280.28,21.89,0,0
2280.41,21.89,0,0
2280.53,21.89,0,0
2280.65,21.89,0,0
2280.77,21.89,0,0
2280.89,21.89,0,0
2281.02,21.89,0,0
2281.14,21.89,0,0
2281.26,21.89,0,0
2281.38,21.89,0,0
2281.5,21.89,0,0
2281.63,21.89,0,0
2281.75,21.89,0,0
2281.87,21.89,0,0
2281.99,21.89,0,0
2282.12,21.89,0,0
2282.24,21.89,0,0
2282.36,21.9,0,0
2282.48,21.9,0,0
2282.6,21.9,0,0
2282.73,21.89,0,0
2282.85,21.9,0,0
2282.97,21.9,0,0
2283.09,21.89,0,0
2283.22,21.89,0,0
2283.34,21.89,0,0
2283.46,21.89,0,0
2283.58,21.89,0,0
2283.7,21.89,0,0
2283.83,21.9,0,0
2283.95,21.89,0,0
2284.07,21.89,0,0
2284.19,21.89,0,0
2284.32,21.89,0,0
2284.44,21.89,0,0
2284.56,21.89,0,0
2284.68,21.9,0,0
2284.8,21.89,0,0
2284.93,21.89,0,0
2285.05,21.89,0,0
2285.17,21.89,0,0
2285.29,21.89,0,0
2285.42,21.89,0,0
2285.54,21.89,0,0
2285.66,21.89,0,0
2285.78,21.89,0,0
2285.9,21.89,0,0
2286.03,21.89,0,0
2286.15,21.89,0,0
2286.27,21.89,0,0
2286.39,21.89,0,0
2286.52,21.89,0,0
2286.64,21.89,0,0
2286.76,21.89,0,0
2286.88,21.9,0,0
2287.0,21.9,0,0
2287.13,21.9,0,0
2287.25,21.9,0,0
2287.37,21.9,0,0
2287.49,21.9,0,0
2287.62,21.9,0,0
2287.74,21.9,0,0
2287.86,21.9,0,0
2287.98,21.9,0,0
2288.1,21.9,0,0
2288.23,21.9,0,0
2288.35,21.9,0,0
2288.47,21.9,0,0
2288.59,21.9,0,0
2288.71,21.9,0,0
2288.84,21.9,0,0
2288.96,21.9,0,0
2289.08,21.9,0,0
2289.2,21.9,0,0
2289.33,21.9,0,0
2289.45,21.9,0,0
2289.57,21.9,0,0
2289.69,21.9,0,0
2289.81,21.9,0,0
2289.94,21.9,0,0
2290.06,21.9,0,0
2290.18,21.9,0,0
2290.3,21.9,0,0
2290.43,21.9,0,0
2290.55,21.9,0,0
2290.67,21.9,0,0
2290.79,21.9,0,0
2290.91,21.9,0,0
2291.04,21.9,0,0
2291.16,21.9,0,0
2291.28,21.9,0,0
2291.4,21.9,0,0
2291.53,21.9,0,0
2291.65,21.9,0,0
2291.77,21.9,0,0
2291.89,21.89,0,0
2292.01,21.9,0,0
2292.14,21.89,0,0
2292.26,21.9,0,0
2292.38,21.9,0,0
2292.5,21.9,0,0
2292.63,21.9,0,0
2292.75,21.9,0,0
2292.87,21.9,0,0
2292.99,21.9,0,0
2293.11,21.9,0,0
2293.24,21.9,0,0
2293.36,21.9,0,0
2293.48,21.9,0,0
2293.6,21.9,0,0
2293.73,21.9,0,0
2293.85,21.9,0,0
2293.97,21.9,0,0
2294.09,21.9,0,0
2294.21,21.9,0,0
2294.34,21.9,0,0
2294.46,21.9,0,0
2294.58,21.9,0,0
2294.7,21.9,0,0
2294.82,21.9,0,0
2294.95,21.9,0,0
2295.07,21.9,0,0
2295.19,21.9,0,0
2295.31,21.9,0,0
2295.44,21.9,0,0
2295.56,21.9,0,0
2295.68,21.9,0,0
2295.8,21.9,0,0
2295.92,21.9,0,0
2296.05,21.9,0,0
2296.17,21.9,0,0
2296.29,21.9,0,0
2296.41,21.9,0,0
2296.54,21.9,0,0
2296.66,21.9,0,0
2296.78,21.9,0,0
2296.9,21.9,0,0
2297.02,21.9,0,0
2297.15,21.9,0,0
2297.27,21.9,0,0
2297.39,21.9,0,0
2297.51,21.9,0,0
2297.64,21.9,0,0
2297.76,21.9,0,0
2297.88,21.9,0,0
2298.0,21.9,0,0
2298.12,21.9,0,0
2298.25,21.9,0,0
2298.37,21.9,0,0
2298.49,21.9,0,0
2298.61,21.9,0,0
2298.74,21.9,0,0
2298.86,21.9,0,0
2298.98,21.9,0,0
2299.1,21.9,0,0
2299.22,21.9,0,0
2299.35,21.9,0,0
2299.47,21.9,0,0
2299.59,21.9,0,0
2299.71,21.9,0,0
2299.84,21.9,0,0
2299.96,21.9,0,0
2300.08,21.9,0,0
2300.2,21.9,0,0
2300.32,21.9,0,0
2300.45,21.9,0,0
2300.57,21.9,0,0
2300.69,21.9,0,0
2300.81,21.9,0,0
2300.94,21.9,0,0
2301.06,21.9,0,0
2301.18,21.9,0,0
2301.3,21.9,0,0
2301.42,21.9,0,0
2301.55,21.9,0,0
2301.67,21.9,0,0
2301.79,21.9,0,0
2301.91,21.9,0,0
2302.03,21.9,0,0
2302.16,21.9,0,0
2302.28,21.9,0,0
2302.4,21.9,0,0
2302.52,21.9,0,0
2302.65,21.9,0,0
2302.77,21.9,0,0
2302.89,21.9,0,0
2303.01,21.9,0,0
2303.13,21.9,0,0
2303.26,21.9,0,0
2303.38,21.9,0,0
2303.5,21.9,0,0
2303.62,21.9,0,0
2303.75,21.9,0,0
2303.87,21.9,0,0
2303.99,21.9,0,0
2304.11,21.9,0,0
2304.23,21.9,0,0
2304.36,21.9,0,0
2304.48,21.9,0,0
2304.6,21.9,0,0
2304.72,21.9,0,0
2304.84,21.9,0,0
2304.97,21.9,0,0
2305.09,21.9,0,0
2305.21,21.9,0,0
2305.33,21.9,0,0
2305.46,21.9,0,0
2305.58,21.9,0,0
2305.7,21.9,0,0
2305.82,21.9,0,0
2305.94,21.9,0,0
2306.07,21.9,0,0
2306.19,21.9,0,0
2306.31,21.9,0,0
2306.43,21.9,0,0
2306.56,21.9,0,0
2306.68,21.9,0,0
2306.8,21.9,0,0
2306.92,21.9,0,0
2307.04,21.9,0,0
2307.17,21.9,0,0
2307.29,21.9,0,0
2307.41,21.9,0,0
2307.53,21.9,0,0
2307.66,21.9,0,0
2307.78,21.9,0,0
2307.9,21.9,0,0
2308.02,21.9,0,0
2308.14,21.9,0,0
2308.27,21.9,0,0
2308.39,21.9,0,0
2308.51,21.9,0,0
2308.63,21.9,0,0
2308.76,21.9,0,0
2308.88,21.9,0,0
2309.0,21.9,0,0
2309.12,21.9,0,0
2309.24,21.9,0,0
2309.37,21.9,0,0
2309.49,21.9,0,0
2309.61,21.9,0,0
2309.73,21.9,0,0
2309.86,21.9,0,0
2309.98,21.9,0,0
2310.1,21.9,0,0
2310.22,21.9,0,0
2310.34,21.9,0,0
2310.47,21.91,0,0
2310.59,21.9,0,0
2310.71,21.9,0,0
2310.83,21.9,0,0
2310.96,21.9,0,0
2311.08,21.9,0,0
2311.2,21.9,0,0
2311.32,21.9,0,0
2311.44,21.91,0,0
2311.57,21.9,0,0
2311.69,21.9,0,0
2311.81,21.9,0,0
2311.93,21.9,0,0
2312.05,21.9,0,0
2312.18,21.9,0,0
2312.3,21.9,0,0
2312.42,21.9,0,0
2312.54,21.9,0,0
2312.67,21.9,0,0
2312.79,21.9,0,0
2312.91,21.9,0,0
2313.03,21.9,0,0
2313.15,21.91,0,0
2313.28,21.9,0,0
2313.4,21.9,0,0
2313.52,21.91,0,0
2313.64,21.9,0,0
2313.77,21.9,0,0
2313.89,21.9,0,0
2314.01,21.9,0,0
2314.13,21.9,0,0
2314.25,21.9,0,0
2314.38,21.9,0,0
2314.5,21.9,0,0
2314.62,21.9,0,0
2314.74,21.9,0,0
2314.87,21.9,0,0
2314.99,21.9,0,0
2315.11,21.9,0,0
2315.23,21.9,0,0
2315.35,21.9,0,0
2315.48,21.9,0,0
2315.6,21.9,0,0
2315.72,21.91,0,0
2315.84,21.9,0,0
2315.97,21.9,0,0
2316.09,21.91,0,0
2316.21,21.9,0,0
2316.33,21.91,0,0
2316.45,21.9,0,0
2316.58,21.9,0,0
2316.7,21.91,0,0
2316.82,21.9,0,0
2316.94,21.9,0,0
2317.07,21.91,0,0
2317.19,21.91,0,0
2317.31,21.91,0,0
2317.43,21.91,0,0
2317.55,21.91,0,0
2317.68,21.9,0,0
2317.8,21.91,0,0
2317.92,21.91,0,0
2318.04,21.91,0,0
2318.17,21.91,0,0
2318.29,21.9,0,0
2318.41,21.9,0,0
2318.53,21.91,0,0
2318.65,21.9,0,0
2318.78,21.91,0,0
2318.9,21.91,0,0
2319.02,21.9,0,0
2319.14,21.9,0,0
2319.26,21.91,0,0
2319.39,21.91,0,0
2319.51,21.91,0,0
2319.63,21.91,0,0
2319.75,21.91,0,0
2319.88,21.9,0,0
2320.0,21.91,0,0
2320.12,21.9,0,0
2320.24,21.9,0,0
2320.36,21.91,0,0
2320.49,21.9,0,0
2320.61,21.91,0,0
2320.73,21.9,0,0
2320.85,21.9,0,0
2320.98,21.9,0,0
2321.1,21.9,0,0
2321.22,21.91,0,0
2321.34,21.91,0,0
2321.46,21.9,0,0
2321.59,21.9,0,0
2321.71,21.91,0,0
2321.83,21.91,0,0
2321.95,21.91,0,0
2322.08,21.9,0,0
2322.2,21.9,0,0
2322.32,21.91,0,0
2322.44,21.9,0,0
2322.56,21.9,0,0
2322.69,21.91,0,0
2322.81,21.91,0,0
2322.93,21.91,0,0
2323.05,21.91,0,0
2323.18,21.9,0,0
2323.3,21.91,0,0
2323.42,21.91,0,0
2323.54,21.91,0,0
2323.66,21.91,0,0
2323.79,21.91,0,0
2323.91,21.91,0,0
2324.03,21.91,0,0
2324.15,21.91,0,0
2324.28,21.91,0,0
2324.4,21.91,0,0
2324.52,21.9,0,0
2324.64,21.91,0,0
2324.76,21.91,0,0
2324.89,21.91,0,0
2325.01,21.91,0,0
2325.13,21.9,0,0
2325.25,21.91,0,0
2325.38,21.91,0,0
2325.5,21.91,0,0
2325.62,21.91,0,0
2325.74,21.91,0,0
2325.86,21.91,0,0
2325.99,21.91,0,0
2326.11,21.91,0,0
2326.23,21.91,0,0
2326.35,21.91,0,0
2326.48,21.91,0,0
2326.6,21.91,0,0
2326.72,21.91,0,0
2326.84,21.91,0,0
2326.96,21.91,0,0
2327.09,21.91,0,0
2327.21,21.91,0,0
2327.33,21.91,0,0
2327.45,21.91,0,0
2327.58,21.91,0,0
2327.7,21.91,0,0
2327.82,21.91,0,0
2327.94,21.91,0,0
2328.06,21.91,0,0
2328.19,21.91,0,0
2328.31,21.91,0,0
2328.43,21.91,0,0
2328.55,21.91,0,0
2328.68,21.91,0,0
2328.8,21.91,0,0
2328.92,21.91,0,0
2329.04,21.91,0,0
2329.16,21.91,0,0
2329.29,21.91,0,0
2329.41,21.91,0,0
2329.53,21.91,0,0
2329.65,21.91,0,0
2329.78,21.91,0,0
2329.9,21.91,0,0
2330.02,21.91,0,0
2330.14,21.91,0,0
2330.26,21.91,0,0
2330.39,21.91,0,0
2330.51,21.91,0,0
2330.63,21.91,0,0
2330.75,21.91,0,0
2330.87,21.91,0,0
2331.0,21.91,0,0
2331.12,21.91,0,0
2331.24,21.91,0,0
2331.36,21.91,0,0
2331.49,21.91,0,0
2331.61,21.91,0,0
2331.73,21.91,0,0
2331.85,21.91,0,0
2331.98,21.91,0,0
2332.1,21.91,0,0
2332.22,21.91,0,0
2332.34,21.91,0,0
2332.46,21.91,0,0
2332.59,21.91,0,0
2332.71,21.91,0,0
2332.83,21.91,0,0
2332.95,21.91,0,0
2333.08,21.91,0,0
2333.2,21.9,0,0
2333.32,21.9,0,0
2333.44,21.9,0,0
2333.56,21.9,0,0
2333.69,21.9,0,0
2333.81,21.9,0,0
2333.93,21.9,0,0
2334.05,21.9,0,0
2334.18,21.9,0,0
2334.3,21.9,0,0
2334.42,21.9,0,0
2334.54,21.9,0,0
2334.66,21.9,0,0
2334.79,21.9,0,0
2334.91,21.9,0,0
2335.03,21.9,0,0
2335.15,21.9,0,0
2335.28,21.9,0,0
2335.4,21.9,0,0
2335.52,21.9,0,0
2335.64,21.9,0,0
2335.76,21.9,0,0
2335.89,21.9,0,0
2336.01,21.9,0,0
2336.13,21.9,0,0
2336.25,21.9,0,0
2336.37,21.9,0,0
2336.5,21.9,0,0
2336.62,21.9,0,0
2336.74,21.9,0,0
2336.86,21.9,0,0
2336.99,21.9,0,0
2337.11,21.9,0,0
2337.23,21.9,0,0
2337.35,21.9,0,0
2337.47,21.9,0,0
2337.6,21.9,0,0
2337.72,21.9,0,0
2337.84,21.9,0,0
2337.96,21.9,0,0
2338.08,21.9,0,0
2338.21,21.9,0,0
2338.33,21.9,0,0
2338.45,21.9,0,0
2338.57,21.9,0,0
2338.7,21.9,0,0
2338.82,21.9,0,0
2338.94,21.9,0,0
2339.06,21.9,0,0
2339.18,21.9,0,0
2339.31,21.9,0,0
2339.43,21.9,0,0
2339.55,21.9,0,0
2339.67,21.9,0,0
2339.8,21.9,0,0
2339.92,21.9,0,0
2340.04,21.9,0,0
2340.16,21.9,0,0
2340.28,21.9,0,0
2340.41,21.9,0,0
2340.53,21.9,0,0
2340.65,21.9,0,0
2340.77,21.9,0,0
2340.9,21.9,0,0
2341.02,21.9,0,0
2341.14,21.9,0,0
2341.26,21.9,0,0
2341.38,21.9,0,0
2341.51,21.9,0,0
2341.63,21.9,0,0
2341.75,21.9,0,0
2341.87,21.9,0,0
2342.0,21.9,0,0
2342.12,21.9,0,0
2342.24,21.9,0,0
2342.36,21.9,0,0
2342.48,21.9,0,0
2342.61,21.9,0,0
2342.73,21.9,0,0
2342.85,21.9,0,0
2342.97,21.9,0,0
2343.1,21.9,0,0
2343.22,21.9,0,0
2343.34,21.9,0,0
2343.46,21.9,0,0
2343.58,21.9,0,0
2343.71,21.9,0,0
2343.83,21.9,0,0
2343.95,21.9,0,0
2344.07,21.9,0,0
2344.2,21.9,0,0
2344.32,21.91,0,0
2344.44,21.9,0,0
2344.56,21.9,0,0
2344.68,21.9,0,0
2344.81,21.9,0,0
2344.93,21.9,0,0
2345.05,21.9,0,0
2345.17,21.91,0,0
2345.29,21.9,0,0
2345.42,21.9,0,0
2345.54,21.9,0,0
2345.66,21.9,0,0
2345.78,21.9,0,0
2345.91,21.9,0,0
2346.03,21.9,0,0
2346.15,21.9,0,0
2346.27,21.9,0,0
2346.39,21.9,0,0
2346.52,21.9,0,0
2346.64,21.9,0,0
2346.76,21.9,0,0
2346.88,21.9,0,0
2347.01,21.9,0,0
2347.13,21.9,0,0
2347.25,21.9,0,0
2347.37,21.9,0,0
2347.5,21.91,0,0
2347.62,21.9,0,0
2347.74,21.9,0,0
2347.86,21.9,0,0
2347.98,21.9,0,0
2348.11,21.91,0,0
2348.23,21.9,0,0
2348.35,21.91,0,0
2348.47,21.91,0,0
2348.59,21.9,0,0
2348.72,21.9,0,0
2348.84,21.9,0,0
2348.96,21.9,0,0
2349.08,21.9,0,0
2349.21,21.9,0,0
2349.33,21.91,0,0
2349.45,21.9,0,0
2349.57,21.9,0,0
2349.69,21.9,0,0
2349.82,21.9,0,0
2349.94,21.9,0,0
2350.06,21.9,0,0
2350.18,21.9,0,0
2350.31,21.9,0,0
2350.43,21.9,0,0
2350.55,21.9,0,0
2350.67,21.9,0,0
2350.79,21.91,0,0
2350.92,21.9,0,0
2351.04,21.9,0,0
2351.16,21.91,0,0
2351.28,21.9,0,0
2351.41,21.9,0,0
2351.53,21.91,0,0
2351.65,21.91,0,0
2351.77,21.9,0,0
2351.89,21.9,0,0
2352.02,21.9,0,0
2352.14,21.9,0,0
2352.26,21.9,0,0
2352.38,21.91,0,0
2352.5,21.91,0,0
2352.63,21.9,0,0
2352.75,21.91,0,0
2352.87,21.9,0,0
2352.99,21.9,0,0
2353.12,21.9,0,0
2353.24,21.91,0,0
2353.36,21.9,0,0
2353.48,21.9,0,0
2353.6,21.91,0,0
2353.73,21.9,0,0
2353.85,21.9,0,0
2353.97,21.9,0,0
2354.09,21.9,0,0
2354.21,21.9,0,0
2354.34,21.9,0,0
2354.46,21.9,0,0
2354.58,21.9,0,0
2354.7,21.9,0,0
2354.83,21.9,0,0
2354.95,21.9,0,0
2355.07,21.9,0,0
2355.19,21.9,0,0
2355.31,21.9,0,0
2355.44,21.91,0,0
2355.56,21.91,0,0
2355.68,21.9,0,0
2355.8,21.9,0,0
2355.93,21.91,0,0
2356.05,21.9,0,0
2356.17,21.9,0,0
2356.29,21.91,0,0
2356.42,21.91,0,0
2356.54,21.91,0,0
2356.66,21.91,0,0
2356.78,21.91,0,0
2356.9,21.91,0,0
2357.03,21.91,0,0
2357.15,21.91,0,0
2357.27,21.91,0,0
2357.39,21.91,0,0
2357.52,21.9,0,0
2357.64,21.91,0,0
2357.76,21.91,0,0
2357.88,21.91,0,0
2358.0,21.91,0,0
2358.13,21.91,0,0
2358.25,21.91,0,0
2358.37,21.91,0,0
2358.49,21.91,0,0
2358.62,21.91,0,0
2358.74,21.91,0,0
2358.86,21.9,0,0
2358.98,21.91,0,0
2359.1,21.91,0,0
2359.23,21.9,0,0
2359.35,21.91,0,0
2359.47,21.91,0,0
2359.59,21.91,0,0
2359.71,21.91,0,0
2359.84,21.91,0,0
2359.96,21.91,0,0
2360.08,21.91,0,0
2360.2,21.9,0,0
2360.33,21.91,0,0
2360.45,21.91,0,0
2360.57,21.91,0,0
2360.69,21.91,0,0
2360.81,21.91,0,0
2360.94,21.91,0,0
2361.06,21.91,0,0
2361.18,21.91,0,0
2361.3,21.91,0,0
2361.43,21.91,0,0
2361.55,21.91,0,0
2361.67,21.91,0,0
2361.79,21.91,0,0
2361.91,21.91,0,0
2362.04,21.91,0,0
2362.16,21.91,0,0
2362.28,21.91,0,0
2362.4,21.91,0,0
2362.53,21.91,0,0
2362.65,21.91,0,0
2362.77,21.91,0,0
2362.89,21.91,0,0
2363.01,21.91,0,0
2363.14,21.91,0,0
2363.26,21.91,0,0
2363.38,21.91,0,0
2363.5,21.91,0,0
2363.63,21.91,0,0
2363.75,21.91,0,0
2363.87,21.91,0,0
2363.99,21.91,0,0
2364.11,21.91,0,0
2364.24,21.91,0,0
2364.36,21.91,0,0
2364.48,21.91,0,0
2364.6,21.91,0,0
2364.73,21.91,0,0
2364.85,21.91,0,0
2364.97,21.91,0,0
2365.09,21.91,0,0
2365.21,21.91,0,0
2365.34,21.91,0,0
2365.46,21.91,0,0
2365.58,21.91,0,0
2365.7,21.91,0,0
2365.83,21.91,0,0
2365.95,21.91,0,0
2366.07,21.91,0,0
2366.19,21.91,0,0
2366.31,21.91,0,0
2366.44,21.91,0,0
2366.56,21.91,0,0
2366.68,21.91,0,0
2366.8,21.91,0,0
2366.93,21.91,0,0
2367.05,21.91,0,0
2367.17,21.91,0,0
2367.29,21.91,0,0
2367.41,21.91,0,0
2367.54,21.91,0,0
2367.66,21.91,0,0
2367.78,21.91,0,0
2367.9,21.91,0,0
2368.03,21.91,0,0
2368.15,21.91,0,0
2368.27,21.91,0,0
2368.39,21.91,0,0
2368.51,21.91,0,0
2368.64,21.91,0,0
2368.76,21.91,0,0
2368.88,21.91,0,0
2369.0,21.91,0,0
2369.13,21.91,0,0
2369.25,21.91,0,0
2369.37,21.91,0,0
2369.49,21.91,0,0
2369.61,21.91,0,0
2369.74,21.91,0,0
2369.86,21.91,0,0
2369.98,21.91,0,0
2370.1,21.91,0,0
2370.23,21.91,0,0
2370.35,21.91,0,0
2370.47,21.92,0,0
2370.59,21.92,0,0
2370.71,21.92,0,0
2370.84,21.91,0,0
2370.96,21.91,0,0
2371.08,21.91,0,0
2371.2,21.91,0,0
2371.32,21.91,0,0
2371.45,21.91,0,0
2371.57,21.91,0,0
2371.69,21.91,0,0
2371.81,21.91,0,0
2371.94,21.91,0,0
2372.06,21.91,0,0
2372.18,21.91,0,0
2372.3,21.91,0,0
2372.42,21.92,0,0
2372.55,21.92,0,0
2372.67,21.92,0,0
2372.79,21.92,0,0
2372.91,21.92,0,0
2373.04,21.92,0,0
2373.16,21.92,0,0
2373.28,21.92,0,0
2373.4,21.92,0,0
2373.53,21.92,0,0
2373.65,21.92,0,0
2373.77,21.92,0,0
2373.89,21.92,0,0
2374.01,21.92,0,0
2374.14,21.92,0,0
2374.26,21.92,0,0
2374.38,21.92,0,0
2374.5,21.92,0,0
2374.63,21.92,0,0
2374.75,21.92,0,0
2374.87,21.92,0,0
2374.99,21.92,0,0
2375.11,21.92,0,0
2375.24,21.92,0,0
2375.36,21.92,0,0
2375.48,21.92,0,0
2375.6,21.92,0,0
2375.73,21.92,0,0
2375.85,21.92,0,0
2375.97,21.92,0,0
2376.09,21.92,0,0
2376.21,21.92,0,0
2376.34,21.92,0,0
2376.46,21.92,0,0
2376.58,21.92,0,0
2376.7,21.92,0,0
2376.82,21.92,0,0
2376.95,21.92,0,0
2377.07,21.92,0,0
2377.19,21.92,0,0
2377.31,21.92,0,0
2377.44,21.92,0,0
2377.56,21.92,0,0
2377.68,21.92,0,0
2377.8,21.92,0,0
2377.92,21.92,0,0
2378.05,21.92,0,0
2378.17,21.92,0,0
2378.29,21.92,0,0
2378.41,21.91,0,0
2378.54,21.92,0,0
2378.66,21.92,0,0
2378.78,21.92,0,0
2378.9,21.92,0,0
2379.02,21.92,0,0
2379.15,21.92,0,0
2379.27,21.92,0,0
2379.39,21.92,0,0
2379.51,21.92,0,0
2379.64,21.92,0,0
2379.76,21.92,0,0
2379.88,21.92,0,0
2380.0,21.92,0,0
2380.12,21.92,0,0
2380.25,21.92,0,0
2380.37,21.92,0,0
2380.49,21.92,0,0
2380.61,21.92,0,0
2380.74,21.92,0,0
2380.86,21.92,0,0
2380.98,21.92,0,0
2381.1,21.92,0,0
2381.22,21.92,0,0
2381.35,21.92,0,0
2381.47,21.92,0,0
2381.59,21.92,0,0
2381.71,21.92,0,0
2381.84,21.91,0,0
2381.96,21.91,0,0
2382.08,21.91,0,0
2382.2,21.91,0,0
2382.32,21.91,0,0
2382.45,21.91,0,0
2382.57,21.92,0,0
2382.69,21.91,0,0
2382.81,21.91,0,0
2382.94,21.91,0,0
2383.06,21.91,0,0
2383.18,21.91,0,0
2383.3,21.91,0,0
2383.42,21.91,0,0
2383.55,21.91,0,0
2383.67,21.91,0,0
2383.79,21.91,0,0
2383.91,21.91,0,0
2384.04,21.91,0,0
2384.16,21.91,0,0
2384.28,21.91,0,0
2384.4,21.91,0,0
2384.52,21.91,0,0
2384.65,21.91,0,0
2384.77,21.91,0,0
2384.89,21.91,0,0
2385.01,21.91,0,0
2385.14,21.91,0,0
2385.26,21.91,0,0
2385.38,21.91,0,0
2385.5,21.91,0,0
2385.62,21.91,0,0
2385.75,21.91,0,0
2385.87,21.91,0,0
2385.99,21.91,0,0
2386.11,21.91,0,0
2386.24,21.91,0,0
2386.36,21.91,0,0
2386.48,21.91,0,0
2386.6,21.91,0,0
2386.72,21.91,0,0
2386.85,21.91,0,0
2386.97,21.91,0,0
2387.09,21.91,0,0
2387.21,21.91,0,0
2387.34,21.91,0,0
2387.46,21.91,0,0
2387.58,21.91,0,0
2387.7,21.91,0,0
2387.82,21.91,0,0
2387.95,21.91,0,0
2388.07,21.91,0,0
2388.19,21.91,0,0
2388.31,21.91,0,0
2388.43,21.91,0,0
2388.56,21.91,0,0
2388.68,21.91,0,0
2388.8,21.91,0,0
2388.92,21.91,0,0
2389.05,21.91,0,0
2389.17,21.91,0,0
2389.29,21.91,0,0
2389.41,21.91,0,0
2389.54,21.91,0,0
2389.66,21.91,0,0
2389.78,21.91,0,0
2389.9,21.91,0,0
2390.02,21.91,0,0
2390.15,21.91,0,0
2390.27,21.91,0,0
2390.39,21.91,0,0
2390.51,21.91,0,0
2390.64,21.91,0,0
2390.76,21.91,0,0
2390.88,21.91,0,0
2391.0,21.91,0,0
2391.12,21.91,0,0
2391.25,21.91,0,0
2391.37,21.91,0,0
2391.49,21.91,0,0
2391.61,21.91,0,0
2391.74,21.91,0,0
2391.86,21.91,0,0
2391.98,21.91,0,0
2392.1,21.91,0,0
2392.22,21.91,0,0
2392.35,21.91,0,0
2392.47,21.91,0,0
2392.59,21.91,0,0
2392.71,21.91,0,0
2392.84,21.91,0,0
2392.96,21.91,0,0
2393.08,21.91,0,0
2393.2,21.91,0,0
2393.32,21.91,0,0
2393.45,21.91,0,0
2393.57,21.91,0,0
2393.69,21.91,0,0
2393.81,21.91,0,0
2393.93,21.91,0,0
2394.06,21.91,0,0
2394.18,21.91,0,0
2394.3,21.91,0,0
2394.42,21.91,0,0
2394.55,21.91,0,0
2394.67,21.91,0,0
2394.79,21.91,0,0
2394.91,21.91,0,0
2395.03,21.91,0,0
2395.16,21.91,0,0
2395.28,21.91,0,0
2395.4,21.91,0,0
2395.52,21.91,0,0
2395.65,21.91,0,0
2395.77,21.91,0,0
2395.89,21.91,0,0
2396.01,21.91,0,0
2396.14,21.91,0,0
2396.26,21.91,0,0
2396.38,21.91,0,0
2396.5,21.91,0,0
2396.62,21.91,0,0
2396.75,21.91,0,0
2396.87,21.91,0,0
2396.99,21.91,0,0
2397.11,21.91,0,0
2397.24,21.91,0,0
2397.36,21.91,0,0
2397.48,21.91,0,0
2397.6,21.91,0,0
2397.72,21.91,0,0
2397.85,21.91,0,0
2397.97,21.91,0,0
2398.09,21.91,0,0
2398.21,21.91,0,0
2398.34,21.91,0,0
2398.46,21.91,0,0
2398.58,21.91,0,0
2398.7,21.91,0,0
2398.82,21.91,0,0
2398.95,21.91,0,0
2399.07,21.91,0,0
2399.19,21.91,0,0
2399.31,21.91,0,0
2399.43,21.91,0,0
2399.56,21.91,0,0
2399.68,21.91,0,0
2399.8,21.91,0,0
2399.92,21.91,0,0
2400.05,21.91,0,0
2400.17,21.91,0,0
2400.29,21.91,0,0
2400.41,21.91,0,0
2400.53,21.91,0,0
2400.66,21.91,0,0
2400.78,21.91,0,0
2400.9,21.91,0,0
2401.02,21.91,0,0
2401.15,21.91,0,0
2401.27,21.91,0,0
2401.39,21.91,0,0
2401.51,21.91,0,0
2401.63,21.91,0,0
2401.76,21.91,0,0
2401.88,21.92,0,0
2402.0,21.91,0,0
2402.12,21.92,0,0
2402.25,21.91,0,0
2402.37,21.91,0,0
2402.49,21.91,0,0
2402.61,21.91,0,0
2402.73,21.91,0,0
2402.86,21.91,0,0
2402.98,21.91,0,0
2403.1,21.92,0,0
2403.22,21.91,0,0
2403.35,21.91,0,0
2403.47,21.92,0,0
2403.59,21.91,0,0
2403.71,21.91,0,0
2403.83,21.91,0,0
2403.96,21.91,0,0
2404.08,21.91,0,0
2404.2,21.92,0,0
2404.32,21.91,0,0
2404.45,21.91,0,0
2404.57,21.91,0,0
2404.69,21.91,0,0
2404.81,21.91,0,0
2404.93,21.91,0,0
2405.06,21.91,0,0
2405.18,21.91,0,0
2405.3,21.91,0,0
2405.42,21.91,0,0
2405.54,21.91,0,0
2405.67,21.91,0,0
2405.79,21.91,0,0
2405.91,21.91,0,0
2406.03,21.92,0,0
2406.16,21.92,0,0
2406.28,21.92,0,0
2406.4,21.91,0,0
2406.52,21.91,0,0
2406.65,21.92,0,0
2406.77,21.91,0,0
2406.89,21.91,0,0
2407.01,21.91,0,0
2407.13,21.92,0,0
2407.26,21.91,0,0
2407.38,21.91,0,0
2407.5,21.91,0,0
2407.62,21.91,0,0
2407.75,21.92,0,0
2407.87,21.92,0,0
2407.99,21.91,0,0
2408.11,21.92,0,0
2408.23,21.91,0,0
2408.36,21.91,0,0
2408.48,21.92,0,0
2408.6,21.92,0,0
2408.72,21.92,0,0
2408.85,21.92,0,0
2408.97,21.92,0,0
2409.09,21.91,0,0
2409.21,21.91,0,0
2409.33,21.92,0,0
2409.46,21.92,0,0
2409.58,21.92,0,0
2409.7,21.92,0,0
2409.82,21.92,0,0
2409.95,21.92,0,0
2410.07,21.92,0,0
2410.19,21.92,0,0
2410.31,21.92,0,0
2410.43,21.91,0,0
2410.56,21.92,0,0
2410.68,21.92,0,0
2410.8,21.92,0,0
2410.92,21.92,0,0
2411.04,21.92,0,0
2411.17,21.92,0,0
2411.29,21.92,0,0
2411.41,21.92,0,0
2411.53,21.92,0,0
2411.66,21.92,0,0
2411.78,21.92,0,0
2411.9,21.92,0,0
2412.02,21.92,0,0
2412.14,21.92,0,0
2412.27,21.92,0,0
2412.39,21.92,0,0
2412.51,21.92,0,0
2412.63,21.92,0,0
2412.76,21.92,0,0
2412.88,21.92,0,0
2413.0,21.92,0,0
2413.12,21.92,0,0
2413.25,21.92,0,0
2413.37,21.92,0,0
2413.49,21.92,0,0
2413.61,21.92,0,0
2413.73,21.92,0,0
2413.86,21.92,0,0
2413.98,21.92,0,0
2414.1,21.92,0,0
2414.22,21.92,0,0
2414.34,21.92,0,0
2414.47,21.92,0,0
2414.59,21.92,0,0
2414.71,21.92,0,0
2414.83,21.92,0,0
2414.96,21.92,0,0
2415.08,21.92,0,0
2415.2,21.92,0,0
2415.32,21.92,0,0
2415.45,21.92,0,0
2415.57,21.92,0,0
2415.69,21.92,0,0
2415.81,21.92,0,0
2415.93,21.92,0,0
2416.06,21.92,0,0
2416.18,21.92,0,0
2416.3,21.92,0,0
2416.42,21.92,0,0
2416.54,21.92,0,0
2416.67,21.92,0,0
2416.79,21.92,0,0
2416.91,21.92,0,0
2417.03,21.92,0,0
2417.16,21.92,0,0
2417.28,21.92,0,0
2417.4,21.92,0,0
2417.52,21.92,0,0
2417.64,21.92,0,0
2417.77,21.92,0,0
2417.89,21.92,0,0
2418.01,21.92,0,0
2418.13,21.92,0,0
2418.26,21.92,0,0
2418.38,21.91,0,0
2418.5,21.92,0,0
2418.62,21.92,0,0
2418.75,21.92,0,0
2418.87,21.92,0,0
2418.99,21.92,0,0
2419.11,21.92,0,0
2419.23,21.92,0,0
2419.36,21.92,0,0
2419.48,21.92,0,0
2419.6,21.92,0,0
2419.72,21.92,0,0
2419.84,21.92,0,0
2419.97,21.92,0,0
2420.09,21.92,0,0
2420.21,21.92,0,0
2420.33,21.92,0,0
2420.46,21.92,0,0
2420.58,21.92,0,0
2420.7,21.92,0,0
2420.82,21.92,0,0
2420.94,21.92,0,0
2421.07,21.92,0,0
2421.19,21.92,0,0
2421.31,21.92,0,0
2421.43,21.92,0,0
2421.56,21.92,0,0
2421.68,21.92,0,0
2421.8,21.92,0,0
2421.92,21.92,0,0
2422.04,21.92,0,0
2422.17,21.92,0,0
2422.29,21.92,0,0
2422.41,21.92,0,0
2422.53,21.92,0,0
2422.66,21.92,0,0
2422.78,21.92,0,0
2422.9,21.92,0,0
2423.02,21.92,0,0
2423.14,21.92,0,0
2423.27,21.92,0,0
2423.39,21.92,0,0
2423.51,21.92,0,0
2423.63,21.92,0,0
2423.76,21.92,0,0
2423.88,21.92,0,0
2424.0,21.92,0,0
2424.12,21.92,0,0
2424.25,21.92,0,0
2424.37,21.92,0,0
2424.49,21.92,0,0
2424.61,21.92,0,0
2424.73,21.92,0,0
2424.86,21.92,0,0
2424.98,21.92,0,0
2425.1,21.92,0,0
2425.22,21.92,0,0
2425.34,21.92,0,0
2425.47,21.92,0,0
2425.59,21.91,0,0
2425.71,21.91,0,0
2425.83,21.91,0,0
2425.96,21.91,0,0
2426.08,21.91,0,0
2426.2,21.91,0,0
2426.32,21.91,0,0
2426.44,21.91,0,0
2426.57,21.91,0,0
2426.69,21.91,0,0
2426.81,21.91,0,0
2426.93,21.92,0,0
2427.06,21.91,0,0
2427.18,21.91,0,0
2427.3,21.92,0,0
2427.42,21.91,0,0
2427.54,21.91,0,0
2427.67,21.91,0,0
2427.79,21.91,0,0
2427.91,21.91,0,0
2428.03,21.91,0,0
2428.15,21.91,0,0
2428.28,21.91,0,0
2428.4,21.91,0,0
2428.52,21.91,0,0
2428.64,21.91,0,0
2428.77,21.91,0,0
2428.89,21.92,0,0
2429.01,21.92,0,0
2429.13,21.91,0,0
2429.26,21.92,0,0
2429.38,21.92,0,0
2429.5,21.92,0,0
2429.62,21.92,0,0
2429.75,21.92,0,0
2429.87,21.92,0,0
2429.99,21.92,0,0
2430.11,21.92,0,0
2430.23,21.92,0,0
2430.36,21.92,0,0
2430.48,21.92,0,0
2430.6,21.92,0,0
2430.72,21.92,0,0
2430.84,21.92,0,0
2430.97,21.92,0,0
2431.09,21.92,0,0
2431.21,21.92,0,0
2431.33,21.92,0,0
2431.46,21.92,0,0
2431.58,21.92,0,0
2431.7,21.92,0,0
2431.82,21.92,0,0
2431.94,21.92,0,0
2432.07,21.92,0,0
2432.19,21.92,0,0
2432.31,21.92,0,0
2432.43,21.92,0,0
2432.56,21.92,0,0
2432.68,21.92,0,0
2432.8,21.92,0,0
2432.92,21.92,0,0
2433.04,21.92,0,0
2433.17,21.92,0,0
2433.29,21.92,0,0
2433.41,21.92,0,0
2433.53,21.92,0,0
2433.65,21.92,0,0
2433.78,21.92,0,0
2433.9,21.92,0,0
2434.02,21.92,0,0
2434.14,21.92,0,0
2434.27,21.92,0,0
2434.39,21.92,0,0
2434.51,21.92,0,0
2434.63,21.92,0,0
2434.75,21.92,0,0
2434.88,21.92,0,0
2435.0,21.92,0,0
2435.12,21.92,0,0
2435.25,21.92,0,0
2435.37,21.92,0,0
2435.49,21.92,0,0
2435.61,21.92,0,0
2435.73,21.92,0,0
2435.85,21.92,0,0
2435.98,21.92,0,0
2436.1,21.92,0,0
2436.22,21.92,0,0
2436.34,21.92,0,0
2436.47,21.92,0,0
2436.59,21.92,0,0
2436.71,21.92,0,0
2436.83,21.92,0,0
2436.96,21.92,0,0
2437.08,21.92,0,0
2437.2,21.92,0,0
2437.32,21.92,0,0
2437.44,21.92,0,0
2437.57,21.92,0,0
2437.69,21.92,0,0
2437.81,21.92,0,0
2437.93,21.91,0,0
2438.05,21.92,0,0
2438.18,21.92,0,0
2438.3,21.92,0,0
2438.42,21.92,0,0
2438.54,21.92,0,0
2438.67,21.92,0,0
2438.79,21.92,0,0
2438.91,21.92,0,0
2439.03,21.92,0,0
2439.15,21.92,0,0
2439.28,21.92,0,0
2439.4,21.92,0,0
2439.52,21.92,0,0
2439.64,21.92,0,0
2439.77,21.92,0,0
2439.89,21.92,0,0
2440.01,21.92,0,0
2440.13,21.92,0,0
2440.25,21.92,0,0
2440.38,21.92,0,0
2440.5,21.92,0,0
2440.62,21.92,0,0
2440.74,21.92,0,0
2440.87,21.92,0,0
2440.99,21.92,0,0
2441.11,21.92,0,0
2441.23,21.92,0,0
2441.35,21.92,0,0
2441.48,21.92,0,0
2441.6,21.92,0,0
2441.72,21.92,0,0
2441.84,21.92,0,0
2441.97,21.92,0,0
2442.09,21.92,0,0
2442.21,21.92,0,0
2442.33,21.92,0,0
2442.45,21.92,0,0
2442.58,21.92,0,0
2442.7,21.92,0,0
2442.82,21.92,0,0
2442.94,21.92,0,0
2443.07,21.92,0,0
2443.19,21.92,0,0
2443.31,21.92,0,0
2443.43,21.92,0,0
2443.55,21.92,0,0
2443.68,21.92,0,0
2443.8,21.92,0,0
2443.92,21.92,0,0
2444.04,21.92,0,0
2444.17,21.92,0,0
2444.29,21.92,0,0
2444.41,21.92,0,0
2444.53,21.92,0,0
2444.65,21.92,0,0
2444.78,21.92,0,0
2444.9,21.92,0,0
2445.02,21.92,0,0
2445.14,21.92,0,0
2445.26,21.92,0,0
2445.39,21.92,0,0
2445.51,21.92,0,0
2445.63,21.92,0,0
2445.75,21.92,0,0
2445.88,21.92,0,0
2446.0,21.92,0,0
2446.12,21.92,0,0
2446.24,21.92,0,0
2446.36,21.92,0,0
2446.49,21.92,0,0
2446.61,21.92,0,0
2446.73,21.92,0,0
2446.85,21.92,0,0
2446.98,21.92,0,0
2447.1,21.92,0,0
2447.22,21.92,0,0
2447.34,21.92,0,0
2447.46,21.92,0,0
2447.59,21.92,0,0
2447.71,21.92,0,0
2447.83,21.92,0,0
2447.95,21.92,0,0
2448.08,21.92,0,0
2448.2,21.92,0,0
2448.32,21.92,0,0
2448.44,21.92,0,0
2448.57,21.92,0,0
2448.69,21.92,0,0
2448.81,21.92,0,0
2448.93,21.92,0,0
2449.05,21.92,0,0
2449.18,21.92,0,0
2449.3,21.92,0,0
2449.42,21.92,0,0
2449.54,21.92,0,0
2449.67,21.92,0,0
2449.79,21.92,0,0
2449.91,21.92,0,0
2450.03,21.92,0,0
2450.15,21.92,0,0
2450.28,21.92,0,0
2450.4,21.92,0,0
2450.52,21.92,0,0
2450.64,21.92,0,0
2450.76,21.92,0,0
2450.89,21.92,0,0
2451.01,21.92,0,0
2451.13,21.92,0,0
2451.25,21.92,0,0
2451.38,21.92,0,0
2451.5,21.92,0,0
2451.62,21.92,0,0
2451.74,21.92,0,0
2451.86,21.92,0,0
2451.99,21.92,0,0
2452.11,21.92,0,0
2452.23,21.92,0,0
2452.35,21.92,0,0
2452.48,21.92,0,0
2452.6,21.92,0,0
2452.72,21.92,0,0
2452.84,21.92,0,0
2452.96,21.92,0,0
2453.09,21.92,0,0
2453.21,21.92,0,0
2453.33,21.92,0,0
2453.45,21.92,0,0
2453.58,21.92,0,0
2453.7,21.92,0,0
2453.82,21.92,0,0
2453.94,21.92,0,0
2454.06,21.92,0,0
2454.19,21.92,0,0
2454.31,21.92,0,0
2454.43,21.92,0,0
2454.55,21.92,0,0
2454.68,21.92,0,0
2454.8,21.92,0,0
2454.92,21.92,0,0
2455.04,21.92,0,0
2455.16,21.92,0,0
2455.29,21.92,0,0
2455.41,21.92,0,0
2455.53,21.92,0,0
2455.65,21.92,0,0
2455.78,21.92,0,0
2455.9,21.92,0,0
2456.02,21.92,0,0
2456.14,21.92,0,0
2456.26,21.92,0,0
2456.39,21.92,0,0
2456.51,21.92,0,0
2456.63,21.92,0,0
2456.75,21.92,0,0
2456.88,21.92,0,0
2457.0,21.92,0,0
2457.12,21.92,0,0
2457.24,21.92,0,0
2457.36,21.92,0,0
2457.49,21.92,0,0
2457.61,21.92,0,0
2457.73,21.92,0,0
2457.85,21.92,0,0
2457.97,21.92,0,0
2458.1,21.92,0,0
2458.22,21.92,0,0
2458.34,21.92,0,0
2458.46,21.92,0,0
2458.59,21.92,0,0
2458.71,21.92,0,0
2458.83,21.92,0,0
2458.95,21.92,0,0
2459.08,21.92,0,0
2459.2,21.92,0,0
2459.32,21.92,0,0
2459.44,21.92,0,0
2459.56,21.92,0,0
2459.69,21.92,0,0
2459.81,21.92,0,0
2459.93,21.92,0,0
2460.05,21.92,0,0
2460.18,21.92,0,0
2460.3,21.92,0,0
2460.42,21.92,0,0
2460.54,21.92,0,0
2460.66,21.92,0,0
2460.79,21.92,0,0
2460.91,21.92,0,0
2461.03,21.92,0,0
2461.15,21.92,0,0
2461.28,21.92,0,0
2461.4,21.92,0,0
2461.52,21.92,0,0
2461.64,21.92,0,0
2461.76,21.92,0,0
2461.89,21.92,0,0
2462.01,21.92,0,0
2462.13,21.92,0,0
2462.25,21.92,0,0
2462.37,21.92,0,0
2462.5,21.92,0,0
2462.62,21.92,0,0
2462.74,21.92,0,0
2462.86,21.92,0,0
2462.99,21.92,0,0
2463.11,21.92,0,0
2463.23,21.92,0,0
2463.35,21.92,0,0
2463.47,21.92,0,0
2463.6,21.92,0,0
2463.72,21.92,0,0
2463.84,21.92,0,0
2463.96,21.92,0,0
2464.09,21.92,0,0
2464.21,21.92,0,0
2464.33,21.92,0,0
2464.45,21.92,0,0
2464.57,21.92,0,0
2464.7,21.92,0,0
2464.82,21.92,0,0
2464.94,21.92,0,0
2465.06,21.92,0,0
2465.19,21.92,0,0
2465.31,21.92,0,0
2465.43,21.92,0,0
2465.55,21.92,0,0
2465.67,21.92,0,0
2465.8,21.92,0,0
2465.92,21.92,0,0
2466.04,21.92,0,0
2466.16,21.92,0,0
2466.29,21.92,0,0
2466.41,21.92,0,0
2466.53,21.92,0,0
2466.65,21.92,0,0
2466.78,21.92,0,0
2466.9,21.92,0,0
2467.02,21.92,0,0
2467.14,21.92,0,0
2467.26,21.92,0,0
2467.39,21.92,0,0
2467.51,21.92,0,0
2467.63,21.92,0,0
2467.75,21.92,0,0
2467.87,21.92,0,0
2468.0,21.92,0,0
2468.12,21.92,0,0
2468.24,21.92,0,0
2468.36,21.92,0,0
2468.49,21.92,0,0
2468.61,21.92,0,0
2468.73,21.92,0,0
2468.85,21.92,0,0
2468.97,21.92,0,0
2469.1,21.92,0,0
2469.22,21.92,0,0
2469.34,21.92,0,0
2469.46,21.92,0,0
2469.59,21.92,0,0
2469.71,21.92,0,0
2469.83,21.92,0,0
2469.95,21.92,0,0
2470.07,21.92,0,0
2470.2,21.92,0,0
2470.32,21.92,0,0
2470.44,21.92,0,0
2470.56,21.92,0,0
2470.69,21.92,0,0
2470.81,21.92,0,0
2470.93,21.92,0,0
2471.05,21.92,0,0
2471.17,21.92,0,0
2471.3,21.92,0,0
2471.42,21.92,0,0
2471.54,21.92,0,0
2471.66,21.92,0,0
2471.79,21.92,0,0
2471.91,21.92,0,0
2472.03,21.92,0,0
2472.15,21.92,0,0
2472.27,21.92,0,0
2472.4,21.92,0,0
2472.52,21.92,0,0
2472.64,21.92,0,0
2472.76,21.92,0,0
2472.89,21.92,0,0
2473.01,21.92,0,0
2473.13,21.92,0,0
2473.25,21.92,0,0
2473.37,21.92,0,0
2473.5,21.92,0,0
2473.62,21.92,0,0
2473.74,21.91,0,0
2473.86,21.92,0,0
2473.99,21.92,0,0
2474.11,21.92,0,0
2474.23,21.92,0,0
2474.35,21.92,0,0
2474.47,21.92,0,0
2474.6,21.92,0,0
2474.72,21.92,0,0
2474.84,21.92,0,0
2474.96,21.92,0,0
2475.08,21.92,0,0
2475.21,21.92,0,0
2475.33,21.92,0,0
2475.45,21.92,0,0
2475.57,21.92,0,0
2475.7,21.92,0,0
2475.82,21.93,0,0
2475.94,21.92,0,0
2476.06,21.92,0,0
2476.19,21.92,0,0
2476.31,21.93,0,0
2476.43,21.92,0,0
2476.55,21.92,0,0
2476.67,21.92,0,0
2476.8,21.93,0,0
2476.92,21.92,0,0
2477.04,21.93,0,0
2477.16,21.92,0,0
2477.29,21.92,0,0
2477.41,21.92,0,0
2477.53,21.93,0,0
2477.65,21.93,0,0
2477.77,21.93,0,0
2477.9,21.93,0,0
2478.02,21.92,0,0
2478.14,21.92,0,0
2478.26,21.92,0,0
2478.39,21.92,0,0
2478.51,21.93,0,0
2478.63,21.92,0,0
2478.75,21.94,0,0
2478.87,21.92,0,0
2479.0,21.93,0,0
2479.12,21.92,0,0
2479.24,21.93,0,0
2479.36,21.92,0,0
2479.48,21.92,0,0
2479.61,21.93,0,0
2479.73,21.92,0,0
2479.85,21.93,0,0
2479.97,21.93,0,0
2480.1,21.93,0,0
2480.22,21.93,0,0
2480.34,21.93,0,0
2480.46,21.93,0,0
2480.58,21.93,0,0
2480.71,21.93,0,0
2480.83,21.93,0,0
2480.95,21.93,0,0
2481.07,21.93,0,0
2481.2,21.93,0,0
2481.32,21.93,0,0
2481.44,21.93,0,0
2481.56,21.93,0,0
2481.68,21.93,0,0
2481.81,21.93,0,0
2481.93,21.93,0,0
2482.05,21.93,0,0
2482.17,21.93,0,0
2482.3,21.93,0,0
2482.42,21.93,0,0
2482.54,21.93,0,0
2482.66,21.93,0,0
2482.79,21.93,0,0
2482.91,21.93,0,0
2483.03,21.93,0,0
2483.15,21.93,0,0
2483.27,21.93,0,0
2483.4,21.93,0,0
2483.52,21.92,0,0
2483.64,21.93,0,0
2483.76,21.93,0,0
2483.89,21.93,0,0
2484.01,21.93,0,0
2484.13,21.93,0,0
2484.25,21.93,0,0
2484.37,21.93,0,0
2484.5,21.93,0,0
2484.62,21.93,0,0
2484.74,21.93,0,0
2484.86,21.93,0,0
2484.98,21.93,0,0
2485.11,21.93,0,0
2485.23,21.93,0,0
2485.35,21.92,0,0
2485.47,21.93,0,0
2485.6,21.93,0,0
2485.72,21.93,0,0
2485.84,21.93,0,0
2485.96,21.93,0,0
2486.08,21.93,0,0
2486.21,21.93,0,0
2486.33,21.93,0,0
2486.45,21.93,0,0
2486.57,21.93,0,0
2486.7,21.93,0,0
2486.82,21.93,0,0
2486.94,21.93,0,0
2487.06,21.93,0,0
2487.18,21.93,0,0
2487.31,21.93,0,0
2487.43,21.93,0,0
2487.55,21.93,0,0
2487.67,21.93,0,0
2487.8,21.93,0,0
2487.92,21.93,0,0
2488.04,21.93,0,0
2488.16,21.93,0,0
2488.29,21.93,0,0
2488.41,21.93,0,0
2488.53,21.93,0,0
2488.65,21.93,0,0
2488.77,21.93,0,0
2488.9,21.93,0,0
2489.02,21.93,0,0
2489.14,21.93,0,0
2489.26,21.93,0,0
2489.38,21.93,0,0
2489.51,21.93,0,0
2489.63,21.93,0,0
2489.75,21.93,0,0
2489.87,21.93,0,0
2490.0,21.93,0,0
2490.12,21.93,0,0
2490.24,21.93,0,0
2490.36,21.93,0,0
2490.48,21.93,0,0
2490.61,21.93,0,0
2490.73,21.93,0,0
2490.85,21.93,0,0
2490.97,21.93,0,0
2491.1,21.93,0,0
2491.22,21.93,0,0
2491.34,21.93,0,0
2491.46,21.92,0,0
2491.58,21.93,0,0
2491.71,21.93,0,0
2491.83,21.93,0,0
2491.95,21.93,0,0
2492.07,21.93,0,0
2492.2,21.93,0,0
2492.32,21.92,0,0
2492.44,21.93,0,0
2492.56,21.93,0,0
2492.68,21.93,0,0
2492.81,21.93,0,0
2492.93,21.93,0,0
2493.05,21.93,0,0
2493.17,21.93,0,0
2493.3,21.93,0,0
2493.42,21.93,0,0
2493.54,21.93,0,0
2493.66,21.93,0,0
2493.78,21.93,0,0
2493.91,21.93,0,0
2494.03,21.93,0,0
2494.15,21.93,0,0
2494.27,21.93,0,0
2494.4,21.93,0,0
2494.52,21.93,0,0
2494.64,21.93,0,0
2494.76,21.93,0,0
2494.88,21.93,0,0
2495.01,21.93,0,0
2495.13,21.93,0,0
2495.25,21.93,0,0
2495.37,21.93,0,0
2495.5,21.93,0,0
2495.62,21.93,0,0
2495.74,21.93,0,0
2495.86,21.93,0,0
2495.98,21.93,0,0
2496.11,21.93,0,0
2496.23,21.93,0,0
2496.35,21.93,0,0
2496.47,21.93,0,0
2496.6,21.93,0,0
2496.72,21.93,0,0
2496.84,21.93,0,0
2496.96,21.93,0,0
2497.08,21.93,0,0
2497.21,21.93,0,0
2497.33,21.93,0,0
2497.45,21.93,0,0
2497.57,21.93,0,0
2497.7,21.93,0,0
2497.82,21.93,0,0
2497.94,21.93,0,0
2498.06,21.93,0,0
2498.18,21.93,0,0
2498.31,21.93,0,0
2498.43,21.93,0,0
2498.55,21.93,0,0
2498.67,21.93,0,0
2498.8,21.93,0,0
2498.92,21.93,0,0
2499.04,21.93,0,0
2499.16,21.93,0,0
2499.28,21.93,0,0
2499.41,21.93,0,0
2499.53,21.93,0,0
2499.65,21.93,0,0
2499.77,21.93,0,0
2499.9,21.93,0,0
2500.02,21.93,0,0
2500.14,21.93,0,0
2500.26,21.93,0,0
2500.38,21.93,0,0
2500.51,21.93,0,0
2500.63,21.93,0,0
2500.75,21.93,0,0
2500.87,21.93,0,0
2501.0,21.93,0,0
2501.12,21.93,0,0
2501.24,21.93,0,0
2501.36,21.93,0,0
2501.48,21.93,0,0
2501.61,21.93,0,0
2501.73,21.93,0,0
2501.85,21.93,0,0
2501.97,21.93,0,0
2502.09,21.93,0,0
2502.22,21.93,0,0
2502.34,21.93,0,0
2502.46,21.93,0,0
2502.58,21.93,0,0
2502.71,21.93,0,0
2502.83,21.93,0,0
2502.95,21.93,0,0
2503.07,21.93,0,0
2503.2,21.93,0,0
2503.32,21.93,0,0
2503.44,21.93,0,0
2503.56,21.93,0,0
2503.68,21.93,0,0
2503.81,21.93,0,0
2503.93,21.93,0,0
2504.05,21.93,0,0
2504.17,21.93,0,0
2504.3,21.93,0,0
2504.42,21.93,0,0
2504.54,21.93,0,0
2504.66,21.93,0,0
2504.78,21.93,0,0
2504.91,21.93,0,0
2505.03,21.93,0,0
2505.15,21.93,0,0
2505.27,21.93,0,0
2505.4,21.93,0,0
2505.52,21.93,0,0
2505.64,21.93,0,0
2505.76,21.93,0,0
2505.88,21.93,0,0
2506.01,21.93,0,0
2506.13,21.93,0,0
2506.25,21.93,0,0
2506.37,21.93,0,0
2506.5,21.93,0,0
2506.62,21.93,0,0
2506.74,21.93,0,0
2506.86,21.93,0,0
2506.98,21.93,0,0
2507.11,21.93,0,0
2507.23,21.93,0,0
2507.35,21.93,0,0
2507.47,21.93,0,0
2507.59,21.93,0,0
2507.72,21.93,0,0
2507.84,21.93,0,0
2507.96,21.93,0,0
2508.08,21.93,0,0
2508.21,21.93,0,0
2508.33,21.93,0,0
2508.45,21.93,0,0
2508.57,21.93,0,0
2508.69,21.93,0,0
2508.82,21.93,0,0
2508.94,21.93,0,0
2509.06,21.93,0,0
2509.18,21.93,0,0
2509.31,21.93,0,0
2509.43,21.93,0,0
2509.55,21.93,0,0
2509.67,21.93,0,0
2509.8,21.93,0,0
2509.92,21.93,0,0
2510.04,21.93,0,0
2510.16,21.93,0,0
2510.28,21.93,0,0
2510.41,21.93,0,0
2510.53,21.93,0,0
2510.65,21.93,0,0
2510.77,21.93,0,0
2510.9,21.93,0,0
2511.02,21.93,0,0
2511.14,21.93,0,0
2511.26,21.93,0,0
2511.38,21.93,0,0
2511.51,21.93,0,0
2511.63,21.93,0,0
2511.75,21.93,0,0
2511.87,21.93,0,0
2512.0,21.93,0,0
2512.12,21.93,0,0
2512.24,21.93,0,0
2512.36,21.93,0,0
2512.48,21.93,0,0
2512.61,21.93,0,0
2512.73,21.93,0,0
2512.85,21.93,0,0
2512.97,21.93,0,0
2513.09,21.93,0,0
2513.22,21.93,0,0
2513.34,21.93,0,0
2513.46,21.93,0,0
2513.58,21.93,0,0
2513.71,21.93,0,0
2513.83,21.93,0,0
2513.95,21.93,0,0
2514.07,21.93,0,0
2514.19,21.93,0,0
2514.32,21.93,0,0
2514.44,21.93,0,0
2514.56,21.93,0,0
2514.68,21.93,0,0
2514.81,21.93,0,0
2514.93,21.93,0,0
2515.05,21.93,0,0
2515.17,21.93,0,0
2515.29,21.93,0,0
2515.42,21.93,0,0
2515.54,21.93,0,0
2515.66,21.93,0,0
2515.78,21.93,0,0
2515.91,21.93,0,0
2516.03,21.93,0,0
2516.15,21.93,0,0
2516.27,21.93,0,0
2516.4,21.93,0,0
2516.52,21.93,0,0
2516.64,21.93,0,0
2516.76,21.93,0,0
2516.88,21.93,0,0
2517.01,21.93,0,0
2517.13,21.93,0,0
2517.25,21.93,0,0
2517.37,21.93,0,0
2517.5,21.93,0,0
2517.62,21.93,0,0
2517.74,21.93,0,0
2517.86,21.93,0,0
2517.98,21.93,0,0
2518.11,21.93,0,0
2518.23,21.93,0,0
2518.35,21.93,0,0
2518.47,21.93,0,0
2518.59,21.93,0,0
2518.72,21.93,0,0
2518.84,21.93,0,0
2518.96,21.93,0,0
2519.08,21.93,0,0
2519.21,21.93,0,0
2519.33,21.93,0,0
2519.45,21.93,0,0
2519.57,21.93,0,0
2519.69,21.93,0,0
2519.82,21.93,0,0
2519.94,21.93,0,0
2520.06,21.93,0,0
2520.18,21.93,0,0
2520.31,21.93,0,0
2520.43,21.93,0,0
2520.55,21.93,0,0
2520.67,21.93,0,0
2520.79,21.93,0,0
2520.92,21.93,0,0
2521.04,21.93,0,0
2521.16,21.93,0,0
2521.28,21.93,0,0
2521.41,21.93,0,0
2521.53,21.93,0,0
2521.65,21.93,0,0
2521.77,21.93,0,0
2521.89,21.93,0,0
2522.02,21.93,0,0
2522.14,21.93,0,0
2522.26,21.93,0,0
2522.38,21.93,0,0
2522.51,21.93,0,0
2522.63,21.93,0,0
2522.75,21.93,0,0
2522.87,21.93,0,0
2523.0,21.93,0,0
2523.12,21.93,0,0
2523.24,21.93,0,0
2523.36,21.93,0,0
2523.48,21.93,0,0
2523.61,21.93,0,0
2523.73,21.93,0,0
2523.85,21.93,0,0
2523.97,21.93,0,0
2524.09,21.93,0,0
2524.22,21.93,0,0
2524.34,21.93,0,0
2524.46,21.93,0,0
2524.58,21.93,0,0
2524.7,21.93,0,0
2524.83,21.93,0,0
2524.95,21.93,0,0
2525.07,21.93,0,0
2525.19,21.93,0,0
2525.32,21.93,0,0
2525.44,21.93,0,0
2525.56,21.93,0,0
2525.68,21.93,0,0
2525.81,21.93,0,0
2525.93,21.93,0,0
2526.05,21.93,0,0
2526.17,21.93,0,0
2526.29,21.93,0,0
2526.42,21.93,0,0
2526.54,21.93,0,0
2526.66,21.93,0,0
2526.78,21.93,0,0
2526.91,21.93,0,0
2527.03,21.93,0,0
2527.15,21.93,0,0
2527.27,21.94,0,0
2527.39,21.93,0,0
2527.52,21.93,0,0
2527.64,21.93,0,0
2527.76,21.93,0,0
2527.88,21.93,0,0
2528.01,21.93,0,0
2528.13,21.93,0,0
2528.25,21.93,0,0
2528.37,21.93,0,0
2528.49,21.93,0,0
2528.62,21.93,0,0
2528.74,21.93,0,0
2528.86,21.93,0,0
2528.98,21.93,0,0
2529.1,21.93,0,0
2529.23,21.93,0,0
2529.35,21.93,0,0
2529.47,21.93,0,0
2529.59,21.93,0,0
2529.72,21.93,0,0
2529.84,21.93,0,0
2529.96,21.93,0,0
2530.08,21.93,0,0
2530.2,21.93,0,0
2530.33,21.93,0,0
2530.45,21.93,0,0
2530.57,21.93,0,0
2530.69,21.93,0,0
2530.82,21.93,0,0
2530.94,21.93,0,0
2531.06,21.93,0,0
2531.18,21.93,0,0
2531.31,21.93,0,0
2531.43,21.93,0,0
2531.55,21.93,0,0
2531.67,21.93,0,0
2531.79,21.93,0,0
2531.92,21.93,0,0
2532.04,21.93,0,0
2532.16,21.93,0,0
2532.28,21.93,0,0
2532.41,21.93,0,0
2532.53,21.93,0,0
2532.65,21.93,0,0
2532.77,21.93,0,0
2532.89,21.93,0,0
2533.02,21.93,0,0
2533.14,21.93,0,0
2533.26,21.93,0,0
2533.38,21.93,0,0
2533.51,21.93,0,0
2533.63,21.93,0,0
2533.75,21.93,0,0
2533.87,21.93,0,0
2533.99,21.93,0,0
2534.12,21.93,0,0
2534.24,21.93,0,0
2534.36,21.93,0,0
2534.48,21.93,0,0
2534.6,21.93,0,0
2534.73,21.93,0,0
2534.85,21.93,0,0
2534.97,21.93,0,0
2535.09,21.93,0,0
2535.22,21.93,0,0
2535.34,21.93,0,0
2535.46,21.93,0,0
2535.58,21.93,0,0
2535.7,21.93,0,0
2535.83,21.93,0,0
2535.95,21.93,0,0
2536.07,21.93,0,0
2536.19,21.93,0,0
2536.32,21.93,0,0
2536.44,21.93,0,0
2536.56,21.93,0,0
2536.68,21.93,0,0
2536.8,21.93,0,0
2536.93,21.93,0,0
2537.05,21.93,0,0
2537.17,21.93,0,0
2537.29,21.93,0,0
2537.42,21.93,0,0
2537.54,21.93,0,0
2537.66,21.93,0,0
2537.78,21.93,0,0
2537.91,21.93,0,0
2538.03,21.93,0,0
2538.15,21.93,0,0
2538.27,21.93,0,0
2538.39,21.93,0,0
2538.52,21.93,0,0
2538.64,21.93,0,0
2538.76,21.93,0,0
2538.88,21.93,0,0
2539.0,21.93,0,0
2539.13,21.93,0,0
2539.25,21.93,0,0
2539.37,21.93,0,0
2539.49,21.93,0,0
2539.62,21.93,0,0
2539.74,21.93,0,0
2539.86,21.93,0,0
2539.98,21.93,0,0
2540.1,21.93,0,0
2540.23,21.93,0,0
2540.35,21.93,0,0
2540.47,21.93,0,0
2540.59,21.93,0,0
2540.72,21.93,0,0
2540.84,21.93,0,0
2540.96,21.93,0,0
2541.08,21.93,0,0
2541.2,21.93,0,0
2541.33,21.93,0,0
2541.45,21.93,0,0
2541.57,21.93,0,0
2541.69,21.93,0,0
2541.82,21.93,0,0
2541.94,21.93,0,0
2542.06,21.93,0,0
2542.18,21.93,0,0
2542.3,21.93,0,0
2542.43,21.93,0,0
2542.55,21.93,0,0
2542.67,21.93,0,0
2542.79,21.93,0,0
2542.92,21.93,0,0
2543.04,21.93,0,0
2543.16,21.93,0,0
2543.28,21.93,0,0
2543.4,21.93,0,0
2543.53,21.93,0,0
2543.65,21.93,0,0
2543.77,21.93,0,0
2543.89,21.93,0,0
2544.02,21.93,0,0
2544.14,21.93,0,0
2544.26,21.93,0,0
2544.38,21.93,0,0
2544.5,21.93,0,0
2544.63,21.93,0,0
2544.75,21.93,0,0
2544.87,21.93,0,0
2544.99,21.93,0,0
2545.12,21.93,0,0
2545.24,21.93,0,0
2545.36,21.93,0,0
2545.48,21.93,0,0
2545.6,21.93,0,0
2545.73,21.93,0,0
2545.85,21.93,0,0
2545.97,21.93,0,0
2546.09,21.94,0,0
2546.21,21.94,0,0
2546.34,21.94,0,0
2546.46,21.93,0,0
2546.58,21.93,0,0
2546.7,21.93,0,0
2546.83,21.93,0,0
2546.95,21.93,0,0
2547.07,21.93,0,0
2547.19,21.93,0,0
2547.32,21.93,0,0
2547.44,21.93,0,0
2547.56,21.93,0,0
2547.68,21.93,0,0
2547.8,21.93,0,0
2547.93,21.93,0,0
2548.05,21.93,0,0
2548.17,21.93,0,0
2548.29,21.93,0,0
2548.42,21.93,0,0
2548.54,21.93,0,0
2548.66,21.93,0,0
2548.78,21.93,0,0
2548.9,21.93,0,0
2549.03,21.93,0,0
2549.15,21.93,0,0
2549.27,21.93,0,0
2549.39,21.93,0,0
2549.52,21.93,0,0
2549.64,21.93,0,0
2549.76,21.93,0,0
2549.88,21.93,0,0
2550.0,21.93,0,0
2550.13,21.93,0,0
2550.25,21.93,0,0
2550.37,21.93,0,0
2550.49,21.93,0,0
2550.62,21.93,0,0
2550.74,21.93,0,0
2550.86,21.93,0,0
2550.98,21.93,0,0
2551.1,21.93,0,0
2551.23,21.93,0,0
2551.35,21.93,0,0
2551.47,21.93,0,0
2551.59,21.93,0,0
2551.71,21.93,0,0
2551.84,21.93,0,0
2551.96,21.93,0,0
2552.08,21.93,0,0
2552.2,21.93,0,0
2552.33,21.93,0,0
2552.45,21.93,0,0
2552.57,21.93,0,0
2552.69,21.93,0,0
2552.81,21.93,0,0
2552.94,21.93,0,0
2553.06,21.93,0,0
2553.18,21.93,0,0
2553.3,21.93,0,0
2553.43,21.93,0,0
2553.55,21.93,0,0
2553.67,21.93,0,0
2553.79,21.93,0,0
2553.92,21.93,0,0
2554.04,21.93,0,0
2554.16,21.93,0,0
2554.28,21.93,0,0
2554.4,21.93,0,0
2554.53,21.93,0,0
2554.65,21.93,0,0
2554.77,21.93,0,0
2554.89,21.93,0,0
2555.02,21.93,0,0
2555.14,21.93,0,0
2555.26,21.93,0,0
2555.38,21.93,0,0
2555.5,21.93,0,0
2555.63,21.93,0,0
2555.75,21.93,0,0
2555.87,21.93,0,0
2555.99,21.93,0,0
2556.11,21.93,0,0
2556.24,21.93,0,0
2556.36,21.93,0,0
2556.48,21.93,0,0
2556.6,21.93,0,0
2556.73,21.93,0,0
2556.85,21.93,0,0
2556.97,21.93,0,0
2557.09,21.93,0,0
2557.21,21.93,0,0
2557.34,21.93,0,0
2557.46,21.93,0,0
2557.58,21.93,0,0
2557.7,21.93,0,0
2557.83,21.93,0,0
2557.95,21.93,0,0
2558.07,21.93,0,0
2558.19,21.93,0,0
2558.31,21.93,0,0
2558.44,21.93,0,0
2558.56,21.93,0,0
2558.68,21.93,0,0
2558.8,21.93,0,0
2558.93,21.93,0,0
2559.05,21.93,0,0
2559.17,21.93,0,0
2559.29,21.93,0,0
2559.41,21.93,0,0
2559.54,21.93,0,0
2559.66,21.93,0,0
2559.78,21.93,0,0
2559.9,21.93,0,0
2560.03,21.93,0,0
2560.15,21.93,0,0
2560.27,21.93,0,0
2560.39,21.93,0,0
2560.52,21.93,0,0
2560.64,21.93,0,0
2560.76,21.93,0,0
2560.88,21.93,0,0
2561.0,21.93,0,0
2561.13,21.93,0,0
2561.25,21.93,0,0
2561.37,21.93,0,0
2561.49,21.93,0,0
2561.61,21.93,0,0
2561.74,21.93,0,0
2561.86,21.93,0,0
2561.98,21.93,0,0
2562.1,21.93,0,0
2562.23,21.93,0,0
2562.35,21.93,0,0
2562.47,21.93,0,0
2562.59,21.93,0,0
2562.71,21.93,0,0
2562.84,21.93,0,0
2562.96,21.93,0,0
2563.08,21.93,0,0
2563.2,21.93,0,0
2563.33,21.93,0,0
2563.45,21.93,0,0
2563.57,21.93,0,0
2563.69,21.93,0,0
2563.81,21.93,0,0
2563.94,21.93,0,0
2564.06,21.93,0,0
2564.18,21.93,0,0
2564.3,21.93,0,0
2564.43,21.93,0,0
2564.55,21.93,0,0
2564.67,21.94,0,0
2564.79,21.94,0,0
2564.91,21.94,0,0
2565.04,21.93,0,0
2565.16,21.93,0,0
2565.28,21.93,0,0
2565.4,21.93,0,0
2565.53,21.93,0,0
2565.65,21.93,0,0
2565.77,21.93,0,0
2565.89,21.93,0,0
2566.01,21.93,0,0
2566.14,21.93,0,0
2566.26,21.93,0,0
2566.38,21.93,0,0
2566.5,21.93,0,0
2566.63,21.93,0,0
2566.75,21.93,0,0
2566.87,21.93,0,0
2566.99,21.93,0,0
2567.11,21.93,0,0
2567.24,21.93,0,0
2567.36,21.93,0,0
2567.48,21.93,0,0
2567.6,21.93,0,0
2567.73,21.93,0,0
2567.85,21.93,0,0
2567.97,21.93,0,0
2568.09,21.93,0,0
2568.21,21.93,0,0
2568.34,21.93,0,0
2568.46,21.93,0,0
2568.58,21.93,0,0
2568.7,21.93,0,0
2568.82,21.93,0,0
2568.95,21.93,0,0
2569.07,21.93,0,0
2569.19,21.93,0,0
2569.31,21.93,0,0
2569.44,21.93,0,0
2569.56,21.93,0,0
2569.68,21.93,0,0
2569.8,21.93,0,0
2569.92,21.93,0,0
2570.05,21.93,0,0
2570.17,21.93,0,0
2570.29,21.93,0,0
2570.41,21.93,0,0
2570.54,21.93,0,0
2570.66,21.93,0,0
2570.78,21.93,0,0
2570.9,21.93,0,0
2571.03,21.93,0,0
2571.15,21.93,0,0
2571.27,21.93,0,0
2571.39,21.93,0,0
2571.51,21.93,0,0
2571.64,21.93,0,0
2571.76,21.93,0,0
2571.88,21.93,0,0
2572.0,21.93,0,0
2572.13,21.93,0,0
2572.25,21.93,0,0
2572.37,21.93,0,0
2572.49,21.93,0,0
2572.61,21.93,0,0
2572.74,21.93,0,0
2572.86,21.93,0,0
2572.98,21.93,0,0
2573.1,21.93,0,0
2573.22,21.93,0,0
2573.35,21.93,0,0
2573.47,21.93,0,0
2573.59,21.93,0,0
2573.71,21.93,0,0
2573.84,21.93,0,0
2573.96,21.93,0,0
2574.08,21.93,0,0
2574.2,21.93,0,0
2574.32,21.93,0,0
2574.45,21.93,0,0
2574.57,21.93,0,0
2574.69,21.93,0,0
2574.81,21.93,0,0
2574.94,21.93,0,0
2575.06,21.93,0,0
2575.18,21.93,0,0
2575.3,21.93,0,0
2575.42,21.93,0,0
2575.55,21.93,0,0
2575.67,21.93,0,0
2575.79,21.93,0,0
2575.91,21.93,0,0
2576.04,21.93,0,0
2576.16,21.93,0,0
2576.28,21.93,0,0
2576.4,21.93,0,0
2576.52,21.93,0,0
2576.65,21.93,0,0
2576.77,21.93,0,0
2576.89,21.93,0,0
2577.01,21.93,0,0
2577.14,21.93,0,0
2577.26,21.94,0,0
2577.38,21.94,0,0
2577.5,21.94,0,0
2577.63,21.94,0,0
2577.75,21.93,0,0
2577.87,21.94,0,0
2577.99,21.93,0,0
2578.11,21.94,0,0
2578.24,21.94,0,0
2578.36,21.93,0,0
2578.48,21.93,0,0
2578.6,21.93,0,0
2578.72,21.93,0,0
2578.85,21.93,0,0
2578.97,21.93,0,0
2579.09,21.94,0,0
2579.21,21.94,0,0
2579.34,21.94,0,0
2579.46,21.94,0,0
2579.58,21.94,0,0
2579.7,21.93,0,0
2579.82,21.93,0,0
2579.95,21.94,0,0
2580.07,21.93,0,0
2580.19,21.94,0,0
2580.31,21.94,0,0
2580.44,21.94,0,0
2580.56,21.93,0,0
2580.68,21.94,0,0
2580.8,21.93,0,0
2580.92,21.93,0,0
2581.05,21.93,0,0
2581.17,21.93,0,0
2581.29,21.93,0,0
2581.41,21.94,0,0
2581.54,21.93,0,0
2581.66,21.93,0,0
2581.78,21.93,0,0
2581.9,21.93,0,0
2582.02,21.94,0,0
2582.15,21.94,0,0
2582.27,21.94,0,0
2582.39,21.93,0,0
2582.51,21.94,0,0
2582.64,21.93,0,0
2582.76,21.94,0,0
2582.88,21.93,0,0
2583.0,21.93,0,0
2583.12,21.93,0,0
2583.25,21.93,0,0
2583.37,21.94,0,0
2583.49,21.94,0,0
2583.61,21.94,0,0
2583.74,21.93,0,0
2583.86,21.94,0,0
2583.98,21.94,0,0
2584.1,21.93,0,0
2584.22,21.93,0,0
2584.35,21.94,0,0
2584.47,21.93,0,0
2584.59,21.93,0,0
2584.71,21.93,0,0
2584.84,21.93,0,0
2584.96,21.94,0,0
2585.08,21.94,0,0
2585.2,21.93,0,0
2585.32,21.93,0,0
2585.45,21.93,0,0
2585.57,21.94,0,0
2585.69,21.94,0,0
2585.81,21.94,0,0
2585.93,21.94,0,0
2586.06,21.93,0,0
2586.18,21.94,0,0
2586.3,21.93,0,0
2586.42,21.94,0,0
2586.55,21.93,0,0
2586.67,21.94,0,0
2586.79,21.94,0,0
2586.91,21.94,0,0
2587.03,21.93,0,0
2587.16,21.93,0,0
2587.28,21.93,0,0
2587.4,21.93,0,0
2587.52,21.93,0,0
2587.65,21.93,0,0
2587.77,21.93,0,0
2587.89,21.93,0,0
2588.01,21.93,0,0
2588.13,21.93,0,0
2588.26,21.93,0,0
2588.38,21.93,0,0
2588.5,21.93,0,0
2588.62,21.93,0,0
2588.75,21.93,0,0
2588.87,21.93,0,0
2588.99,21.93,0,0
2589.11,21.93,0,0
2589.24,21.93,0,0
2589.36,21.93,0,0
2589.48,21.93,0,0
2589.6,21.93,0,0
2589.72,21.93,0,0
2589.85,21.93,0,0
2589.97,21.93,0,0
2590.09,21.93,0,0
2590.21,21.93,0,0
2590.34,21.93,0,0
2590.46,21.93,0,0
2590.58,21.93,0,0
2590.7,21.93,0,0
2590.82,21.93,0,0
2590.95,21.93,0,0
2591.07,21.93,0,0
2591.19,21.93,0,0
2591.31,21.93,0,0
2591.43,21.93,0,0
2591.56,21.93,0,0
2591.68,21.93,0,0
2591.8,21.93,0,0
2591.92,21.93,0,0
2592.05,21.93,0,0
2592.17,21.93,0,0
2592.29,21.93,0,0
2592.41,21.93,0,0
2592.53,21.93,0,0
2592.66,21.93,0,0
2592.78,21.93,0,0
2592.9,21.93,0,0
2593.02,21.93,0,0
2593.15,21.93,0,0
2593.27,21.93,0,0
2593.39,21.93,0,0
2593.51,21.93,0,0
2593.63,21.93,0,0
2593.76,21.93,0,0
2593.88,21.93,0,0
2594.0,21.93,0,0
2594.12,21.93,0,0
2594.25,21.93,0,0
2594.37,21.93,0,0
2594.49,21.93,0,0
2594.61,21.93,0,0
2594.73,21.93,0,0
2594.86,21.93,0,0
2594.98,21.93,0,0
2595.1,21.93,0,0
2595.22,21.93,0,0
2595.35,21.93,0,0
2595.47,21.93,0,0
2595.59,21.93,0,0
2595.71,21.93,0,0
2595.83,21.93,0,0
2595.96,21.93,0,0
2596.08,21.93,0,0
2596.2,21.93,0,0
2596.32,21.93,0,0
2596.45,21.93,0,0
2596.57,21.93,0,0
2596.69,21.93,0,0
2596.81,21.93,0,0
2596.93,21.93,0,0
2597.06,21.93,0,0
2597.18,21.93,0,0
2597.3,21.93,0,0
2597.42,21.93,0,0
2597.54,21.93,0,0
2597.67,21.93,0,0
2597.79,21.93,0,0
2597.91,21.93,0,0
2598.03,21.93,0,0
2598.16,21.93,0,0
2598.28,21.93,0,0
2598.4,21.93,0,0
2598.52,21.93,0,0
2598.65,21.93,0,0
2598.77,21.93,0,0
2598.89,21.93,0,0
2599.01,21.93,0,0
2599.13,21.93,0,0
2599.26,21.93,0,0
2599.38,21.93,0,0
2599.5,21.93,0,0
2599.62,21.93,0,0
2599.75,21.93,0,0
2599.87,21.93,0,0
2599.99,21.93,0,0
2600.11,21.93,0,0
2600.23,21.93,0,0
2600.36,21.93,0,0
2600.48,21.93,0,0
2600.6,21.93,0,0
2600.72,21.93,0,0
2600.85,21.93,0,0
2600.97,21.93,0,0
2601.09,21.93,0,0
2601.21,21.93,0,0
2601.33,21.93,0,0
2601.46,21.93,0,0
2601.58,21.93,0,0
2601.7,21.93,0,0
2601.82,21.93,0,0
2601.95,21.93,0,0
2602.07,21.93,0,0
2602.19,21.93,0,0
2602.31,21.93,0,0
2602.43,21.93,0,0
2602.56,21.93,0,0
2602.68,21.93,0,0
2602.8,21.93,0,0
2602.92,21.93,0,0
2603.04,21.93,0,0
2603.17,21.93,0,0
2603.29,21.93,0,0
2603.41,21.93,0,0
2603.53,21.93,0,0
2603.66,21.93,0,0
2603.78,21.93,0,0
2603.9,21.93,0,0
2604.02,21.93,0,0
2604.14,21.93,0,0
2604.27,21.93,0,0
2604.39,21.93,0,0
2604.51,21.93,0,0
2604.63,21.93,0,0
2604.76,21.93,0,0
2604.88,21.93,0,0
2605.0,21.93,0,0
2605.12,21.93,0,0
2605.25,21.93,0,0
2605.37,21.93,0,0
2605.49,21.93,0,0
2605.61,21.93,0,0
2605.73,21.93,0,0
2605.86,21.93,0,0
2605.98,21.93,0,0
2606.1,21.93,0,0
2606.22,21.93,0,0
2606.35,21.93,0,0
2606.47,21.93,0,0
2606.59,21.93,0,0
2606.71,21.93,0,0
2606.83,21.93,0,0
2606.96,21.93,0,0
2607.08,21.93,0,0
2607.2,21.93,0,0
2607.32,21.93,0,0
2607.45,21.93,0,0
2607.57,21.93,0,0
2607.69,21.93,0,0
2607.81,21.93,0,0
2607.93,21.93,0,0
2608.06,21.93,0,0
2608.18,21.93,0,0
2608.3,21.93,0,0
2608.42,21.93,0,0
2608.54,21.93,0,0
2608.67,21.93,0,0
2608.79,21.93,0,0
2608.91,21.93,0,0
2609.03,21.93,0,0
2609.16,21.93,0,0
2609.28,21.93,0,0
2609.4,21.93,0,0
2609.52,21.93,0,0
2609.64,21.93,0,0
2609.77,21.93,0,0
2609.89,21.93,0,0
2610.01,21.93,0,0
2610.13,21.93,0,0
2610.26,21.93,0,0
2610.38,21.93,0,0
2610.5,21.93,0,0
2610.62,21.93,0,0
2610.75,21.93,0,0
2610.87,21.93,0,0
2610.99,21.93,0,0
2611.11,21.93,0,0
2611.23,21.94,0,0
2611.36,21.94,0,0
2611.48,21.94,0,0
2611.6,21.93,0,0
2611.72,21.93,0,0
2611.84,21.93,0,0
2611.97,21.93,0,0
2612.09,21.93,0,0
2612.21,21.93,0,0
2612.33,21.93,0,0
2612.46,21.93,0,0
2612.58,21.93,0,0
2612.7,21.93,0,0
2612.82,21.93,0,0
2612.94,21.93,0,0
2613.07,21.93,0,0
2613.19,21.93,0,0
2613.31,21.93,0,0
2613.43,21.93,0,0
2613.56,21.93,0,0
2613.68,21.93,0,0
2613.8,21.93,0,0
2613.92,21.93,0,0
2614.04,21.93,0,0
2614.17,21.93,0,0
2614.29,21.93,0,0
2614.41,21.93,0,0
2614.53,21.93,0,0
2614.66,21.93,0,0
2614.78,21.93,0,0
2614.9,21.93,0,0
2615.02,21.93,0,0
2615.14,21.93,0,0
2615.27,21.93,0,0
2615.39,21.93,0,0
2615.51,21.93,0,0
2615.63,21.93,0,0
2615.76,21.93,0,0
2615.88,21.93,0,0
2616.0,21.93,0,0
2616.12,21.93,0,0
2616.25,21.93,0,0
2616.37,21.93,0,0
2616.49,21.93,0,0
2616.61,21.93,0,0
2616.73,21.93,0,0
2616.86,21.93,0,0
2616.98,21.93,0,0
2617.1,21.93,0,0
2617.22,21.93,0,0
2617.34,21.93,0,0
2617.47,21.93,0,0
2617.59,21.93,0,0
2617.71,21.93,0,0
2617.83,21.93,0,0
2617.96,21.93,0,0
2618.08,21.93,0,0
2618.2,21.93,0,0
2618.32,21.93,0,0
2618.44,21.93,0,0
2618.57,21.93,0,0
2618.69,21.93,0,0
2618.81,21.93,0,0
2618.93,21.93,0,0
2619.06,21.93,0,0
2619.18,21.93,0,0
2619.3,21.93,0,0
2619.42,21.93,0,0
2619.54,21.93,0,0
2619.67,21.93,0,0
2619.79,21.93,0,0
2619.91,21.93,0,0
2620.03,21.93,0,0
2620.15,21.93,0,0
2620.28,21.93,0,0
2620.4,21.93,0,0
2620.52,21.93,0,0
2620.64,21.93,0,0
2620.77,21.93,0,0
2620.89,21.93,0,0
2621.01,21.93,0,0
2621.13,21.93,0,0
2621.25,21.93,0,0
2621.38,21.93,0,0
2621.5,21.93,0,0
2621.62,21.93,0,0
2621.75,21.93,0,0
2621.87,21.93,0,0
2621.99,21.93,0,0
2622.11,21.93,0,0
2622.23,21.93,0,0
2622.36,21.93,0,0
2622.48,21.93,0,0
2622.6,21.93,0,0
2622.72,21.93,0,0
2622.84,21.93,0,0
2622.97,21.93,0,0
2623.09,21.93,0,0
2623.21,21.93,0,0
2623.33,21.93,0,0
2623.46,21.93,0,0
2623.58,21.93,0,0
2623.7,21.93,0,0
2623.82,21.93,0,0
2623.94,21.93,0,0
2624.07,21.93,0,0
2624.19,21.93,0,0
2624.31,21.93,0,0
2624.43,21.93,0,0
2624.56,21.93,0,0
2624.68,21.93,0,0
2624.8,21.93,0,0
2624.92,21.93,0,0
2625.04,21.93,0,0
2625.17,21.93,0,0
2625.29,21.93,0,0
2625.41,21.93,0,0
2625.53,21.93,0,0
2625.65,21.93,0,0
2625.78,21.93,0,0
2625.9,21.93,0,0
2626.02,21.93,0,0
2626.14,21.93,0,0
2626.27,21.93,0,0
2626.39,21.93,0,0
2626.51,21.93,0,0
2626.63,21.93,0,0
2626.75,21.93,0,0
2626.88,21.93,0,0
2627.0,21.93,0,0
2627.12,21.93,0,0
2627.25,21.93,0,0
2627.37,21.93,0,0
2627.49,21.93,0,0
2627.61,21.93,0,0
2627.73,21.93,0,0
2627.85,21.93,0,0
2627.98,21.93,0,0
2628.1,21.93,0,0
2628.22,21.93,0,0
2628.34,21.93,0,0
2628.47,21.93,0,0
2628.59,21.93,0,0
2628.71,21.93,0,0
2628.83,21.93,0,0
2628.95,21.94,0,0
2629.08,21.93,0,0
2629.2,21.94,0,0
2629.32,21.93,0,0
2629.44,21.93,0,0
2629.57,21.93,0,0
2629.69,21.93,0,0
2629.81,21.93,0,0
2629.93,21.93,0,0
2630.05,21.93,0,0
2630.18,21.93,0,0
2630.3,21.93,0,0
2630.42,21.93,0,0
2630.54,21.93,0,0
2630.67,21.94,0,0
2630.79,21.93,0,0
2630.91,21.93,0,0
2631.03,21.94,0,0
2631.15,21.93,0,0
2631.28,21.93,0,0
2631.4,21.94,0,0
2631.52,21.94,0,0
2631.64,21.94,0,0
2631.77,21.93,0,0
2631.89,21.93,0,0
2632.01,21.93,0,0
2632.13,21.93,0,0
2632.25,21.94,0,0
2632.38,21.94,0,0
2632.5,21.94,0,0
2632.62,21.94,0,0
2632.74,21.94,0,0
2632.87,21.94,0,0
2632.99,21.94,0,0
2633.11,21.94,0,0
2633.23,21.94,0,0
2633.35,21.94,0,0
2633.48,21.94,0,0
2633.6,21.94,0,0
2633.72,21.94,0,0
2633.84,21.94,0,0
2633.97,21.94,0,0
2634.09,21.94,0,0
2634.21,21.94,0,0
2634.33,21.94,0,0
2634.45,21.94,0,0
2634.58,21.94,0,0
2634.7,21.94,0,0
2634.82,21.94,0,0
2634.94,21.94,0,0
2635.07,21.94,0,0
2635.19,21.94,0,0
2635.31,21.94,0,0
2635.43,21.94,0,0
2635.55,21.94,0,0
2635.68,21.94,0,0
2635.8,21.94,0,0
2635.92,21.94,0,0
2636.04,21.94,0,0
2636.17,21.94,0,0
2636.29,21.94,0,0
2636.41,21.94,0,0
2636.53,21.94,0,0
2636.65,21.94,0,0
2636.78,21.94,0,0
2636.9,21.94,0,0
2637.02,21.94,0,0
2637.14,21.94,0,0
2637.26,21.94,0,0
2637.39,21.94,0,0
2637.51,21.94,0,0
2637.63,21.94,0,0
2637.75,21.94,0,0
2637.88,21.94,0,0
2638.0,21.94,0,0
2638.12,21.94,0,0
2638.24,21.94,0,0
2638.36,21.94,0,0
2638.49,21.94,0,0
2638.61,21.94,0,0
2638.73,21.94,0,0
2638.85,21.94,0,0
2638.98,21.94,0,0
2639.1,21.94,0,0
2639.22,21.94,0,0
2639.34,21.94,0,0
2639.47,21.94,0,0
2639.59,21.94,0,0
2639.71,21.94,0,0
2639.83,21.94,0,0
2639.95,21.94,0,0
2640.08,21.94,0,0
2640.2,21.94,0,0
2640.32,21.94,0,0
2640.44,21.94,0,0
2640.57,21.94,0,0
2640.69,21.94,0,0
2640.81,21.94,0,0
2640.93,21.93,0,0
2641.05,21.93,0,0
2641.18,21.94,0,0
2641.3,21.94,0,0
2641.42,21.94,0,0
2641.54,21.94,0,0
2641.67,21.94,0,0
2641.79,21.94,0,0
2641.91,21.94,0,0
2642.03,21.94,0,0
2642.15,21.94,0,0
2642.28,21.94,0,0
2642.4,21.94,0,0
2642.52,21.94,0,0
2642.64,21.94,0,0
2642.76,21.94,0,0
2642.89,21.94,0,0
2643.01,21.94,0,0
2643.13,21.94,0,0
2643.25,21.94,0,0
2643.38,21.94,0,0
2643.5,21.94,0,0
2643.62,21.94,0,0
2643.74,21.94,0,0
2643.86,21.94,0,0
2643.99,21.94,0,0
2644.11,21.94,0,0
2644.23,21.94,0,0
2644.35,21.94,0,0
2644.48,21.94,0,0
2644.6,21.94,0,0
2644.72,21.94,0,0
2644.84,21.94,0,0
2644.96,21.94,0,0
2645.09,21.94,0,0
2645.21,21.94,0,0
2645.33,21.94,0,0
2645.45,21.94,0,0
2645.58,21.94,0,0
2645.7,21.94,0,0
2645.82,21.94,0,0
2645.94,21.94,0,0
2646.07,21.94,0,0
2646.19,21.94,0,0
2646.31,21.94,0,0
2646.43,21.94,0,0
2646.55,21.94,0,0
2646.68,21.94,0,0
2646.8,21.94,0,0
2646.92,21.94,0,0
2647.04,21.94,0,0
2647.16,21.94,0,0
2647.29,21.94,0,0
2647.41,21.94,0,0
2647.53,21.94,0,0
2647.65,21.94,0,0
2647.78,21.94,0,0
2647.9,21.94,0,0
2648.02,21.94,0,0
2648.14,21.94,0,0
2648.26,21.94,0,0
2648.39,21.94,0,0
2648.51,21.94,0,0
2648.63,21.94,0,0
2648.75,21.94,0,0
2648.88,21.94,0,0
2649.0,21.94,0,0
2649.12,21.94,0,0
2649.24,21.94,0,0
2649.36,21.94,0,0
2649.49,21.94,0,0
2649.61,21.94,0,0
2649.73,21.94,0,0
2649.85,21.94,0,0
2649.98,21.93,0,0
2650.1,21.94,0,0
2650.22,21.94,0,0
2650.34,21.94,0,0
2650.46,21.94,0,0
2650.59,21.94,0,0
2650.71,21.94,0,0
2650.83,21.93,0,0
2650.95,21.93,0,0
2651.08,21.94,0,0
2651.2,21.93,0,0
2651.32,21.93,0,0
2651.44,21.94,0,0
2651.56,21.94,0,0
2651.69,21.94,0,0
2651.81,21.93,0,0
2651.93,21.94,0,0
2652.05,21.94,0,0
2652.18,21.94,0,0
2652.3,21.94,0,0
2652.42,21.94,0,0
2652.54,21.94,0,0
2652.66,21.94,0,0
2652.79,21.94,0,0
2652.91,21.94,0,0
2653.03,21.94,0,0
2653.15,21.94,0,0
2653.28,21.94,0,0
2653.4,21.94,0,0
2653.52,21.94,0,0
2653.64,21.94,0,0
2653.76,21.94,0,0
2653.89,21.94,0,0
2654.01,21.94,0,0
2654.13,21.94,0,0
2654.25,21.94,0,0
2654.37,21.94,0,0
2654.5,21.93,0,0
2654.62,21.94,0,0
2654.74,21.94,0,0
2654.86,21.94,0,0
2654.99,21.94,0,0
2655.11,21.94,0,0
2655.23,21.94,0,0
2655.35,21.94,0,0
2655.48,21.94,0,0
2655.6,21.94,0,0
2655.72,21.94,0,0
2655.84,21.94,0,0
2655.96,21.94,0,0
2656.09,21.94,0,0
2656.21,21.94,0,0
2656.33,21.94,0,0
2656.45,21.94,0,0
2656.58,21.94,0,0
2656.7,21.94,0,0
2656.82,21.94,0,0
2656.94,21.94,0,0
2657.06,21.94,0,0
2657.19,21.94,0,0
2657.31,21.94,0,0
2657.43,21.94,0,0
2657.55,21.94,0,0
2657.68,21.94,0,0
2657.8,21.94,0,0
2657.92,21.94,0,0
2658.04,21.94,0,0
2658.16,21.94,0,0
2658.29,21.94,0,0
2658.41,21.94,0,0
2658.53,21.94,0,0
2658.65,21.94,0,0
2658.78,21.93,0,0
2658.9,21.93,0,0
2659.02,21.94,0,0
2659.14,21.94,0,0
2659.26,21.94,0,0
2659.39,21.94,0,0
2659.51,21.94,0,0
2659.63,21.94,0,0
2659.75,21.94,0,0
2659.87,21.94,0,0
2660.0,21.94,0,0
2660.12,21.94,0,0
2660.24,21.94,0,0
2660.36,21.94,0,0
2660.49,21.94,0,0
2660.61,21.94,0,0
2660.73,21.94,0,0
2660.85,21.94,0,0
2660.97,21.94,0,0
2661.1,21.94,0,0
2661.22,21.94,0,0
2661.34,21.94,0,0
2661.46,21.94,0,0
2661.59,21.94,0,0
2661.71,21.94,0,0
2661.83,21.94,0,0
2661.95,21.94,0,0
2662.07,21.94,0,0
2662.2,21.94,0,0
2662.32,21.94,0,0
2662.44,21.94,0,0
2662.56,21.94,0,0
2662.69,21.94,0,0
2662.81,21.94,0,0
2662.93,21.94,0,0
2663.05,21.94,0,0
2663.18,21.94,0,0
2663.3,21.94,0,0
2663.42,21.94,0,0
2663.54,21.94,0,0
2663.66,21.94,0,0
2663.79,21.94,0,0
2663.91,21.94,0,0
2664.03,21.94,0,0
2664.15,21.94,0,0
2664.27,21.94,0,0
2664.4,21.94,0,0
2664.52,21.94,0,0
2664.64,21.94,0,0
2664.76,21.94,0,0
2664.89,21.94,0,0
2665.01,21.93,0,0
2665.13,21.93,0,0
2665.25,21.93,0,0
2665.37,21.94,0,0
2665.5,21.94,0,0
2665.62,21.94,0,0
2665.74,21.94,0,0
2665.86,21.94,0,0
2665.99,21.94,0,0
2666.11,21.94,0,0
2666.23,21.94,0,0
2666.35,21.94,0,0
2666.47,21.94,0,0
2666.6,21.94,0,0
2666.72,21.94,0,0
2666.84,21.94,0,0
2666.96,21.94,0,0
2667.09,21.94,0,0
2667.21,21.94,0,0
2667.33,21.94,0,0
2667.45,21.94,0,0
2667.57,21.94,0,0
2667.7,21.94,0,0
2667.82,21.94,0,0
2667.94,21.94,0,0
2668.06,21.94,0,0
2668.19,21.94,0,0
2668.31,21.94,0,0
2668.43,21.94,0,0
2668.55,21.94,0,0
2668.67,21.94,0,0
2668.8,21.94,0,0
2668.92,21.94,0,0
2669.04,21.94,0,0
2669.16,21.94,0,0
2669.29,21.94,0,0
2669.41,21.94,0,0
2669.53,21.94,0,0
2669.65,21.94,0,0
2669.77,21.94,0,0
2669.9,21.94,0,0
2670.02,21.94,0,0
2670.14,21.94,0,0
2670.26,21.94,0,0
2670.39,21.94,0,0
2670.51,21.94,0,0
2670.63,21.94,0,0
2670.75,21.94,0,0
2670.87,21.94,0,0
2671.0,21.94,0,0
2671.12,21.94,0,0
2671.24,21.94,0,0
2671.36,21.94,0,0
2671.49,21.94,0,0
2671.61,21.94,0,0
2671.73,21.93,0,0
2671.85,21.93,0,0
2671.97,21.93,0,0
2672.1,21.93,0,0
2672.22,21.93,0,0
2672.34,21.93,0,0
2672.46,21.93,0,0
2672.59,21.93,0,0
2672.71,21.93,0,0
2672.83,21.93,0,0
2672.95,21.93,0,0
2673.07,21.93,0,0
2673.2,21.93,0,0
2673.32,21.93,0,0
2673.44,21.93,0,0
2673.56,21.93,0,0
2673.69,21.93,0,0
2673.81,21.93,0,0
2673.93,21.93,0,0
2674.05,21.93,0,0
2674.17,21.94,0,0
2674.3,21.94,0,0
2674.42,21.94,0,0
2674.54,21.94,0,0
2674.66,21.93,0,0
2674.79,21.94,0,0
2674.91,21.94,0,0
2675.03,21.94,0,0
2675.15,21.94,0,0
2675.27,21.94,0,0
2675.4,21.94,0,0
2675.52,21.94,0,0
2675.64,21.94,0,0
2675.76,21.94,0,0
2675.89,21.94,0,0
2676.01,21.94,0,0
2676.13,21.94,0,0
2676.25,21.94,0,0
2676.37,21.94,0,0
2676.5,21.94,0,0
2676.62,21.94,0,0
2676.74,21.94,0,0
2676.86,21.94,0,0
2676.98,21.94,0,0
2677.11,21.94,0,0
2677.23,21.94,0,0
2677.35,21.94,0,0
2677.47,21.94,0,0
2677.6,21.94,0,0
2677.72,21.94,0,0
2677.84,21.94,0,0
2677.96,21.94,0,0
2678.09,21.94,0,0
2678.21,21.94,0,0
2678.33,21.94,0,0
2678.45,21.94,0,0
2678.57,21.94,0,0
2678.7,21.94,0,0
2678.82,21.94,0,0
2678.94,21.94,0,0
2679.06,21.93,0,0
2679.19,21.94,0,0
2679.31,21.94,0,0
2679.43,21.94,0,0
2679.55,21.94,0,0
2679.67,21.94,0,0
2679.8,21.94,0,0
2679.92,21.94,0,0
2680.04,21.94,0,0
2680.16,21.94,0,0
2680.29,21.94,0,0
2680.41,21.94,0,0
2680.53,21.94,0,0
2680.65,21.94,0,0
2680.77,21.94,0,0
2680.9,21.93,0,0
2681.02,21.93,0,0
2681.14,21.93,0,0
2681.26,21.94,0,0
2681.38,21.94,0,0
2681.51,21.94,0,0
2681.63,21.94,0,0
2681.75,21.93,0,0
2681.87,21.94,0,0
2682.0,21.94,0,0
2682.12,21.94,0,0
2682.24,21.94,0,0
2682.36,21.94,0,0
2682.48,21.93,0,0
2682.61,21.94,0,0
2682.73,21.93,0,0
2682.85,21.93,0,0
2682.97,21.93,0,0
2683.1,21.93,0,0
2683.22,21.93,0,0
2683.34,21.93,0,0
2683.46,21.93,0,0
2683.58,21.93,0,0
2683.71,21.93,0,0
2683.83,21.93,0,0
2683.95,21.93,0,0
2684.07,21.93,0,0
2684.2,21.93,0,0
2684.32,21.93,0,0
2684.44,21.93,0,0
2684.56,21.93,0,0
2684.68,21.93,0,0
2684.81,21.93,0,0
2684.93,21.93,0,0
2685.05,21.93,0,0
2685.17,21.93,0,0
2685.3,21.93,0,0
2685.42,21.93,0,0
2685.54,21.93,0,0
2685.66,21.93,0,0
2685.79,21.93,0,0
2685.91,21.93,0,0
2686.03,21.93,0,0
2686.15,21.93,0,0
2686.27,21.93,0,0
2686.4,21.93,0,0
2686.52,21.93,0,0
2686.64,21.93,0,0
2686.76,21.93,0,0
2686.88,21.93,0,0
2687.01,21.93,0,0
2687.13,21.93,0,0
2687.25,21.93,0,0
2687.37,21.93,0,0
2687.5,21.93,0,0
2687.62,21.93,0,0
2687.74,21.93,0,0
2687.86,21.93,0,0
2687.98,21.93,0,0
2688.11,21.93,0,0
2688.23,21.93,0,0
2688.35,21.93,0,0
2688.47,21.93,0,0
2688.6,21.93,0,0
2688.72,21.93,0,0
2688.84,21.93,0,0
2688.96,21.93,0,0
2689.08,21.93,0,0
2689.21,21.93,0,0
2689.33,21.93,0,0
2689.45,21.93,0,0
2689.57,21.93,0,0
2689.7,21.93,0,0
2689.82,21.93,0,0
2689.94,21.93,0,0
2690.06,21.93,0,0
2690.18,21.93,0,0
2690.31,21.93,0,0
2690.43,21.93,0,0
2690.55,21.93,0,0
2690.67,21.93,0,0
2690.8,21.93,0,0
2690.92,21.93,0,0
2691.04,21.93,0,0
2691.16,21.93,0,0
2691.29,21.93,0,0
2691.41,21.93,0,0
2691.53,21.93,0,0
2691.65,21.93,0,0
2691.77,21.93,0,0
2691.9,21.93,0,0
2692.02,21.93,0,0
2692.14,21.93,0,0
2692.26,21.93,0,0
2692.38,21.93,0,0
2692.51,21.93,0,0
2692.63,21.93,0,0
2692.75,21.93,0,0
2692.87,21.93,0,0
2693.0,21.93,0,0
2693.12,21.93,0,0
2693.24,21.93,0,0
2693.36,21.93,0,0
2693.48,21.93,0,0
2693.61,21.93,0,0
2693.73,21.93,0,0
2693.85,21.93,0,0
2693.97,21.93,0,0
2694.1,21.93,0,0
2694.22,21.93,0,0
2694.34,21.93,0,0
2694.46,21.93,0,0
2694.58,21.93,0,0
2694.71,21.93,0,0
2694.83,21.93,0,0
2694.95,21.93,0,0
2695.07,21.93,0,0
2695.2,21.93,0,0
2695.32,21.93,0,0
2695.44,21.93,0,0
2695.56,21.93,0,0
2695.68,21.93,0,0
2695.81,21.93,0,0
2695.93,21.93,0,0
2696.05,21.93,0,0
2696.17,21.93,0,0
2696.3,21.93,0,0
2696.42,21.93,0,0
2696.54,21.93,0,0
2696.66,21.93,0,0
2696.78,21.93,0,0
2696.91,21.93,0,0
2697.03,21.93,0,0
2697.15,21.93,0,0
2697.27,21.93,0,0
2697.4,21.93,0,0
2697.52,21.93,0,0
2697.64,21.93,0,0
2697.76,21.93,0,0
2697.88,21.93,0,0
2698.01,21.93,0,0
2698.13,21.93,0,0
2698.25,21.93,0,0
2698.37,21.93,0,0
2698.5,21.93,0,0
2698.62,21.93,0,0
2698.74,21.93,0,0
2698.86,21.93,0,0
2698.98,21.93,0,0
2699.11,21.93,0,0
2699.23,21.93,0,0
2699.35,21.93,0,0
2699.47,21.93,0,0
2699.6,21.93,0,0
2699.72,21.93,0,0
2699.84,21.93,0,0
2699.96,21.93,0,0
2700.08,21.93,0,0
2700.21,21.93,0,0
2700.33,21.93,0,0
2700.45,21.93,0,0
2700.57,21.93,0,0
2700.7,21.93,0,0
2700.82,21.93,0,0
2700.94,21.93,0,0
2701.06,21.93,0,0
2701.18,21.93,0,0
2701.31,21.93,0,0
2701.43,21.93,0,0
2701.55,21.93,0,0
2701.67,21.93,0,0
2701.8,21.93,0,0
2701.92,21.93,0,0
2702.04,21.93,0,0
2702.16,21.93,0,0
2702.28,21.93,0,0
2702.41,21.93,0,0
2702.53,21.93,0,0
2702.65,21.93,0,0
2702.77,21.93,0,0
2702.9,21.93,0,0
2703.02,21.93,0,0
2703.14,21.93,0,0
2703.26,21.93,0,0
2703.38,21.93,0,0
2703.51,21.93,0,0
2703.63,21.93,0,0
2703.75,21.93,0,0
2703.87,21.93,0,0
2704.0,21.93,0,0
2704.12,21.93,0,0
2704.24,21.93,0,0
2704.36,21.93,0,0
2704.48,21.93,0,0
2704.61,21.93,0,0
2704.73,21.93,0,0
2704.85,21.93,0,0
2704.97,21.93,0,0
2705.09,21.93,0,0
2705.22,21.93,0,0
2705.34,21.93,0,0
2705.46,21.93,0,0
2705.58,21.93,0,0
2705.71,21.93,0,0
2705.83,21.93,0,0
2705.95,21.93,0,0
2706.07,21.93,0,0
2706.19,21.93,0,0
2706.32,21.93,0,0
2706.44,21.93,0,0
0.12,21.93,0,1
0.24,21.93,0,1
0.36,21.93,0,1
0.49,21.93,0,1
0.61,21.93,0,1
0.73,21.93,0,1
0.85,21.93,0,1
0.98,21.93,0,1
1.1,21.93,0,1
1.22,21.93,0,1
1.34,21.93,0,1
1.47,21.93,0,1
1.59,21.93,0,1
1.71,21.93,0,1
1.83,21.93,0,1
1.95,21.93,0,1
2.08,21.93,0,1
2.2,21.93,0,1
2.32,21.93,0,1
2.44,21.93,0,1
2.57,21.93,0,1
2.69,21.93,0,1
2.81,21.93,0,1
2.93,21.93,0,1
3.05,21.93,0,1
3.18,21.93,0,1
3.3,21.93,0,1
3.42,21.93,0,1
3.54,21.93,0,1
3.66,21.94,0,1
3.79,21.94,0,1
3.91,21.94,0,1
4.03,21.94,0,1
4.15,21.94,0,1
4.28,21.94,0,1
4.4,21.94,0,1
4.52,21.94,0,1
4.64,21.94,0,1
4.76,21.93,0,1
4.89,21.94,0,1
5.01,21.94,0,1
5.13,21.94,0,1
5.25,21.94,0,1
5.38,21.94,0,1
5.5,21.93,0,1
5.62,21.94,0,1
5.74,21.94,0,1
5.86,21.94,0,1
5.99,21.94,0,1
6.11,21.94,0,1
6.23,21.94,0,1
6.35,21.94,0,1
6.48,21.94,0,1
6.6,21.94,0,1
6.72,21.94,0,1
6.84,21.94,0,1
6.97,21.94,0,1
7.09,21.94,11,1
7.21,21.94,11,1
7.33,21.94,11,1
7.45,21.94,11,1
7.58,21.94,11,1
7.7,21.94,11,1
7.82,21.94,11,1
7.94,21.95,11,1
8.07,21.95,11,1
8.19,21.96,11,1
8.31,21.97,11,1
8.43,21.97,11,1
8.56,21.98,11,1
8.68,21.98,11,1
8.8,22.0,11,1
8.92,22.01,11,1
9.05,22.01,11,1
9.17,22.02,10,1
9.29,22.03,10,1
9.41,22.05,10,1
9.54,22.06,10,1
9.66,22.07,10,1
9.78,22.08,10,1
9.9,22.09,10,1
10.02,22.1,10,1
10.15,22.1,10,1
10.27,22.12,10,1
10.39,22.14,10,1
10.52,22.14,10,1
10.64,22.16,10,1
10.76,22.16,10,1
10.88,22.19,10,1
11.01,22.18,10,1
11.13,22.21,10,1
11.25,22.21,10,1
11.37,22.22,10,1
11.5,22.23,10,1
11.62,22.25,10,1
11.74,22.27,10,1
11.86,22.28,10,1
11.98,22.28,10,1
12.11,22.3,10,1
12.23,22.3,10,1
12.35,22.33,10,1
12.48,22.34,10,1
12.6,22.34,10,1
12.72,22.37,10,1
12.84,22.38,10,1
12.97,22.41,30,1
13.09,22.41,30,1
13.21,22.41,30,1
13.33,22.42,30,1
13.46,22.43,30,1
13.58,22.45,30,1
13.7,22.47,30,1
13.82,22.46,30,1
13.94,22.48,30,1
14.07,22.51,30,1
14.19,22.53,30,1
14.31,22.56,30,1
14.44,22.58,30,1
14.56,22.6,30,1
14.68,22.62,30,1
14.8,22.65,30,1
14.93,22.68,30,1
15.05,22.7,30,1
15.17,22.73,29,1
15.29,22.77,29,1
15.42,22.8,29,1
15.54,22.82,29,1
15.66,22.86,29,1
15.78,22.89,29,1
15.9,22.91,29,1
16.03,22.95,29,1
16.15,22.98,29,1
16.27,23.01,29,1
16.4,23.04,29,1
16.52,23.07,29,1
16.64,23.1,28,1
16.76,23.14,28,1
16.88,23.16,28,1
17.01,23.2,28,1
17.13,23.22,28,1
17.25,23.26,28,1
17.38,23.28,28,1
17.5,23.32,28,1
17.62,23.34,28,1
17.74,23.38,28,1
17.86,23.41,27,1
17.99,23.44,27,1
18.11,23.48,27,1
18.23,23.5,27,1
18.35,23.53,27,1
18.48,23.56,27,1
18.6,23.59,27,1
18.72,23.62,27,1
18.84,23.64,27,1
18.97,23.67,27,1
19.09,23.7,27,1
19.21,23.73,27,1
19.33,23.76,26,1
19.46,23.78,26,1
19.58,23.8,26,1
19.7,23.84,26,1
19.82,23.87,26,1
19.95,23.89,26,1
20.07,23.92,26,1
20.19,23.93,26,1
20.31,23.96,26,1
20.44,23.99,26,1
20.56,24.01,26,1
20.68,24.05,26,1
20.8,24.06,26,1
20.93,24.09,25,1
21.05,24.12,25,1
21.17,24.14,25,1
21.29,24.17,25,1
21.42,24.19,25,1
21.54,24.21,25,1
21.66,24.24,25,1
21.78,24.27,25,1
21.91,24.29,25,1
22.03,24.31,25,1
22.15,24.33,25,1
22.27,24.35,25,1
22.4,24.38,25,1
22.52,24.4,25,1
22.64,24.42,24,1
22.76,24.43,24,1
22.89,24.46,24,1
23.01,24.47,24,1
23.13,24.49,24,1
23.25,24.52,24,1
23.38,24.54,24,1
23.5,24.56,24,1
23.62,24.58,24,1
23.75,24.6,24,1
23.87,24.63,24,1
23.99,24.65,24,1
24.11,24.66,24,1
24.23,24.68,24,1
24.36,24.7,24,1
24.48,24.72,23,1
24.6,24.74,23,1
24.72,24.76,23,1
24.85,24.78,23,1
24.97,24.79,23,1
25.09,24.81,23,1
25.21,24.83,23,1
25.34,24.85,23,1
25.46,24.87,23,1
25.58,24.89,23,1
25.7,24.9,23,1
25.83,24.92,23,1
25.95,24.93,23,1
26.07,24.95,23,1
26.19,24.97,23,1
26.32,24.98,23,1
26.44,25.0,23,1
26.56,25.01,23,1
26.68,25.03,23,1
26.81,25.05,22,1
26.93,25.06,22,1
27.05,25.07,22,1
27.17,25.09,22,1
27.3,25.11,22,1
27.42,25.13,22,1
27.54,25.14,22,1
27.67,25.16,22,1
27.79,25.17,22,1
27.91,25.19,22,1
28.03,25.2,22,1
28.15,25.21,22,1
28.28,25.23,22,1
28.4,25.24,22,1
28.52,25.26,22,1
28.64,25.27,22,1
28.77,25.29,22,1
28.89,25.3,22,1
29.01,25.31,22,1
29.13,25.32,22,1
29.26,25.34,22,1
29.38,25.35,22,1
29.5,25.36,22,1
29.62,25.38,21,1
29.75,25.4,21,1
29.87,25.4,21,1
29.99,25.42,21,1
30.11,25.43,21,1
30.24,25.45,21,1
30.36,25.46,21,1
30.48,25.47,21,1
30.6,25.49,21,1
30.73,25.5,21,1
30.85,25.51,21,1
30.97,25.52,21,1
31.09,25.53,21,1
31.22,25.55,21,1
31.34,25.56,21,1
31.46,25.57,21,1
31.58,25.58,21,1
31.71,25.6,21,1
31.83,25.61,21,1
31.95,25.62,21,1
32.07,25.63,21,1
32.2,25.64,21,1
32.32,25.65,21,1
32.44,25.66,21,1
32.56,25.68,21,1
32.69,25.69,21,1
32.81,25.7,21,1
32.93,25.71,20,1
33.06,25.73,20,1
33.18,25.73,20,1
33.3,25.75,20,1
33.42,25.76,20,1
33.54,25.77,20,1
33.67,25.78,20,1
33.79,25.79,20,1
33.91,25.79,20,1
34.04,25.81,20,1
34.16,25.82,20,1
34.28,25.82,20,1
34.4,25.84,20,1
34.53,25.84,20,1
34.65,25.86,20,1
34.77,25.87,20,1
34.89,25.88,20,1
35.02,25.88,20,1
35.14,25.89,20,1
35.26,25.91,20,1
35.38,25.92,20,1
35.51,25.92,20,1
35.63,25.94,20,1
35.75,25.95,20,1
35.87,25.96,20,1
36.0,25.97,20,1
36.12,25.97,20,1
36.24,25.98,20,1
36.36,25.99,20,1
36.49,26.0,20,1
36.61,26.01,20,1
36.73,26.02,20,1
36.85,26.03,20,1
36.97,26.05,20,1
37.1,26.05,19,1
37.22,26.06,19,1
37.34,26.07,19,1
37.47,26.08,19,1
37.59,26.09,19,1
37.71,26.1,19,1
37.83,26.11,19,1
37.96,26.12,19,1
38.08,26.13,19,1
38.2,26.14,19,1
38.32,26.14,19,1
38.45,26.15,19,1
38.57,26.16,19,1
38.69,26.17,19,1
38.81,26.17,19,1
38.94,26.19,19,1
39.06,26.19,19,1
39.18,26.2,19,1
39.3,26.21,19,1
39.43,26.22,19,1
39.55,26.22,19,1
39.67,26.23,19,1
39.79,26.24,19,1
39.92,26.25,19,1
40.04,26.26,19,1
40.16,26.27,19,1
40.28,26.27,19,1
40.4,26.28,19,1
40.53,26.29,19,1
40.65,26.29,19,1
40.77,26.3,19,1
40.9,26.31,19,1
41.02,26.32,19,1
41.14,26.33,19,1
41.26,26.34,19,1
41.38,26.34,19,1
41.51,26.35,19,1
41.63,26.36,18,1
41.75,26.36,18,1
41.88,26.37,18,1
42.0,26.37,18,1
42.12,26.38,18,1
42.24,26.4,18,1
42.36,26.4,18,1
42.49,26.41,18,1
42.61,26.41,18,1
42.73,26.42,18,1
42.86,26.43,18,1
42.98,26.44,18,1
43.1,26.43,18,1
43.22,26.45,18,1
43.35,26.46,18,1
43.47,26.46,18,1
43.59,26.47,18,1
43.71,26.48,18,1
43.84,26.49,18,1
43.96,26.5,18,1
44.08,26.5,18,1
44.2,26.5,18,1
44.33,26.51,18,1
44.45,26.51,18,1
44.57,26.52,18,1
44.69,26.53,18,1
44.81,26.54,18,1
44.94,26.54,18,1
45.06,26.55,18,1
45.18,26.56,18,1
45.3,26.56,18,1
45.43,26.57,18,1
45.55,26.57,18,1
45.67,26.58,18,1
45.79,26.58,18,1
45.92,26.59,18,1
46.04,26.6,18,1
46.16,26.61,18,1
46.28,26.61,18,1
46.41,26.63,18,1
46.53,26.62,18,1
46.65,26.63,18,1
46.78,26.64,18,1
46.9,26.65,18,1
47.02,26.65,18,1
47.14,26.66,18,1
47.26,26.66,18,1
47.39,26.66,18,1
47.51,26.68,18,1
47.63,26.68,18,1
47.76,26.69,18,1
47.88,26.69,17,1
48.0,26.69,17,1
48.12,26.71,17,1
48.25,26.71,17,1
48.37,26.73,17,1
48.49,26.73,17,1
48.61,26.73,17,1
48.74,26.75,17,1
48.86,26.75,17,1
48.98,26.75,17,1
49.1,26.75,17,1
49.22,26.77,17,1
49.35,26.76,17,1
49.47,26.76,17,1
49.59,26.77,17,1
49.72,26.79,17,1
49.84,26.78,17,1
49.96,26.79,17,1
50.08,26.8,17,1
50.21,26.8,17,1
50.33,26.81,17,1
50.45,26.81,17,1
50.57,26.82,17,1
50.7,26.82,17,1
50.82,26.82,17,1
50.94,26.84,17,1
51.06,26.83,17,1
51.19,26.84,17,1
51.31,26.84,17,1
51.43,26.85,17,1
51.55,26.86,17,1
51.68,26.86,17,1
51.8,26.86,17,1
51.92,26.87,17,1
52.04,26.88,17,1
52.17,26.88,17,1
52.29,26.88,17,1
52.41,26.89,17,1
52.53,26.89,17,1
52.65,26.9,17,1
52.78,26.91,17,1
52.9,26.91,17,1
53.02,26.91,17,1
53.15,26.91,17,1
53.27,26.92,17,1
53.39,26.93,17,1
53.51,26.93,17,1
53.63,26.93,17,1
53.76,26.94,17,1
53.88,26.95,17,1
54.0,26.95,17,1
54.13,26.95,17,1
54.25,26.96,17,1
54.37,26.96,17,1
54.49,26.97,17,1
54.62,26.97,17,1
54.74,26.98,17,1
54.86,26.99,17,1
54.98,26.99,17,1
55.11,26.99,17,1
55.23,27.0,17,1
55.35,27.0,17,1
55.47,27.0,17,1
55.6,27.01,16,1
55.72,27.01,16,1
55.84,27.02,16,1
55.96,27.02,16,1
56.09,27.02,16,1
56.21,27.02,16,1
56.33,27.04,16,1
56.45,27.03,16,1
56.57,27.04,16,1
56.7,27.05,16,1
56.82,27.05,16,1
56.94,27.06,16,1
57.06,27.06,16,1
57.19,27.07,16,1
57.31,27.06,16,1
57.43,27.07,16,1
57.55,27.07,16,1
57.68,27.08,16,1
57.8,27.08,16,1
57.92,27.09,16,1
58.04,27.09,16,1
58.17,27.11,16,1
58.29,27.1,16,1
58.41,27.1,16,1
58.53,27.1,16,1
58.66,27.11,16,1
58.78,27.12,16,1
58.9,27.11,16,1
59.03,27.12,16,1
59.15,27.12,16,1
59.27,27.13,16,1
59.39,27.13,16,1
59.51,27.13,16,1
59.64,27.13,16,1
59.76,27.14,16,1
59.88,27.15,16,1
60.01,27.13,16,1
60.13,27.15,16,1
60.25,27.16,16,1
60.37,27.15,16,1
60.49,27.16,16,1
60.62,27.17,16,1
60.74,27.17,16,1
60.86,27.16,16,1
60.98,27.17,16,1
61.11,27.17,16,1
61.23,27.18,16,1
61.35,27.18,16,1
61.47,27.19,16,1
61.6,27.19,16,1
61.72,27.2,16,1
61.84,27.2,16,1
61.96,27.21,16,1
62.09,27.2,16,1
62.21,27.21,16,1
62.33,27.21,16,1
62.45,27.22,16,1
62.58,27.22,16,1
62.7,27.23,16,1
62.82,27.23,16,1
62.94,27.23,16,1
63.07,27.24,16,1
63.19,27.24,16,1
63.31,27.24,16,1
63.43,27.24,16,1
63.56,27.24,16,1
63.68,27.25,16,1
63.8,27.25,16,1
63.92,27.25,16,1
64.05,27.26,16,1
64.17,27.26,16,1
64.29,27.27,16,1
64.41,27.27,16,1
64.54,27.28,16,1
64.66,27.28,16,1
64.78,27.28,16,1
64.9,27.28,16,1
65.03,27.28,16,1
65.15,27.28,16,1
65.27,27.3,16,1
65.39,27.3,16,1
65.52,27.3,16,1
65.64,27.3,16,1
65.76,27.3,16,1
65.88,27.31,16,1
66.01,27.31,16,1
66.13,27.32,16,1
66.25,27.32,16,1
66.37,27.33,16,1
66.5,27.33,16,1
66.62,27.33,16,1
66.74,27.33,16,1
66.86,27.33,16,1
66.99,27.34,16,1
67.11,27.35,16,1
67.23,27.35,16,1
67.35,27.35,15,1
67.48,27.36,15,1
67.6,27.36,15,1
67.72,27.36,15,1
67.84,27.37,15,1
67.97,27.37,15,1
68.09,27.37,15,1
68.21,27.38,15,1
68.33,27.38,15,1
68.46,27.38,15,1
68.58,27.39,15,1
68.7,27.39,15,1
68.82,27.39,15,1
68.95,27.39,15,1
69.07,27.39,15,1
69.19,27.4,15,1
69.31,27.4,15,1
69.44,27.4,15,1
69.56,27.4,15,1
69.68,27.41,15,1
69.8,27.42,15,1
69.93,27.42,15,1
70.05,27.41,15,1
70.17,27.41,15,1
70.29,27.41,15,1
70.42,27.42,15,1
70.54,27.42,15,1
70.66,27.42,15,1
70.78,27.42,15,1
70.91,27.43,15,1
71.03,27.43,15,1
71.15,27.43,15,1
71.27,27.44,15,1
71.4,27.44,15,1
71.52,27.44,15,1
71.64,27.44,15,1
71.76,27.45,15,1
71.89,27.45,15,1
72.01,27.45,15,1
72.13,27.45,15,1
72.25,27.45,15,1
72.38,27.46,15,1
72.5,27.46,15,1
72.62,27.45,15,1
72.74,27.46,15,1
72.86,27.46,15,1
72.99,27.46,15,1
73.11,27.47,15,1
73.23,27.47,15,1
73.36,27.47,15,1
73.48,27.47,15,1
73.6,27.47,15,1
73.72,27.48,15,1
73.84,27.48,15,1
73.97,27.48,15,1
74.09,27.48,15,1
74.21,27.48,15,1
74.34,27.49,15,1
74.46,27.48,15,1
74.58,27.49,15,1
74.7,27.49,15,1
74.83,27.49,15,1
74.95,27.49,15,1
75.07,27.5,15,1
75.19,27.5,15,1
75.32,27.5,15,1
75.44,27.51,15,1
75.56,27.5,15,1
75.68,27.51,15,1
75.8,27.51,15,1
75.93,27.51,15,1
76.05,27.52,15,1
76.17,27.52,15,1
76.3,27.52,15,1
76.42,27.52,15,1
76.54,27.52,15,1
76.66,27.52,15,1
76.79,27.53,15,1
76.91,27.53,15,1
77.03,27.53,15,1
77.15,27.53,15,1
77.28,27.54,15,1
77.4,27.53,15,1
77.52,27.54,15,1
77.64,27.54,15,1
77.76,27.54,15,1
77.89,27.54,15,1
78.01,27.55,15,1
78.13,27.55,15,1
78.26,27.55,15,1
78.38,27.55,15,1
78.5,27.55,15,1
78.62,27.55,15,1
78.75,27.56,15,1
78.87,27.56,15,1
78.99,27.56,15,1
79.11,27.56,15,1
79.24,27.56,15,1
79.36,27.57,15,1
79.48,27.57,15,1
79.6,27.57,15,1
79.72,27.57,15,1
79.85,27.57,15,1
79.97,27.58,15,1
80.09,27.58,15,1
80.22,27.58,15,1
80.34,27.58,15,1
80.46,27.58,15,1
80.58,27.59,15,1
80.7,27.59,15,1
80.83,27.59,15,1
80.95,27.59,15,1
81.07,27.59,15,1
81.19,27.59,15,1
81.32,27.6,15,1
81.44,27.6,15,1
81.56,27.6,15,1
81.68,27.6,15,1
81.81,27.6,15,1
81.93,27.6,15,1
82.05,27.61,15,1
82.18,27.61,15,1
82.3,27.61,15,1
82.42,27.61,15,1
82.54,27.62,15,1
82.66,27.62,15,1
82.79,27.62,15,1
82.91,27.62,15,1
83.03,27.62,15,1
83.15,27.62,15,1
83.28,27.63,15,1
83.4,27.63,15,1
83.52,27.63,15,1
83.64,27.63,15,1
83.77,27.62,15,1
83.89,27.64,15,1
84.01,27.64,15,1
84.13,27.63,15,1
84.26,27.64,15,1
84.38,27.64,15,1
84.5,27.65,15,1
84.62,27.64,15,1
84.75,27.65,15,1
84.87,27.65,15,1
84.99,27.65,15,1
85.11,27.66,15,1
85.24,27.66,15,1
85.36,27.66,15,1
85.48,27.66,15,1
85.61,27.66,15,1
85.73,27.66,15,1
85.85,27.66,15,1
85.97,27.67,15,1
86.09,27.67,15,1
86.22,27.67,15,1
86.34,27.67,14,1
86.46,27.67,14,1
86.58,27.68,14,1
86.71,27.68,14,1
86.83,27.67,14,1
86.95,27.67,14,1
87.07,27.68,14,1
87.2,27.68,14,1
87.32,27.68,14,1
87.44,27.69,14,1
87.56,27.69,14,1
87.69,27.68,14,1
87.81,27.69,14,1
87.93,27.68,14,1
88.05,27.69,14,1
88.18,27.69,14,1
88.3,27.69,14,1
88.42,27.69,14,1
88.54,27.7,14,1
88.67,27.69,14,1
88.79,27.7,14,1
88.91,27.7,14,1
89.03,27.7,14,1
89.16,27.7,14,1
89.28,27.69,14,1
89.4,27.7,14,1
89.52,27.7,14,1
89.65,27.7,14,1
89.77,27.7,14,1
89.89,27.7,14,1
90.01,27.69,14,1
90.14,27.71,14,1
90.26,27.7,14,1
90.38,27.7,14,1
90.5,27.71,14,1
90.63,27.71,14,1
90.75,27.7,14,1
90.87,27.71,14,1
90.99,27.71,14,1
91.12,27.71,14,1
91.24,27.71,14,1
91.36,27.71,14,1
91.48,27.71,14,1
91.61,27.71,14,1
91.73,27.71,14,1
91.85,27.71,14,1
91.97,27.71,14,1
92.1,27.72,14,1
92.22,27.72,14,1
92.34,27.72,14,1
92.46,27.71,14,1
92.59,27.72,14,1
92.71,27.71,14,1
92.83,27.72,14,1
92.95,27.71,14,1
93.08,27.71,14,1
93.2,27.72,14,1
93.32,27.72,14,1
93.44,27.73,14,1
93.57,27.72,14,1
93.69,27.72,14,1
93.81,27.72,14,1
93.93,27.72,14,1
94.06,27.72,14,1
94.18,27.72,14,1
94.3,27.72,14,1
94.42,27.73,14,1
94.55,27.72,14,1
94.67,27.73,14,1
94.79,27.73,14,1
94.91,27.74,14,1
95.04,27.73,14,1
95.16,27.74,14,1
95.28,27.73,14,1
95.4,27.73,14,1
95.53,27.73,14,1
95.65,27.74,14,1
95.77,27.73,14,1
95.89,27.74,14,1
96.02,27.74,14,1
96.14,27.74,14,1
96.26,27.74,14,1
96.38,27.74,14,1
96.51,27.74,14,1
96.63,27.74,14,1
96.75,27.74,14,1
96.87,27.74,14,1
97.0,27.74,14,1
97.12,27.73,14,1
97.24,27.74,14,1
97.36,27.74,14,1
97.49,27.74,14,1
97.61,27.75,14,1
97.73,27.74,14,1
97.85,27.75,14,1
97.98,27.74,14,1
98.1,27.75,14,1
98.22,27.76,14,1
98.34,27.75,14,1
98.47,27.75,14,1
98.59,27.75,14,1
98.71,27.75,14,1
98.83,27.76,14,1
98.96,27.74,14,1
99.08,27.75,14,1
99.2,27.75,14,1
99.32,27.76,14,1
99.45,27.76,14,1
99.57,27.76,14,1
99.69,27.76,14,1
99.81,27.76,14,1
99.94,27.76,14,1
100.06,27.75,14,1
100.18,27.75,14,1
100.3,27.77,14,1
100.43,27.75,14,1
100.55,27.77,14,1
100.67,27.76,14,1
100.79,27.77,14,1
100.92,27.78,14,1
101.04,27.77,14,1
101.16,27.78,14,1
101.28,27.78,14,1
101.41,27.75,14,1
101.53,27.75,14,1
101.65,27.76,14,1
101.77,27.75,14,1
101.9,27.76,14,1
102.02,27.78,14,1
102.14,27.79,14,1
102.26,27.76,14,1
102.39,27.77,14,1
102.51,27.77,14,1
102.63,27.77,14,1
102.75,27.78,14,1
102.88,27.78,14,1
103.0,27.76,14,1
103.12,27.78,14,1
103.24,27.77,14,1
103.37,27.78,14,1
103.49,27.77,14,1
103.61,27.78,14,1
103.73,27.78,14,1
103.86,27.78,14,1
103.98,27.78,14,1
104.1,27.79,14,1
104.22,27.79,14,1
104.35,27.78,14,1
104.47,27.78,14,1
104.59,27.78,14,1
104.71,27.79,14,1
104.84,27.78,14,1
104.96,27.79,14,1
105.08,27.79,14,1
105.2,27.79,14,1
105.33,27.79,14,1
105.45,27.79,14,1
105.57,27.78,14,1
105.69,27.79,14,1
105.82,27.79,14,1
105.94,27.79,14,1
106.06,27.79,14,1
106.18,27.8,14,1
106.31,27.8,14,1
106.43,27.8,14,1
106.55,27.8,14,1
106.68,27.8,14,1
106.8,27.8,14,1
106.92,27.8,14,1
107.04,27.8,14,1
107.16,27.79,14,1
107.29,27.8,14,1
107.41,27.81,14,1
107.53,27.81,14,1
107.66,27.8,14,1
107.78,27.81,14,1
107.9,27.81,14,1
108.02,27.8,14,1
108.14,27.8,14,1
108.27,27.8,14,1
108.39,27.8,14,1
108.51,27.81,14,1
108.64,27.82,14,1
108.76,27.81,14,1
108.88,27.81,14,1
109.0,27.81,14,1
109.13,27.81,14,1
109.25,27.82,14,1
109.37,27.82,14,1
109.49,27.81,14,1
109.62,27.82,14,1
109.74,27.82,14,1
109.86,27.82,14,1
109.98,27.82,14,1
110.11,27.82,14,1
110.23,27.83,14,1
110.35,27.81,14,1
110.47,27.83,14,1
110.6,27.83,14,1
110.72,27.82,14,1
110.84,27.83,14,1
110.96,27.83,14,1
111.09,27.82,14,1
111.21,27.82,14,1
111.33,27.83,14,1
111.45,27.82,14,1
111.58,27.83,14,1
111.7,27.83,14,1
111.82,27.83,14,1
111.94,27.83,14,1
112.07,27.84,14,1
112.19,27.83,14,1
112.31,27.84,14,1
112.43,27.83,14,1
112.56,27.83,14,1
112.68,27.84,14,1
112.8,27.84,14,1
112.93,27.84,14,1
113.05,27.84,14,1
113.17,27.85,14,1
113.29,27.84,14,1
113.41,27.85,14,1
113.54,27.85,14,1
113.66,27.84,14,1
113.78,27.84,14,1
113.9,27.84,14,1
114.03,27.84,14,1
114.15,27.85,14,1
114.27,27.85,14,1
114.39,27.85,14,1
114.52,27.85,14,1
114.64,27.85,14,1
114.76,27.86,14,1
114.88,27.85,14,1
115.01,27.85,14,1
115.13,27.85,14,1
115.25,27.85,14,1
115.38,27.86,14,1
115.5,27.85,14,1
115.62,27.86,14,1
115.74,27.86,14,1
115.86,27.86,14,1
115.99,27.86,14,1
116.11,27.86,14,1
116.23,27.86,14,1
116.36,27.86,14,1
116.48,27.87,14,1
116.6,27.86,14,1
116.72,27.86,14,1
116.85,27.85,14,1
116.97,27.86,14,1
117.09,27.87,14,1
117.21,27.87,14,1
117.34,27.87,14,1
117.46,27.86,14,1
117.58,27.86,14,1
117.7,27.86,14,1
117.83,27.87,14,1
117.95,27.87,14,1
118.07,27.85,14,1
118.19,27.87,14,1
118.32,27.88,14,1
118.44,27.87,14,1
118.56,27.88,14,1
118.68,27.87,14,1
118.81,27.88,14,1
118.93,27.86,14,1
119.05,27.88,14,1
119.17,27.88,14,1
119.3,27.88,14,1
119.42,27.88,14,1
119.54,27.87,14,1
119.66,27.87,14,1
119.79,27.88,14,1
119.91,27.88,14,1
120.03,27.9,14,1
120.15,27.89,14,1
120.28,27.89,14,1
120.4,27.88,14,1
120.52,27.89,14,1
120.64,27.89,14,1
120.77,27.88,14,1
120.89,27.89,14,1
121.01,27.89,14,1
121.13,27.89,14,1
121.26,27.89,14,1
121.38,27.9,14,1
121.5,27.89,14,1
121.62,27.9,14,1
121.75,27.9,14,1
121.87,27.89,14,1
121.99,27.89,14,1
122.11,27.9,14,1
122.24,27.9,14,1
122.36,27.9,14,1
122.48,27.9,14,1
122.61,27.89,14,1
122.73,27.9,14,1
122.85,27.89,14,1
122.97,27.9,14,1
123.1,27.9,14,1
123.22,27.9,14,1
123.34,27.9,14,1
123.46,27.9,14,1
123.58,27.9,14,1
123.71,27.9,14,1
123.83,27.9,14,1
123.95,27.9,14,1
124.08,27.91,14,1
124.2,27.9,14,1
124.32,27.91,14,1
124.44,27.9,14,1
124.56,27.91,14,1
124.69,27.91,14,1
124.81,27.91,14,1
124.93,27.91,14,1
125.06,27.9,14,1
125.18,27.91,14,1
125.3,27.92,14,1
125.42,27.93,14,1
125.55,27.91,14,1
125.67,27.92,14,1
125.79,27.91,14,1
125.91,27.91,14,1
126.04,27.92,14,1
126.16,27.92,14,1
126.28,27.91,14,1
126.4,27.92,14,1
126.53,27.92,14,1
126.65,27.93,14,1
126.77,27.93,14,1
126.89,27.92,14,1
127.02,27.93,14,1
127.14,27.92,14,1
127.26,27.92,14,1
127.38,27.93,14,1
127.51,27.92,14,1
127.63,27.93,14,1
127.75,27.93,14,1
127.87,27.92,14,1
128.0,27.92,14,1
128.12,27.92,14,1
128.24,27.93,14,1
128.36,27.93,14,1
128.49,27.93,14,1
128.61,27.93,14,1
128.73,27.93,14,1
128.86,27.92,14,1
128.98,27.93,14,1
129.1,27.93,14,1
129.22,27.93,14,1
129.34,27.93,14,1
129.47,27.94,14,1
129.59,27.93,14,1
129.71,27.93,14,1
129.84,27.93,14,1
129.96,27.93,14,1
130.08,27.93,14,1
130.2,27.93,14,1
130.32,27.94,14,1
130.45,27.94,14,1
130.57,27.93,14,1
130.69,27.94,14,1
130.81,27.94,14,1
130.94,27.94,14,1
131.06,27.94,14,1
131.18,27.95,14,1
131.3,27.94,14,1
131.43,27.94,14,1
131.55,27.94,14,1
131.67,27.94,14,1
131.8,27.94,14,1
131.92,27.94,14,1
132.04,27.95,14,1
132.16,27.95,14,1
132.29,27.94,14,1
132.41,27.95,14,1
132.53,27.95,14,1
132.65,27.94,14,1
132.77,27.95,14,1
132.9,27.95,14,1
133.02,27.94,14,1
133.14,27.94,14,1
133.27,27.94,14,1
133.39,27.94,14,1
133.51,27.94,14,1
133.63,27.95,14,1
133.76,27.95,14,1
133.88,27.95,14,1
134.0,27.95,14,1
134.12,27.95,14,1
134.25,27.95,14,1
134.37,27.94,14,1
134.49,27.95,14,1
134.61,27.95,14,1
134.74,27.94,14,1
134.86,27.95,14,1
134.98,27.95,14,1
135.1,27.95,14,1
135.23,27.96,14,1
135.35,27.94,14,1
135.47,27.95,14,1
135.59,27.94,14,1
135.72,27.96,14,1
135.84,27.96,14,1
135.96,27.95,14,1
136.08,27.96,14,1
136.21,27.96,14,1
136.33,27.96,14,1
136.45,27.96,14,1
136.57,27.97,14,1
136.7,27.96,14,1
136.82,27.97,14,1
136.94,27.96,14,1
137.06,27.96,14,1
137.19,27.96,14,1
137.31,27.96,14,1
137.43,27.97,14,1
137.55,27.97,14,1
137.68,27.97,14,1
137.8,27.97,14,1
137.92,27.97,14,1
138.04,27.97,14,1
138.17,27.97,14,1
138.29,27.97,14,1
138.41,27.97,14,1
138.53,27.96,14,1
138.66,27.97,14,1
138.78,27.96,14,1
138.9,27.97,14,1
139.02,27.97,14,1
139.15,27.97,14,1
139.27,27.97,14,1
139.39,27.98,14,1
139.51,27.98,14,1
139.64,27.97,14,1
139.76,27.97,14,1
139.88,27.97,14,1
140.01,27.97,14,1
140.13,27.97,14,1
140.25,27.97,14,1
140.37,27.99,14,1
140.5,27.98,14,1
140.62,27.98,14,1
140.74,27.97,14,1
140.86,27.97,14,1
140.99,27.97,14,1
141.11,27.98,14,1
141.23,27.99,14,1
141.35,27.98,14,1
141.48,27.98,14,1
141.6,27.98,14,1
141.72,27.99,14,1
141.84,27.98,14,1
141.97,27.99,14,1
142.09,27.99,14,1
142.21,27.98,14,1
142.33,27.99,14,1
142.46,27.98,14,1
142.58,27.98,14,1
142.7,27.99,14,1
142.82,27.99,14,1
142.95,27.99,14,1
143.07,27.99,14,1
143.19,28.0,14,1
143.31,27.99,14,1
143.44,28.0,14,1
143.56,27.99,14,1
143.68,28.0,14,1
143.8,28.0,14,1
143.93,27.99,14,1
144.05,28.0,14,1
144.17,27.99,14,1
144.29,27.99,14,1
144.41,28.0,14,1
144.54,28.0,14,1
144.66,28.01,14,1
144.78,28.01,14,1
144.91,28.0,14,1
145.03,28.0,13,1
145.15,28.01,13,1
145.27,28.01,14,1
145.4,28.01,14,1
145.52,28.0,14,1
145.64,28.01,13,1
145.76,28.01,14,1
145.89,28.01,14,1
146.01,28.01,13,1
146.13,28.01,13,1
146.25,28.01,13,1
146.38,28.02,13,1
146.5,28.02,13,1
146.62,28.01,13,1
146.74,28.02,13,1
146.87,28.02,13,1
146.99,28.02,13,1
147.11,28.01,13,1
147.23,28.01,13,1
147.36,28.01,13,1
147.48,28.01,13,1
147.6,28.01,13,1
147.72,28.02,13,1
147.85,28.01,13,1
147.97,28.01,13,1
148.09,28.01,13,1
148.21,28.01,13,1
148.34,28.01,13,1
148.46,28.01,13,1
148.58,28.01,13,1
148.7,28.01,13,1
148.83,28.01,13,1
148.95,28.0,13,1
149.07,28.01,13,1
149.19,28.01,13,1
149.32,28.01,14,1
149.44,28.01,13,1
149.56,28.01,13,1
149.69,28.01,13,1
149.81,28.01,13,1
149.93,28.01,13,1
150.05,28.01,13,1
150.18,28.01,13,1
150.3,28.01,13,1
150.42,28.01,13,1
150.54,28.01,13,1
150.66,28.01,13,1
150.79,28.0,13,1
150.91,28.01,13,1
151.03,28.01,13,1
151.16,28.01,13,1
151.28,28.0,13,1
151.4,28.0,13,1
151.52,28.0,13,1
151.65,28.0,14,1
151.77,27.99,14,1
151.89,28.0,14,1
152.01,28.0,14,1
152.13,28.01,14,1
152.26,27.99,14,1
152.38,28.0,14,1
152.5,28.0,13,1
152.63,28.0,14,1
152.75,28.0,14,1
152.87,28.0,14,1
152.99,28.0,14,1
153.12,28.0,14,1
153.24,27.99,14,1
153.36,28.0,14,1
153.48,28.0,14,1
153.61,27.99,14,1
153.73,28.0,14,1
153.85,28.0,14,1
153.97,28.01,14,1
154.1,28.0,14,1
154.22,27.99,14,1
154.34,27.99,14,1
154.46,28.01,14,1
154.59,28.0,14,1
154.71,28.0,14,1
154.83,28.0,13,1
154.95,28.01,14,1
155.08,28.0,14,1
155.2,28.0,14,1
155.32,28.0,13,1
155.44,28.01,14,1
155.57,28.0,14,1
155.69,28.0,14,1
155.81,28.01,13,1
155.93,28.01,14,1
156.06,28.01,13,1
156.18,28.01,13,1
156.3,28.01,13,1
156.42,28.01,13,1
156.55,28.01,13,1
156.67,28.01,13,1
156.79,28.01,13,1
156.91,28.01,13,1
157.04,28.01,13,1
157.16,28.01,13,1
157.28,28.01,13,1
157.4,28.01,13,1
157.53,28.01,13,1
157.65,28.01,13,1
157.77,28.01,13,1
157.89,28.01,13,1
158.02,28.0,13,1
158.14,28.01,13,1
158.26,28.01,14,1
158.38,28.01,14,1
158.51,28.0,13,1
158.63,28.01,13,1
158.75,28.0,14,1
158.87,28.01,14,1
159.0,28.01,13,1
159.12,28.01,14,1
159.24,28.01,13,1
159.37,28.01,13,1
159.49,28.01,13,1
159.61,28.01,13,1
159.73,28.01,13,1
159.85,28.01,13,1
159.98,28.0,13,1
160.1,28.0,13,1
160.22,28.01,13,1
160.35,28.01,14,1
160.47,28.0,14,1
160.59,28.0,13,1
160.71,28.0,13,1
160.84,28.0,14,1
160.96,28.0,14,1
161.08,28.0,14,1
161.2,28.0,14,1
161.33,27.99,14,1
161.45,27.99,14,1
161.57,28.0,14,1
161.69,28.0,14,1
161.82,27.99,14,1
161.94,28.0,14,1
162.06,28.0,14,1
162.18,28.0,14,1
162.3,28.0,14,1
162.43,28.0,14,1
162.55,28.0,14,1
162.67,27.99,14,1
162.8,28.0,14,1
162.92,28.0,14,1
163.04,28.01,14,1
163.16,28.01,14,1
163.28,28.01,14,1
163.41,28.01,13,1
163.53,28.01,13,1
163.65,28.01,13,1
163.77,28.01,13,1
163.9,28.01,13,1
164.02,28.02,13,1
164.14,28.01,13,1
164.27,28.01,13,1
164.39,28.01,13,1
164.51,28.01,13,1
164.63,28.01,13,1
164.76,28.01,13,1
164.88,28.01,13,1
165.0,28.01,13,1
165.12,28.01,13,1
165.25,28.01,13,1
165.37,28.01,13,1
165.49,28.01,13,1
165.61,28.01,13,1
165.74,28.01,13,1
165.86,28.01,13,1
165.98,28.01,13,1
166.1,28.01,13,1
166.23,28.01,13,1
166.35,28.01,13,1
166.47,28.01,13,1
166.59,28.01,13,1
166.72,28.01,13,1
166.84,28.01,13,1
166.96,28.0,13,1
167.08,28.01,13,1
167.21,28.0,13,1
167.33,28.01,13,1
167.45,28.01,13,1
167.57,28.01,14,1
167.7,28.0,13,1
167.82,28.0,13,1
167.94,28.0,14,1
168.06,27.99,14,1
168.19,28.0,14,1
168.31,28.0,14,1
168.43,28.0,14,1
168.55,28.01,14,1
168.68,28.0,14,1
168.8,28.0,14,1
168.92,27.99,14,1
169.04,28.0,14,1
169.17,28.01,14,1
169.29,28.0,14,1
169.41,28.0,14,1
169.53,27.99,14,1
169.66,27.99,14,1
169.78,27.99,14,1
169.9,28.0,14,1
170.02,28.0,14,1
170.15,28.0,14,1
170.27,28.0,14,1
170.39,28.0,14,1
170.51,28.0,14,1
170.64,28.0,14,1
170.76,28.0,14,1
170.88,28.0,14,1
171.0,28.01,14,1
171.13,28.01,14,1
171.25,27.99,14,1
171.37,28.01,13,1
171.49,28.01,13,1
171.62,28.01,13,1
171.74,28.01,13,1
171.86,28.01,13,1
171.98,28.02,13,1
172.11,28.01,13,1
172.23,28.02,13,1
172.35,28.02,13,1
172.48,28.02,13,1
172.6,28.01,13,1
172.72,28.01,13,1
172.84,28.01,13,1
172.96,28.01,13,1
173.09,28.01,13,1
173.21,28.02,13,1
173.33,28.02,13,1
173.46,28.01,13,1
173.58,28.01,13,1
173.7,28.02,13,1
173.82,28.01,13,1
173.94,28.01,13,1
174.07,28.02,13,1
174.19,28.01,13,1
174.31,28.01,13,1
174.44,28.02,13,1
174.56,28.01,13,1
174.68,28.01,13,1
174.8,28.0,13,1
174.93,28.01,13,1
175.05,28.01,13,1
175.17,28.02,14,1
175.29,28.02,13,1
175.42,28.01,13,1
175.54,28.02,13,1
175.66,28.01,13,1
175.78,28.02,13,1
175.91,28.01,13,1
176.03,28.01,13,1
176.15,28.01,13,1
176.27,28.01,13,1
176.4,28.0,13,1
176.52,28.01,13,1
176.64,28.01,13,1
176.76,28.01,14,1
176.88,28.0,13,1
177.01,28.0,13,1
177.13,28.01,14,1
177.25,28.0,14,1
177.38,28.0,14,1
177.5,28.0,13,1
177.62,28.0,14,1
177.74,28.0,14,1
177.87,28.01,14,1
177.99,28.0,14,1
178.11,28.01,13,1
178.23,28.0,14,1
178.36,28.0,14,1
178.48,27.99,13,1
178.6,28.0,14,1
178.72,27.99,14,1
178.85,28.0,14,1
178.97,28.0,14,1
179.09,28.01,14,1
179.21,28.0,14,1
179.34,28.01,14,1
179.46,28.0,13,1
179.58,28.0,14,1
179.7,27.99,14,1
179.83,28.01,14,1
179.95,28.0,14,1
180.07,28.01,14,1
180.19,28.0,13,1
180.32,28.01,13,1
180.44,28.01,13,1
180.56,28.01,14,1
180.68,28.01,13,1
180.81,28.01,13,1
180.93,28.01,13,1
181.05,28.01,13,1
181.17,28.0,13,1
181.3,28.01,13,1
181.42,28.0,14,1
181.54,28.0,14,1
181.66,28.01,13,1
181.79,28.01,14,1
181.91,28.01,13,1
182.03,28.01,13,1
182.15,28.02,13,1
182.28,28.01,13,1
182.4,28.02,13,1
182.52,28.01,13,1
182.64,28.01,13,1
182.77,28.01,13,1
182.89,28.01,13,1
183.01,28.01,13,1
183.13,28.01,13,1
183.26,28.02,13,1
183.38,28.02,13,1
183.5,28.01,13,1
183.63,28.01,13,1
183.75,28.02,13,1
183.87,28.01,13,1
183.99,28.01,13,1
184.12,28.01,13,1
184.24,28.01,13,1
184.36,28.01,13,1
184.48,28.01,13,1
184.61,28.01,13,1
184.73,28.01,13,1
184.85,28.01,13,1
184.97,28.01,13,1
185.1,28.01,13,1
185.22,28.01,13,1
185.34,28.01,13,1
185.46,28.01,13,1
185.59,28.01,13,1
185.71,28.01,13,1
185.83,28.01,13,1
185.95,28.01,13,1
186.08,28.01,13,1
186.2,28.0,13,1
186.32,28.01,13,1
186.44,28.01,13,1
186.57,28.0,14,1
186.69,28.0,13,1
186.81,28.0,14,1
186.93,28.01,14,1
187.06,28.01,14,1
187.18,28.01,14,1
187.3,28.0,13,1
187.42,28.01,13,1
187.55,28.01,13,1
187.67,28.01,14,1
187.79,28.01,13,1
187.91,28.01,13,1
188.04,28.01,13,1
188.16,28.01,13,1
188.28,28.01,13,1
188.4,28.0,13,1
188.53,28.0,13,1
188.65,28.0,13,1
188.77,28.01,14,1
188.89,28.01,14,1
189.02,27.99,14,1
189.14,28.0,13,1
189.26,28.01,13,1
189.38,28.01,14,1
189.51,28.01,13,1
189.63,28.01,13,1
189.75,28.0,13,1
189.87,28.01,13,1
190.0,28.0,14,1
190.12,28.01,14,1
190.24,28.01,13,1
190.36,28.01,14,1
190.49,27.99,13,1
190.61,28.01,13,1
190.73,28.01,13,1
190.85,28.0,14,1
190.98,28.01,13,1
191.1,28.01,14,1
191.22,28.01,14,1
191.34,28.01,13,1
191.47,28.0,13,1
191.59,28.01,13,1
191.71,28.01,13,1
191.83,28.01,14,1
191.96,28.01,13,1
192.08,28.01,13,1
192.2,28.0,13,1
192.32,28.01,13,1
192.45,28.01,13,1
192.57,28.01,14,1
192.69,28.01,13,1
192.82,28.02,13,1
192.94,28.01,13,1
193.06,28.01,13,1
193.18,28.01,13,1
193.3,28.01,13,1
193.43,28.01,13,1
193.55,28.01,13,1
193.67,28.01,13,1
193.8,28.01,13,1
193.92,28.0,13,1
194.04,28.01,13,1
194.16,28.01,13,1
194.29,28.01,13,1
194.41,28.01,13,1
194.53,28.0,13,1
194.65,28.01,13,1
194.78,28.01,14,1
194.9,28.0,13,1
195.02,28.01,13,1
195.14,28.01,13,1
195.27,28.01,14,1
195.39,28.01,13,1
195.51,28.01,13,1
195.63,28.01,13,1
195.76,28.0,13,1
195.88,28.0,13,1
196.0,28.01,14,1
196.12,28.0,14,1
196.25,28.0,14,1
196.37,28.0,13,1
196.49,28.01,14,1
196.61,28.0,14,1
196.74,28.0,14,1
196.86,27.99,13,1
196.98,28.0,14,1
197.1,28.0,14,1
197.23,28.0,14,1
197.35,28.0,14,1
197.47,28.0,14,1
197.59,28.0,14,1
197.72,28.0,14,1
197.84,28.0,14,1
197.96,28.01,14,1
198.08,28.01,14,1
198.21,28.0,14,1
198.33,28.02,13,1
198.45,28.01,13,1
198.57,28.01,13,1
198.7,28.02,13,1
198.82,28.01,13,1
198.94,28.01,13,1
199.06,28.01,13,1
199.19,28.02,13,1
199.31,28.02,13,1
199.43,28.02,13,1
199.55,28.0,13,1
199.68,28.03,13,1
199.8,28.02,14,1
199.92,28.02,14,1
200.04,28.0,13,1
200.17,28.01,13,1
200.29,28.02,14,1
200.41,28.01,14,1
200.53,28.03,13,1
200.66,28.01,13,1
200.78,28.02,13,1
200.9,28.02,13,1
201.02,28.02,13,1
201.15,28.01,13,1
201.27,28.02,13,1
201.39,28.02,13,1
201.51,28.02,13,1
201.64,28.01,13,1
201.76,28.01,13,1
201.88,28.02,13,1
202.0,28.02,13,1
202.13,28.02,13,1
202.25,28.01,13,1
202.37,28.02,13,1
202.49,28.01,13,1
202.62,28.01,13,1
202.74,28.02,13,1
202.86,28.01,13,1
202.98,28.02,13,1
203.11,28.02,13,1
203.23,28.01,13,1
203.35,28.02,13,1
203.47,28.01,13,1
203.6,28.02,13,1
203.72,28.01,13,1
203.84,28.01,13,1
203.97,28.01,13,1
204.09,28.01,13,1
204.21,28.01,13,1
204.33,28.01,13,1
204.45,28.01,13,1
204.58,28.01,13,1
204.7,28.01,13,1
204.82,28.01,13,1
204.95,28.01,13,1
205.07,28.01,13,1
205.19,28.01,13,1
205.31,28.01,13,1
205.43,28.01,13,1
205.56,28.0,13,1
205.68,28.0,13,1
205.8,28.01,13,1
205.93,28.01,14,1
206.05,28.01,14,1
206.17,28.0,13,1
206.29,28.01,13,1
206.41,28.01,13,1
206.54,28.01,14,1
206.66,28.0,13,1
206.78,28.01,13,1
206.91,28.0,13,1
207.03,28.0,14,1
207.15,28.0,13,1
207.27,28.01,14,1
207.4,28.01,14,1
207.52,28.01,14,1
207.64,28.01,13,1
207.76,28.01,13,1
207.88,28.01,13,1
208.01,28.0,13,1
208.13,28.01,13,1
208.25,28.0,14,1
208.38,27.99,13,1
208.5,28.0,13,1
208.62,28.01,14,1
208.74,28.0,14,1
208.87,28.01,13,1
208.99,28.01,13,1
209.11,28.0,14,1
209.23,28.01,13,1
209.36,28.01,14,1
209.48,28.01,13,1
209.6,28.0,13,1
209.72,28.01,13,1
209.85,28.01,13,1
209.97,28.01,13,1
210.09,28.01,13,1
210.21,28.0,13,1
210.34,28.01,13,1
210.46,28.01,14,1
210.58,28.01,14,1
210.7,28.0,13,1
210.83,28.01,13,1
210.95,28.01,14,1
211.07,28.0,13,1
211.19,28.02,13,1
211.32,28.01,13,1
211.44,28.01,14,1
211.56,28.0,13,1
211.68,28.01,13,1
211.81,28.01,13,1
211.93,28.01,14,1
212.05,28.0,13,1
212.17,28.01,13,1
212.3,28.01,13,1
212.42,28.01,14,1
212.54,28.0,13,1
212.66,28.01,13,1
212.79,28.02,13,1
212.91,28.01,14,1
213.03,27.99,13,1
213.15,28.01,13,1
213.28,28.01,13,1
213.4,28.01,14,1
213.52,28.01,13,1
213.65,28.01,13,1
213.77,28.0,13,1
213.89,28.01,13,1
214.01,28.01,13,1
214.13,28.01,14,1
214.26,28.01,13,1
214.38,28.01,13,1
214.5,28.01,13,1
214.63,28.01,13,1
214.75,28.01,13,1
214.87,28.01,13,1
214.99,28.01,13,1
215.11,28.01,13,1
215.24,28.0,13,1
215.36,28.01,13,1
215.48,28.0,13,1
215.61,28.01,14,1
215.73,28.0,13,1
215.85,28.01,13,1
215.97,28.01,13,1
216.1,28.01,14,1
216.22,28.01,13,1
216.34,28.01,13,1
216.46,28.01,13,1
216.59,28.01,13,1
216.71,28.01,13,1
216.83,28.01,13,1
216.95,28.01,13,1
217.08,28.01,13,1
217.2,28.01,13,1
217.32,28.01,13,1
217.44,28.01,13,1
217.57,28.01,13,1
217.69,28.01,13,1
217.81,28.01,13,1
217.93,28.01,13,1
218.06,28.02,13,1
218.18,28.01,13,1
218.3,28.01,13,1
218.42,28.01,13,1
218.55,28.0,13,1
218.67,28.0,13,1
218.79,28.01,13,1
218.91,28.0,14,1
219.04,28.0,13,1
219.16,28.0,14,1
219.28,28.01,14,1
219.4,28.0,14,1
219.53,28.0,14,1
219.65,28.01,14,1
219.77,28.01,14,1
219.89,28.01,14,1
220.02,28.0,13,1
220.14,28.01,13,1
220.26,28.01,14,1
220.38,28.01,14,1
220.51,28.0,13,1
220.63,28.02,13,1
220.75,28.01,14,1
220.87,28.01,14,1
221.0,28.0,13,1
221.12,28.02,13,1
221.24,28.01,14,1
221.36,28.0,13,1
221.49,28.01,13,1
221.61,28.01,13,1
221.73,28.01,13,1
221.85,28.01,13,1
221.98,28.01,13,1
222.1,28.01,13,1
222.22,28.01,13,1
222.35,28.01,13,1
222.47,28.02,13,1
222.59,28.01,13,1
222.71,28.02,13,1
222.83,28.01,13,1
222.96,28.01,13,1
223.08,28.02,13,1
223.2,28.01,13,1
223.33,28.01,13,1
223.45,28.02,13,1
223.57,28.02,13,1
223.69,28.02,13,1
223.81,28.02,13,1
223.94,28.02,13,1
224.06,28.01,13,1
224.18,28.01,13,1
224.3,28.01,13,1
224.43,28.01,13,1
224.55,28.02,13,1
224.67,28.02,13,1
224.79,28.01,13,1
224.92,28.01,13,1
225.04,28.01,13,1
225.16,28.01,13,1
225.29,28.01,13,1
225.41,28.01,13,1
225.53,28.01,13,1
225.65,28.01,13,1
225.77,28.02,13,1
225.9,28.01,13,1
226.02,28.01,13,1
226.14,28.01,13,1
226.27,28.01,13,1
226.39,28.01,13,1
226.51,28.01,13,1
226.63,28.02,13,1
226.76,28.01,13,1
226.88,28.01,13,1
227.0,28.01,13,1
227.12,28.01,13,1
227.25,28.01,13,1
227.37,28.01,13,1
227.49,28.01,13,1
227.61,28.01,13,1
227.74,28.01,13,1
227.86,28.01,13,1
227.98,28.01,13,1
228.1,28.02,13,1
228.23,28.01,13,1
228.35,28.01,13,1
228.47,28.01,13,1
228.59,28.01,13,1
228.72,28.01,13,1
228.84,28.01,13,1
228.96,28.01,13,1
229.08,28.01,13,1
229.21,28.01,13,1
229.33,28.01,13,1
229.45,28.01,13,1
229.57,28.01,13,1
229.7,28.01,13,1
229.82,28.01,13,1
229.94,28.01,13,1
230.06,28.01,13,1
230.19,28.01,13,1
230.31,28.01,13,1
230.43,28.01,13,1
230.55,28.01,13,1
230.68,28.01,13,1
230.8,28.01,13,1
230.92,28.01,13,1
231.04,28.01,13,1
231.17,28.02,13,1
231.29,28.01,13,1
231.41,28.01,13,1
231.53,28.01,13,1
231.66,28.01,13,1
231.78,28.01,13,1
231.9,28.01,13,1
232.02,28.01,13,1
232.15,28.01,13,1
232.27,28.01,13,1
232.39,28.01,13,1
232.51,28.01,13,1
232.64,28.01,13,1
232.76,28.01,13,1
232.88,28.01,13,1
233.0,28.01,13,1
233.13,28.01,13,1
233.25,28.01,13,1
233.37,28.01,13,1
233.49,28.01,13,1
233.62,28.01,13,1
233.74,28.01,13,1
233.86,28.01,13,1
233.99,28.01,13,1
234.11,28.01,13,1
234.23,28.01,13,1
234.35,28.01,13,1
234.47,28.01,13,1
234.6,28.01,13,1
234.72,28.01,13,1
234.84,28.01,13,1
234.96,28.01,13,1
235.09,28.02,13,1
235.21,28.01,13,1
235.33,28.01,13,1
235.45,28.01,13,1
235.58,28.01,13,1
235.7,28.02,13,1
235.82,28.0,13,1
235.94,28.01,13,1
236.07,28.01,13,1
236.19,28.01,14,1
236.31,28.0,13,1
236.44,28.01,13,1
236.56,28.01,13,1
236.68,28.0,14,1
236.8,28.0,13,1
236.93,28.01,14,1
237.05,28.01,14,1
237.17,28.0,14,1
237.29,28.01,13,1
237.41,28.02,14,1
237.54,28.02,14,1
237.66,28.02,13,1
237.78,28.0,13,1
237.91,28.01,13,1
238.03,28.02,14,1
238.15,28.01,14,1
238.27,28.02,13,1
238.4,28.02,13,1
238.52,28.02,13,1
238.64,28.02,13,1
238.76,28.02,13,1
238.88,28.02,13,1
239.01,28.02,13,1
239.13,28.02,13,1
239.25,28.02,13,1
239.38,28.02,13,1
239.5,28.02,13,1
239.62,28.02,13,1
239.74,28.02,13,1
239.87,28.02,13,1
239.99,28.02,13,1
240.11,28.02,13,1
240.23,28.02,13,1
240.36,28.02,13,1
240.48,28.02,13,1
240.6,28.02,13,1
240.72,28.02,13,1
240.85,28.02,13,1
240.97,28.02,13,1
241.09,28.02,13,1
241.21,28.02,13,1
241.34,28.02,13,1
241.46,28.02,13,1
241.58,28.03,13,1
241.7,28.02,13,1
241.83,28.02,13,1
241.95,28.02,13,1
242.07,28.02,13,1
242.19,28.03,13,1
242.32,28.02,13,1
242.44,28.02,13,1
242.56,28.02,13,1
242.68,28.02,13,1
242.81,28.02,13,1
242.93,28.02,13,1
243.05,28.02,13,1
243.17,28.03,13,1
243.3,28.02,13,1
243.42,28.03,13,1
243.54,28.02,13,1
243.66,28.02,13,1
243.79,28.02,13,1
243.91,28.03,13,1
244.03,28.02,13,1
244.15,28.02,13,1
244.28,28.02,13,1
244.4,28.02,13,1
244.52,28.02,13,1
244.64,28.02,13,1
244.77,28.02,13,1
244.89,28.02,13,1
245.01,28.02,13,1
245.13,28.02,13,1
245.26,28.02,13,1
245.38,28.02,13,1
245.5,28.02,13,1
245.62,28.02,13,1
245.75,28.02,13,1
245.87,28.02,13,1
245.99,28.02,13,1
246.12,28.02,13,1
246.24,28.02,13,1
246.36,28.02,13,1
246.48,28.02,13,1
246.61,28.02,13,1
246.73,28.02,13,1
246.85,28.02,13,1
246.97,28.03,13,1
247.1,28.02,13,1
247.22,28.02,13,1
247.34,28.03,13,1
247.46,28.02,13,1
247.59,28.03,13,1
247.71,28.02,13,1
247.83,28.02,13,1
247.95,28.03,13,1
248.08,28.02,13,1
248.2,28.03,13,1
248.32,28.02,13,1
248.44,28.03,13,1
248.57,28.03,13,1
248.69,28.02,13,1
248.81,28.02,13,1
248.93,28.02,13,1
249.05,28.02,13,1
249.18,28.02,13,1
249.3,28.02,13,1
249.42,28.03,13,1
249.55,28.03,13,1
249.67,28.02,13,1
249.79,28.02,13,1
249.91,28.02,13,1
250.04,28.03,13,1
250.16,28.02,13,1
250.28,28.03,13,1
250.4,28.02,13,1
250.53,28.03,13,1
250.65,28.03,13,1
250.77,28.03,13,1
250.89,28.02,13,1
251.02,28.02,13,1
251.14,28.03,13,1
251.26,28.03,13,1
251.38,28.03,13,1
251.51,28.02,13,1
251.63,28.02,13,1
251.75,28.03,13,1
251.87,28.03,13,1
252.0,28.03,13,1
252.12,28.03,13,1
252.24,28.02,13,1
252.36,28.03,13,1
252.49,28.02,13,1
252.61,28.02,13,1
252.73,28.02,13,1
252.85,28.02,13,1
252.98,28.03,13,1
253.1,28.03,13,1
253.22,28.02,13,1
253.34,28.03,13,1
253.47,28.02,13,1
253.59,28.03,13,1
253.71,28.02,13,1
253.83,28.02,13,1
253.96,28.02,13,1
254.08,28.03,13,1
254.2,28.02,13,1
254.32,28.02,13,1
254.45,28.03,13,1
254.57,28.02,13,1
254.69,28.02,13,1
254.81,28.02,13,1
254.94,28.03,13,1
255.06,28.03,13,1
255.18,28.02,13,1
255.3,28.02,13,1
255.43,28.02,13,1
255.55,28.02,13,1
255.67,28.03,13,1
255.8,28.02,13,1
255.92,28.02,13,1
256.04,28.02,13,1
256.16,28.02,13,1
256.29,28.02,13,1
256.41,28.02,13,1
256.53,28.03,13,1
256.65,28.02,13,1
256.77,28.02,13,1
256.9,28.02,13,1
257.02,28.02,13,1
257.14,28.02,13,1
257.27,28.03,13,1
257.39,28.03,13,1
257.51,28.03,13,1
257.63,28.02,13,1
257.76,28.02,13,1
257.88,28.02,13,1
258.0,28.02,13,1
258.12,28.02,13,1
258.25,28.02,13,1
258.37,28.02,13,1
258.49,28.01,13,1
258.61,28.02,13,1
258.73,28.02,13,1
258.86,28.02,13,1
258.98,28.02,13,1
259.1,28.02,13,1
259.23,28.02,13,1
259.35,28.02,13,1
259.47,28.02,13,1
259.59,28.02,13,1
259.72,28.02,13,1
259.84,28.02,13,1
259.96,28.02,13,1
260.08,28.02,13,1
260.2,28.02,13,1
260.33,28.02,13,1
260.45,28.03,13,1
260.57,28.02,13,1
260.7,28.02,13,1
260.82,28.02,13,1
260.94,28.02,13,1
261.06,28.02,13,1
261.19,28.02,13,1
261.31,28.02,13,1
261.43,28.02,13,1
261.55,28.02,13,1
261.68,28.02,13,1
261.8,28.02,13,1
261.92,28.02,13,1
262.04,28.03,13,1
262.17,28.02,13,1
262.29,28.02,13,1
262.41,28.02,13,1
262.53,28.02,13,1
262.66,28.02,13,1
262.78,28.02,13,1
262.9,28.02,13,1
263.02,28.02,13,1
263.15,28.02,13,1
263.27,28.02,13,1
263.39,28.02,13,1
263.51,28.02,13,1
263.64,28.02,13,1
263.76,28.02,13,1
263.88,28.02,13,1
264.0,28.02,13,1
264.13,28.02,13,1
264.25,28.02,13,1
264.37,28.02,13,1
264.5,28.02,13,1
264.62,28.02,13,1
264.74,28.02,13,1
264.86,28.02,13,1
264.98,28.02,13,1
265.11,28.02,13,1
265.23,28.02,13,1
265.35,28.02,13,1
265.48,28.02,13,1
265.6,28.02,13,1
265.72,28.02,13,1
265.84,28.02,13,1
265.97,28.02,13,1
266.09,28.02,13,1
266.21,28.02,13,1
266.33,28.02,13,1
266.45,28.02,13,1
266.58,28.02,13,1
266.7,28.02,13,1
266.82,28.02,13,1
266.95,28.02,13,1
267.07,28.02,13,1
267.19,28.01,13,1
267.31,28.02,13,1
267.44,28.02,13,1
267.56,28.02,13,1
267.68,28.02,13,1
267.8,28.02,13,1
267.92,28.01,13,1
268.05,28.02,13,1
268.17,28.01,13,1
268.29,28.02,13,1
268.41,28.01,13,1
268.54,28.01,13,1
268.66,28.02,13,1
268.78,28.02,13,1
268.91,28.02,13,1
269.03,28.02,13,1
269.15,28.02,13,1
269.27,28.02,13,1
269.39,28.01,13,1
269.52,28.01,13,1
269.64,28.01,13,1
269.76,28.02,13,1
269.89,28.02,13,1
270.01,28.02,13,1
270.13,28.01,13,1
270.25,28.02,13,1
270.38,28.02,13,1
270.5,28.02,13,1
270.62,28.02,13,1
270.74,28.02,13,1
270.87,28.02,13,1
270.99,28.02,13,1
271.11,28.02,13,1
271.23,28.02,13,1
271.36,28.02,13,1
271.48,28.02,13,1
271.6,28.02,13,1
271.72,28.02,13,1
271.85,28.02,13,1
271.97,28.02,13,1
272.09,28.02,13,1
272.21,28.02,13,1
272.34,28.02,13,1
272.46,28.02,13,1
272.58,28.02,13,1
272.7,28.02,13,1
272.83,28.02,13,1
272.95,28.02,13,1
273.07,28.02,13,1
273.19,28.02,13,1
273.32,28.01,13,1
273.44,28.02,13,1
273.56,28.02,13,1
273.68,28.03,13,1
273.81,28.02,13,1
273.93,28.01,13,1
274.05,28.02,13,1
274.17,28.02,13,1
274.3,28.02,13,1
274.42,28.02,13,1
274.54,28.02,13,1
274.66,28.02,13,1
274.79,28.02,13,1
274.91,28.02,13,1
275.03,28.01,13,1
275.15,28.02,13,1
275.28,28.02,13,1
275.4,28.03,13,1
275.52,28.02,13,1
275.64,28.01,13,1
275.77,28.02,13,1
275.89,28.02,13,1
276.01,28.02,13,1
276.13,28.02,13,1
276.26,28.02,13,1
276.38,28.02,13,1
276.5,28.02,13,1
276.63,28.02,13,1
276.75,28.02,13,1
276.87,28.02,13,1
276.99,28.02,13,1
277.11,28.02,13,1
277.24,28.01,13,1
277.36,28.02,13,1
277.48,28.02,13,1
277.61,28.02,13,1
277.73,28.02,13,1
277.85,28.02,13,1
277.97,28.01,13,1
278.1,28.02,13,1
278.22,28.02,13,1
278.34,28.02,13,1
278.46,28.01,13,1
278.58,28.02,13,1
278.71,28.02,13,1
278.83,28.01,13,1
278.95,28.02,13,1
279.08,28.02,13,1
279.2,28.01,13,1
279.32,28.01,13,1
279.44,28.01,13,1
279.57,28.01,13,1
279.69,28.01,13,1
279.81,28.01,13,1
279.93,28.02,13,1
280.06,28.02,13,1
280.18,28.01,13,1
280.3,28.02,13,1
280.42,28.02,13,1
280.55,28.01,13,1
280.67,28.02,13,1
280.79,28.01,13,1
280.91,28.01,13,1
281.04,28.0,13,1
281.16,28.01,13,1
281.28,28.01,13,1
281.4,28.01,14,1
281.53,28.01,13,1
281.65,28.01,13,1
281.77,28.01,13,1
281.89,28.02,13,1
282.02,28.01,9,1
282.14,28.01,9,1
282.26,28.02,9,1
282.38,28.02,9,1
282.51,28.02,9,1
282.63,28.0,9,1
282.75,28.01,9,1
282.87,28.0,9,1
283.0,28.01,9,1
283.12,28.01,9,1
283.24,28.01,9,1
283.36,28.0,9,1
283.49,27.99,9,1
283.61,27.99,9,1
283.73,28.0,9,1
283.85,27.99,9,1
283.98,27.98,9,1
284.1,27.98,9,1
284.22,27.98,9,1
284.34,27.97,9,1
284.47,27.96,9,1
284.59,27.97,9,1
284.71,27.96,9,1
284.83,27.97,9,1
284.96,27.94,9,1
285.08,27.94,9,1
285.2,27.95,9,1
285.32,27.94,9,1
285.45,27.94,9,1
285.57,27.93,9,1
285.69,27.92,9,1
285.81,27.92,9,1
285.94,27.92,9,1
286.06,27.91,9,1
286.18,27.91,9,1
286.3,27.91,9,1
286.43,27.89,9,1
286.55,27.89,9,1
286.67,27.89,9,1
286.79,27.89,9,1
286.92,27.88,9,1
287.04,27.88,9,1
287.16,27.87,9,1
287.28,27.87,9,1
287.41,27.86,9,1
287.53,27.86,9,1
287.65,27.85,9,1
287.77,27.85,9,1
287.89,27.85,9,1
288.02,27.84,9,1
288.14,27.84,9,1
288.26,27.83,9,1
288.39,27.82,9,1
288.51,27.82,9,1
288.63,27.82,9,1
288.75,27.81,9,1
288.88,27.81,9,1
289.0,27.81,9,1
289.12,27.8,9,1
289.24,27.8,9,1
289.36,27.79,9,1
289.49,27.79,9,1
289.61,27.78,9,1
289.73,27.78,9,1
289.86,27.77,9,1
289.98,27.77,9,1
290.1,27.77,9,1
290.22,27.76,9,1
290.35,27.76,9,1
290.47,27.76,9,1
290.59,27.75,9,1
290.71,27.74,9,1
290.83,27.74,10,1
290.96,27.73,10,1
291.08,27.73,10,1
291.2,27.72,10,1
291.33,27.72,10,1
291.45,27.72,10,1
291.57,27.71,10,1
291.69,27.71,10,1
291.82,27.71,10,1
291.94,27.7,10,1
292.06,27.7,10,1
292.18,27.7,10,1
292.3,27.69,10,1
292.43,27.69,10,1
292.55,27.68,10,1
292.67,27.68,10,1
292.8,27.67,10,1
292.92,27.67,10,1
293.04,27.67,10,1
293.16,27.66,10,1
293.29,27.67,10,1
293.41,27.66,10,1
293.53,27.67,10,1
293.65,27.66,10,1
293.78,27.65,10,1
293.9,27.65,10,1
294.02,27.65,10,1
294.14,27.65,10,1
294.27,27.64,10,1
294.39,27.65,10,1
294.51,27.63,10,1
294.63,27.63,10,1
294.76,27.64,10,1
294.88,27.63,10,1
295.0,27.64,10,1
295.12,27.63,10,1
295.25,27.63,10,1
295.37,27.63,10,1
295.49,27.62,10,1
295.61,27.62,10,1
295.74,27.62,10,1
295.86,27.62,10,1
295.98,27.62,10,1
296.1,27.62,10,1
296.23,27.62,10,1
296.35,27.61,10,1
296.47,27.61,10,1
296.59,27.61,10,1
296.72,27.6,10,1
296.84,27.61,10,1
296.96,27.6,10,1
297.08,27.6,10,1
297.21,27.59,10,1
297.33,27.59,10,1
297.45,27.59,10,1
297.58,27.59,10,1
297.7,27.59,10,1
297.82,27.58,10,1
297.94,27.59,10,1
298.06,27.58,10,1
298.19,27.58,10,1
298.31,27.57,10,1
298.43,27.58,10,1
298.55,27.57,10,1
298.68,27.56,10,1
298.8,27.57,10,1
298.92,27.57,10,1
299.05,27.57,10,1
299.17,27.56,10,1
299.29,27.56,10,1
299.41,27.56,10,1
299.54,27.55,10,1
299.66,27.56,10,1
299.78,27.55,10,1
299.9,27.55,10,1
300.02,27.54,10,1
300.15,27.55,10,1
300.27,27.53,10,1
300.39,27.55,10,1
300.52,27.55,10,1
300.64,27.54,10,1
300.76,27.54,10,1
300.88,27.54,10,1
301.01,27.53,10,1
301.13,27.53,10,1
301.25,27.52,10,1
301.37,27.53,10,1
301.5,27.53,10,1
301.62,27.52,10,1
301.74,27.52,10,1
301.86,27.53,10,1
301.99,27.53,10,1
302.11,27.53,10,1
302.23,27.52,10,1
302.35,27.51,10,1
302.48,27.5,10,1
302.6,27.51,10,1
302.72,27.51,10,1
302.84,27.5,10,1
302.97,27.5,10,1
303.09,27.5,10,1
303.21,27.5,10,1
303.33,27.5,10,1
303.46,27.51,10,1
303.58,27.5,10,1
303.7,27.5,10,1
303.82,27.49,10,1
303.95,27.48,10,1
304.07,27.49,10,1
304.19,27.49,10,1
304.32,27.49,10,1
304.44,27.48,10,1
304.56,27.47,10,1
304.68,27.49,10,1
304.8,27.48,10,1
304.93,27.47,10,1
305.05,27.47,10,1
305.17,27.46,10,1
305.3,27.47,10,1
305.42,27.46,10,1
305.54,27.47,10,1
305.66,27.47,10,1
305.78,27.47,10,1
305.91,27.47,10,1
306.03,27.47,10,1
306.15,27.46,10,1
306.27,27.46,10,1
306.4,27.46,10,1
306.52,27.45,10,1
306.64,27.46,10,1
306.76,27.46,10,1
306.89,27.46,10,1
307.01,27.46,10,1
307.13,27.45,10,1
307.26,27.45,10,1
307.38,27.46,10,1
307.5,27.45,10,1
307.62,27.44,10,1
307.75,27.44,10,1
307.87,27.43,10,1
307.99,27.43,10,1
308.11,27.43,10,1
308.23,27.43,10,1
308.36,27.44,10,1
308.48,27.43,10,1
308.6,27.43,10,1
308.73,27.43,10,1
308.85,27.43,10,1
308.97,27.43,10,1
309.09,27.43,10,1
309.22,27.43,10,1
309.34,27.41,10,1
309.46,27.41,10,1
309.58,27.42,10,1
309.71,27.42,10,1
309.83,27.42,10,1
309.95,27.41,10,1
310.07,27.42,10,1
310.2,27.41,10,1
310.32,27.41,10,1
310.44,27.4,10,1
310.56,27.4,10,1
310.69,27.4,10,1
310.81,27.4,10,1
310.93,27.4,10,1
311.05,27.4,10,1
311.18,27.4,10,1
311.3,27.4,10,1
311.42,27.38,10,1
311.54,27.4,10,1
311.67,27.4,10,1
311.79,27.4,10,1
311.91,27.39,10,1
312.03,27.38,10,1
312.16,27.39,10,1
312.28,27.38,10,1
312.4,27.38,10,1
312.52,27.38,10,1
312.65,27.38,10,1
312.77,27.39,10,1
312.89,27.38,10,1
313.01,27.38,10,1
313.14,27.37,10,1
313.26,27.37,10,1
313.38,27.37,10,1
313.5,27.37,10,1
313.63,27.37,10,1
313.75,27.37,10,1
313.87,27.37,10,1
314.0,27.37,10,1
314.12,27.36,10,1
314.24,27.37,10,1
314.36,27.36,10,1
314.48,27.36,10,1
314.61,27.36,10,1
314.73,27.36,10,1
314.85,27.35,10,1
314.98,27.35,10,1
315.1,27.35,10,1
315.22,27.35,10,1
315.34,27.35,10,1
315.46,27.34,10,1
315.59,27.35,10,1
315.71,27.35,10,1
315.83,27.34,10,1
315.95,27.34,10,1
316.08,27.34,10,1
316.2,27.35,10,1
316.32,27.34,10,1
316.45,27.33,10,1
316.57,27.33,10,1
316.69,27.33,10,1
316.81,27.34,10,1
316.94,27.33,10,1
317.06,27.34,10,1
317.18,27.33,10,1
317.3,27.34,10,1
317.42,27.33,10,1
317.55,27.33,10,1
317.67,27.32,10,1
317.79,27.32,10,1
317.92,27.32,10,1
318.04,27.32,10,1
318.16,27.32,10,1
318.28,27.32,10,1
318.41,27.32,10,1
318.53,27.32,10,1
318.65,27.31,10,1
318.77,27.31,10,1
318.9,27.31,10,1
319.02,27.31,10,1
319.14,27.31,10,1
319.26,27.31,10,1
319.39,27.31,10,1
319.51,27.3,10,1
319.63,27.3,10,1
319.75,27.3,10,1
319.88,27.3,10,1
320.0,27.31,10,1
320.12,27.3,10,1
320.24,27.29,10,1
320.37,27.29,10,1
320.49,27.3,10,1
320.61,27.29,10,1
320.73,27.29,10,1
320.86,27.29,10,1
320.98,27.3,10,1
321.1,27.29,10,1
321.22,27.28,10,1
321.35,27.28,10,1
321.47,27.28,10,1
321.59,27.28,10,1
321.71,27.29,10,1
321.84,27.28,10,1
321.96,27.28,10,1
322.08,27.29,10,1
322.2,27.28,10,1
322.33,27.27,10,1
322.45,27.28,10,1
322.57,27.28,10,1
322.7,27.27,10,1
322.82,27.27,10,1
322.94,27.26,10,1
323.06,27.27,10,1
323.19,27.26,10,1
323.31,27.27,10,1
323.43,27.26,10,1
323.55,27.26,10,1
323.67,27.27,10,1
323.8,27.27,10,1
323.92,27.27,10,1
324.04,27.26,10,1
324.17,27.26,10,1
324.29,27.25,10,1
324.41,27.26,10,1
324.53,27.26,10,1
324.66,27.25,10,1
324.78,27.25,10,1
324.9,27.25,10,1
325.02,27.26,10,1
325.14,27.25,10,1
325.27,27.24,10,1
325.39,27.25,10,1
325.51,27.24,10,1
325.64,27.25,11,1
325.76,27.25,10,1
325.88,27.24,10,1
326.0,27.24,10,1
326.13,27.24,10,1
326.25,27.23,10,1
326.37,27.24,11,1
326.49,27.24,11,1
326.62,27.24,11,1
326.74,27.24,11,1
326.86,27.24,11,1
326.98,27.24,11,1
327.11,27.24,11,1
327.23,27.23,11,1
327.35,27.24,11,1
327.47,27.23,11,1
327.6,27.23,11,1
327.72,27.23,11,1
327.84,27.23,11,1
327.96,27.23,11,1
328.09,27.23,11,1
328.21,27.23,11,1
328.33,27.22,11,1
328.45,27.23,11,1
328.58,27.23,11,1
328.7,27.23,11,1
328.82,27.23,11,1
328.94,27.22,11,1
329.07,27.23,11,1
329.19,27.23,11,1
329.31,27.23,11,1
329.43,27.22,11,1
329.56,27.23,11,1
329.68,27.23,11,1
329.8,27.23,11,1
329.92,27.23,11,1
330.05,27.23,11,1
330.17,27.23,11,1
330.29,27.23,11,1
330.42,27.23,11,1
330.54,27.23,11,1
330.66,27.23,11,1
330.78,27.23,11,1
330.9,27.23,11,1
331.03,27.23,11,1
331.15,27.24,11,1
331.27,27.24,11,1
331.39,27.22,11,1
331.52,27.23,11,1
331.64,27.23,11,1
331.76,27.23,11,1
331.89,27.23,11,1
332.01,27.23,11,1
332.13,27.23,11,1
332.25,27.23,11,1
332.38,27.23,11,1
332.5,27.24,11,1
332.62,27.23,11,1
332.74,27.23,11,1
332.86,27.24,11,1
332.99,27.23,11,1
333.11,27.24,11,1
333.23,27.24,11,1
333.36,27.23,11,1
333.48,27.24,11,1
333.6,27.23,11,1
333.72,27.23,11,1
333.85,27.24,11,1
333.97,27.23,11,1
334.09,27.24,11,1
334.21,27.23,11,1
334.34,27.24,11,1
334.46,27.24,11,1
334.58,27.24,11,1
334.7,27.24,11,1
334.83,27.23,11,1
334.95,27.24,11,1
335.07,27.24,11,1
335.19,27.23,11,1
335.32,27.24,11,1
335.44,27.23,11,1
335.56,27.24,11,1
335.68,27.23,11,1
335.81,27.24,11,1
335.93,27.24,11,1
336.05,27.24,11,1
336.17,27.23,11,1
336.3,27.24,11,1
336.42,27.23,11,1
336.54,27.24,11,1
336.66,27.24,11,1
336.79,27.23,11,1
336.91,27.24,11,1
337.03,27.23,11,1
337.16,27.24,11,1
337.28,27.24,11,1
337.4,27.24,11,1
337.52,27.23,11,1
337.64,27.24,11,1
337.77,27.23,11,1
337.89,27.24,11,1
338.01,27.23,11,1
338.14,27.24,11,1
338.26,27.24,11,1
338.38,27.24,11,1
338.5,27.24,11,1
338.62,27.24,11,1
338.75,27.24,11,1
338.87,27.24,11,1
338.99,27.23,11,1
339.11,27.23,11,1
339.24,27.23,11,1
339.36,27.24,11,1
339.48,27.24,11,1
339.6,27.24,11,1
339.73,27.23,11,1
339.85,27.24,11,1
339.97,27.23,11,1
340.09,27.24,11,1
340.22,27.24,11,1
340.34,27.23,11,1
340.46,27.23,11,1
340.58,27.23,11,1
340.71,27.23,11,1
340.83,27.24,11,1
340.95,27.24,11,1
341.08,27.24,11,1
341.2,27.24,11,1
341.32,27.24,11,1
341.44,27.24,11,1
341.57,27.23,11,1
341.69,27.24,11,1
341.81,27.24,11,1
341.93,27.23,11,1
342.05,27.23,11,1
342.18,27.23,11,1
342.3,27.24,11,1
342.42,27.24,11,1
342.55,27.23,11,1
342.67,27.23,11,1
342.79,27.23,11,1
342.91,27.24,11,1
343.04,27.23,11,1
343.16,27.23,11,1
343.28,27.23,11,1
343.4,27.24,11,1
343.53,27.24,11,1
343.65,27.23,11,1
343.77,27.23,11,1
343.89,27.23,11,1
344.02,27.23,11,1
344.14,27.23,11,1
344.26,27.23,11,1
344.38,27.23,11,1
344.51,27.23,11,1
344.63,27.23,11,1
344.75,27.23,11,1
344.87,27.23,11,1
345.0,27.23,11,1
345.12,27.23,11,1
345.24,27.23,11,1
345.36,27.23,11,1
345.49,27.24,11,1
345.61,27.23,11,1
345.73,27.23,11,1
345.85,27.23,11,1
345.98,27.23,11,1
346.1,27.23,11,1
346.22,27.23,11,1
346.34,27.23,11,1
346.47,27.23,11,1
346.59,27.23,11,1
346.71,27.23,11,1
346.83,27.23,11,1
346.96,27.23,11,1
347.08,27.23,11,1
347.2,27.23,11,1
347.32,27.23,11,1
347.45,27.23,11,1
347.57,27.23,11,1
347.69,27.23,11,1
347.81,27.23,11,1
347.94,27.23,11,1
348.06,27.23,11,1
348.18,27.23,11,1
348.3,27.23,11,1
348.43,27.22,11,1
348.55,27.23,11,1
348.67,27.23,11,1
348.79,27.23,11,1
348.92,27.23,11,1
349.04,27.22,11,1
349.16,27.23,11,1
349.29,27.22,11,1
349.41,27.23,11,1
349.53,27.23,11,1
349.65,27.23,11,1
349.77,27.23,11,1
349.9,27.22,11,1
350.02,27.23,11,1
350.14,27.23,11,1
350.27,27.23,11,1
350.39,27.22,11,1
350.51,27.22,11,1
350.63,27.23,11,1
350.76,27.23,11,1
350.88,27.22,11,1
351.0,27.22,11,1
351.12,27.22,11,1
351.25,27.22,11,1
351.37,27.22,11,1
351.49,27.22,11,1
351.61,27.22,11,1
351.74,27.22,11,1
351.86,27.22,11,1
351.98,27.23,11,1
352.1,27.22,11,1
352.23,27.22,11,1
352.35,27.22,11,1
352.47,27.22,11,1
352.59,27.22,11,1
352.72,27.22,11,1
352.84,27.22,11,1
352.96,27.22,11,1
353.08,27.22,11,1
353.21,27.22,11,1
353.33,27.22,11,1
353.45,27.22,11,1
353.57,27.22,11,1
353.7,27.22,11,1
353.82,27.22,11,1
353.94,27.22,11,1
354.06,27.22,11,1
354.19,27.22,11,1
354.31,27.22,11,1
354.43,27.22,11,1
354.55,27.22,11,1
354.68,27.22,11,1
354.8,27.22,11,1
354.92,27.22,11,1
355.05,27.21,11,1
355.17,27.22,11,1
355.29,27.22,11,1
355.41,27.21,11,1
355.54,27.21,11,1
355.66,27.22,11,1
355.78,27.21,11,1
355.9,27.21,11,1
356.02,27.21,11,1
356.15,27.22,11,1
356.27,27.22,11,1
356.39,27.21,11,1
356.52,27.22,11,1
356.64,27.22,11,1
356.76,27.21,11,1
356.88,27.21,11,1
357.01,27.22,11,1
357.13,27.21,11,1
357.25,27.21,11,1
357.37,27.21,11,1
357.5,27.22,11,1
357.62,27.21,11,1
357.74,27.21,11,1
357.86,27.21,11,1
357.99,27.21,11,1
358.11,27.21,11,1
358.23,27.21,11,1
358.35,27.21,11,1
358.48,27.21,11,1
358.6,27.21,11,1
358.72,27.21,11,1
358.84,27.21,11,1
358.97,27.21,11,1
359.09,27.21,11,1
359.21,27.21,11,1
359.33,27.21,11,1
359.46,27.21,11,1
359.58,27.21,11,1
359.7,27.21,11,1
359.82,27.21,11,1
359.95,27.21,11,1
360.07,27.21,11,1
360.19,27.21,11,1
360.31,27.21,11,1
360.44,27.21,11,1
360.56,27.2,11,1
360.68,27.2,11,1
360.8,27.21,11,1
360.93,27.21,11,1
361.05,27.21,11,1
361.17,27.21,11,1
361.29,27.21,11,1
361.42,27.21,11,1
361.54,27.2,11,1
361.66,27.2,11,1
361.78,27.2,11,1
361.91,27.21,11,1
362.03,27.21,11,1
362.15,27.2,11,1
362.27,27.21,11,1
362.4,27.2,11,1
362.52,27.2,11,1
362.64,27.21,11,1
362.77,27.21,11,1
362.89,27.2,11,1
363.01,27.2,11,1
363.13,27.21,11,1
363.25,27.2,11,1
363.38,27.2,11,1
363.5,27.2,11,1
363.62,27.2,11,1
363.75,27.21,11,1
363.87,27.2,11,1
363.99,27.21,11,1
364.11,27.2,11,1
364.23,27.2,11,1
364.36,27.2,11,1
364.48,27.2,11,1
364.6,27.21,11,1
364.73,27.2,11,1
364.85,27.21,11,1
364.97,27.2,11,1
365.09,27.2,11,1
365.22,27.2,11,1
365.34,27.2,11,1
365.46,27.2,11,1
365.58,27.2,11,1
365.71,27.2,11,1
365.83,27.2,11,1
365.95,27.2,11,1
366.07,27.2,11,1
366.2,27.2,11,1
366.32,27.2,11,1
366.44,27.2,11,1
366.56,27.2,11,1
366.69,27.2,11,1
366.81,27.2,11,1
366.93,27.2,11,1
367.05,27.2,11,1
367.17,27.2,11,1
367.3,27.2,11,1
367.42,27.2,11,1
367.54,27.2,11,1
367.67,27.2,11,1
367.79,27.2,11,1
367.91,27.19,11,1
368.03,27.2,11,1
368.16,27.2,11,1
368.28,27.2,11,1
368.4,27.2,11,1
368.52,27.2,11,1
368.65,27.2,11,1
368.77,27.2,11,1
368.89,27.2,11,1
369.01,27.2,11,1
369.14,27.2,11,1
369.26,27.19,11,1
369.38,27.2,11,1
369.5,27.2,11,1
369.63,27.2,11,1
369.75,27.19,11,1
369.87,27.19,11,1
369.99,27.19,11,1
370.12,27.2,11,1
370.24,27.2,11,1
370.36,27.19,11,1
370.48,27.2,11,1
370.61,27.19,11,1
370.73,27.2,11,1
370.85,27.2,11,1
370.97,27.2,11,1
371.1,27.19,11,1
371.22,27.19,11,1
371.34,27.19,11,1
371.47,27.19,11,1
371.59,27.19,11,1
371.71,27.2,11,1
371.83,27.2,11,1
371.95,27.2,11,1
372.08,27.2,11,1
372.2,27.19,11,1
372.32,27.19,11,1
372.45,27.19,11,1
372.57,27.19,11,1
372.69,27.2,11,1
372.81,27.2,11,1
372.94,27.19,11,1
373.06,27.19,11,1
373.18,27.19,11,1
373.3,27.2,11,1
373.42,27.19,11,1
373.55,27.19,11,1
373.67,27.19,11,1
373.79,27.19,11,1
373.92,27.19,11,1
374.04,27.19,11,1
374.16,27.19,11,1
374.28,27.19,11,1
374.41,27.19,11,1
374.53,27.19,11,1
374.65,27.19,11,1
374.77,27.19,11,1
374.9,27.19,11,1
375.02,27.19,11,1
375.14,27.19,11,1
375.26,27.18,11,1
375.39,27.19,11,1
375.51,27.19,11,1
375.63,27.19,11,1
375.75,27.19,11,1
375.88,27.18,11,1
376.0,27.18,11,1
376.12,27.18,11,1
376.24,27.18,11,1
376.37,27.19,11,1
376.49,27.18,11,1
376.61,27.18,11,1
376.73,27.19,11,1
376.86,27.19,11,1
376.98,27.19,11,1
377.1,27.18,11,1
377.22,27.19,11,1
377.35,27.18,11,1
377.47,27.18,11,1
377.59,27.18,11,1
377.71,27.19,11,1
377.84,27.19,11,1
377.96,27.18,11,1
378.08,27.18,11,1
378.2,27.19,11,1
378.33,27.18,11,1
378.45,27.19,11,1
378.57,27.18,11,1
378.69,27.18,11,1
378.82,27.19,11,1
378.94,27.18,11,1
379.06,27.19,11,1
379.19,27.18,11,1
379.31,27.18,11,1
379.43,27.18,11,1
379.55,27.18,11,1
379.67,27.18,11,1
379.8,27.18,11,1
379.92,27.18,11,1
380.04,27.18,11,1
380.17,27.18,11,1
380.29,27.18,11,1
380.41,27.18,11,1
380.53,27.19,11,1
380.65,27.18,11,1
380.78,27.18,11,1
380.9,27.18,11,1
381.02,27.19,11,1
381.14,27.18,11,1
381.27,27.18,11,1
381.39,27.18,11,1
381.51,27.18,11,1
381.64,27.18,11,1
381.76,27.18,11,1
381.88,27.18,11,1
382.0,27.18,11,1
382.13,27.18,11,1
382.25,27.19,11,1
382.37,27.18,11,1
382.49,27.18,11,1
382.61,27.18,11,1
382.74,27.18,11,1
382.86,27.18,11,1
382.98,27.18,11,1
383.11,27.18,11,1
383.23,27.18,11,1
383.35,27.18,11,1
383.47,27.18,11,1
383.6,27.18,11,1
383.72,27.18,11,1
383.84,27.18,11,1
383.96,27.18,11,1
384.09,27.18,11,1
384.21,27.17,11,1
384.33,27.18,11,1
384.45,27.18,11,1
384.58,27.18,11,1
384.7,27.18,11,1
384.82,27.18,11,1
384.94,27.18,11,1
385.07,27.18,11,1
385.19,27.18,11,1
385.31,27.17,11,1
385.43,27.18,11,1
385.56,27.18,11,1
385.68,27.18,11,1
385.8,27.18,11,1
385.92,27.18,11,1
386.05,27.17,11,1
386.17,27.18,11,1
386.29,27.18,11,1
386.41,27.18,11,1
386.54,27.17,11,1
386.66,27.18,11,1
386.78,27.18,11,1
386.91,27.18,11,1
387.03,27.18,11,1
387.15,27.17,11,1
387.27,27.17,11,1
387.39,27.17,11,1
387.52,27.18,11,1
387.64,27.18,11,1
387.76,27.18,11,1
387.89,27.17,11,1
388.01,27.17,11,1
388.13,27.17,11,1
388.25,27.17,11,1
388.38,27.18,11,1
388.5,27.17,11,1
388.62,27.17,11,1
388.74,27.18,11,1
388.87,27.17,11,1
388.99,27.17,11,1
389.11,27.17,11,1
389.23,27.17,11,1
389.36,27.17,11,1
389.48,27.17,11,1
389.6,27.17,11,1
389.72,27.17,11,1
389.85,27.17,11,1
389.97,27.17,11,1
390.09,27.17,11,1
390.21,27.17,11,1
390.33,27.17,11,1
390.46,27.17,11,1
390.58,27.17,11,1
390.7,27.17,11,1
390.83,27.16,11,1
390.95,27.17,11,1
391.07,27.17,11,1
391.19,27.16,11,1
391.32,27.17,11,1
391.44,27.16,11,1
391.56,27.17,11,1
391.68,27.17,11,1
391.8,27.17,11,1
391.93,27.16,11,1
392.05,27.17,11,1
392.17,27.17,11,1
392.3,27.16,11,1
392.42,27.16,11,1
392.54,27.16,11,1
392.66,27.16,11,1
392.79,27.16,11,1
392.91,27.16,11,1
393.03,27.17,11,1
393.15,27.16,11,1
393.28,27.16,11,1
393.4,27.16,11,1
393.52,27.16,11,1
393.64,27.16,11,1
393.77,27.16,11,1
393.89,27.16,11,1
394.01,27.16,11,1
394.13,27.16,11,1
394.26,27.16,11,1
394.38,27.16,11,1
394.5,27.16,11,1
394.63,27.16,11,1
394.75,27.17,11,1
394.87,27.16,11,1
394.99,27.16,11,1
395.11,27.16,11,1
395.24,27.16,11,1
395.36,27.16,11,1
395.48,27.16,11,1
395.6,27.16,11,1
395.73,27.16,11,1
395.85,27.16,11,1
395.97,27.16,11,1
396.1,27.16,11,1
396.22,27.16,11,1
396.34,27.16,11,1
396.46,27.16,11,1
396.58,27.16,11,1
396.71,27.16,11,1
396.83,27.16,11,1
396.95,27.16,11,1
397.08,27.16,11,1
397.2,27.16,11,1
397.32,27.16,11,1
397.44,27.16,11,1
397.57,27.15,11,1
397.69,27.15,11,1
397.81,27.16,11,1
397.93,27.16,11,1
398.06,27.15,11,1
398.18,27.16,11,1
398.3,27.16,11,1
398.42,27.16,11,1
398.55,27.16,11,1
398.67,27.15,11,1
398.79,27.16,11,1
398.91,27.16,11,1
399.04,27.15,11,1
399.16,27.15,11,1
399.28,27.15,11,1
399.4,27.16,11,1
399.52,27.15,11,1
399.65,27.16,11,1
399.77,27.16,11,1
399.89,27.16,11,1
400.02,27.16,11,1
400.14,27.15,11,1
400.26,27.15,11,1
400.38,27.15,11,1
400.51,27.15,11,1
400.63,27.15,11,1
400.75,27.16,11,1
400.87,27.15,11,1
401.0,27.16,11,1
401.12,27.15,11,1
401.24,27.16,11,1
401.36,27.15,11,1
401.49,27.16,11,1
401.61,27.15,11,1
401.73,27.15,11,1
401.85,27.15,11,1
401.98,27.15,11,1
402.1,27.16,11,1
402.22,27.15,11,1
402.34,27.15,11,1
402.47,27.15,11,1
402.59,27.16,11,1
402.71,27.15,11,1
402.83,27.16,11,1
402.96,27.15,11,1
403.08,27.15,11,1
403.2,27.16,11,1
403.32,27.15,11,1
403.45,27.15,11,1
403.57,27.16,11,1
403.69,27.15,11,1
403.82,27.15,11,1
403.94,27.15,11,1
404.06,27.15,11,1
404.18,27.15,11,1
404.3,27.16,11,1
404.43,27.15,11,1
404.55,27.15,11,1
404.67,27.15,11,1
404.8,27.16,11,1
404.92,27.15,11,1
405.04,27.15,11,1
405.16,27.16,11,1
405.29,27.15,11,1
405.41,27.15,11,1
405.53,27.15,11,1
405.65,27.15,11,1
405.77,27.15,11,1
405.9,27.16,11,1
406.02,27.15,11,1
406.14,27.15,11,1
406.27,27.15,11,1
406.39,27.15,11,1
406.51,27.15,11,1
406.63,27.15,11,1
406.76,27.16,11,1
406.88,27.15,11,1
407.0,27.15,11,1
407.12,27.15,11,1
407.25,27.15,11,1
407.37,27.15,11,1
407.49,27.15,11,1
407.61,27.15,11,1
407.74,27.14,11,1
407.86,27.15,11,1
407.98,27.14,11,1
408.1,27.15,11,1
408.23,27.15,11,1
408.35,27.16,11,1
408.47,27.15,11,1
408.59,27.15,11,1
408.72,27.15,11,1
408.84,27.15,11,1
408.96,27.15,11,1
409.08,27.15,11,1
409.21,27.15,11,1
409.33,27.15,11,1
409.45,27.15,11,1
409.57,27.14,11,1
409.7,27.15,11,1
409.82,27.15,11,1
409.94,27.15,11,1
410.06,27.14,11,1
410.19,27.15,11,1
410.31,27.15,11,1
410.43,27.15,11,1
410.55,27.15,11,1
410.68,27.15,11,1
410.8,27.15,11,1
410.92,27.15,11,1
411.04,27.15,11,1
411.17,27.15,11,1
411.29,27.15,11,1
411.41,27.15,11,1
411.54,27.15,11,1
411.66,27.15,11,1
411.78,27.15,11,1
411.9,27.15,11,1
412.02,27.15,11,1
412.15,27.15,11,1
412.27,27.15,11,1
412.39,27.15,11,1
412.52,27.15,11,1
412.64,27.15,11,1
412.76,27.15,11,1
412.88,27.15,11,1
413.01,27.15,11,1
413.13,27.15,11,1
413.25,27.15,11,1
413.37,27.15,11,1
413.5,27.15,11,1
413.62,27.15,11,1
413.74,27.15,11,1
413.86,27.15,11,1
413.98,27.15,11,1
414.11,27.15,11,1
414.23,27.14,11,1
414.35,27.14,11,1
414.48,27.15,11,1
414.6,27.15,11,1
414.72,27.15,11,1
414.84,27.15,11,1
414.97,27.15,11,1
415.09,27.14,11,1
415.21,27.15,11,1
415.33,27.15,11,1
415.46,27.14,11,1
415.58,27.15,11,1
415.7,27.15,11,1
415.82,27.14,11,1
415.95,27.15,11,1
416.07,27.14,11,1
416.19,27.14,11,1
416.31,27.14,11,1
416.44,27.15,11,1
416.56,27.15,11,1
416.68,27.15,11,1
416.8,27.15,11,1
416.93,27.14,11,1
417.05,27.15,11,1
417.17,27.15,11,1
417.29,27.15,11,1
417.42,27.15,11,1
417.54,27.15,11,1
417.66,27.15,11,1
417.78,27.15,11,1
417.91,27.15,11,1
418.03,27.15,11,1
418.15,27.14,11,1
418.27,27.15,11,1
418.4,27.15,11,1
418.52,27.15,11,1
418.64,27.14,11,1
418.76,27.15,11,1
418.89,27.14,11,1
419.01,27.15,11,1
419.13,27.15,11,1
419.26,27.14,11,1
419.38,27.14,11,1
419.5,27.14,11,1
419.62,27.14,11,1
419.75,27.14,11,1
419.87,27.14,11,1
419.99,27.14,11,1
420.11,27.14,11,1
420.24,27.14,11,1
420.36,27.15,11,1
420.48,27.14,11,1
420.6,27.14,11,1
420.73,27.14,11,1
420.85,27.14,11,1
420.97,27.14,11,1
421.09,27.14,11,1
421.22,27.14,11,1
421.34,27.14,11,1
421.46,27.15,11,1
421.58,27.14,11,1
421.71,27.15,11,1
421.83,27.14,11,1
421.95,27.14,11,1
422.07,27.14,11,1
422.2,27.14,11,1
422.32,27.14,11,1
422.44,27.14,11,1
422.56,27.13,11,1
422.69,27.14,11,1
422.81,27.14,11,1
422.93,27.14,11,1
423.05,27.14,11,1
423.18,27.13,11,1
423.3,27.14,11,1
423.42,27.14,11,1
423.54,27.14,11,1
423.67,27.14,11,1
423.79,27.14,11,1
423.91,27.14,11,1
424.03,27.13,11,1
424.16,27.14,11,1
424.28,27.14,11,1
424.4,27.13,11,1
424.52,27.13,11,1
424.65,27.13,11,1
424.77,27.14,11,1
424.89,27.13,11,1
425.02,27.13,11,1
425.14,27.13,11,1
425.26,27.14,11,1
425.38,27.13,11,1
425.5,27.14,11,1
425.63,27.13,11,1
425.75,27.13,11,1
425.87,27.13,11,1
426.0,27.13,11,1
426.12,27.13,11,1
426.24,27.13,11,1
426.36,27.13,11,1
426.48,27.13,11,1
426.61,27.13,11,1
426.73,27.13,11,1
426.85,27.13,11,1
426.98,27.13,11,1
427.1,27.13,11,1
427.22,27.12,11,1
427.34,27.13,11,1
427.47,27.13,11,1
427.59,27.13,11,1
427.71,27.13,11,1
427.83,27.13,11,1
427.95,27.13,11,1
428.08,27.13,11,1
428.2,27.12,11,1
428.32,27.13,11,1
428.45,27.12,11,1
428.57,27.12,11,1
428.69,27.12,11,1
428.81,27.12,11,1
428.94,27.13,11,1
429.06,27.12,11,1
429.18,27.12,11,1
429.3,27.13,11,1
429.42,27.12,11,1
429.55,27.12,11,1
429.67,27.12,11,1
429.79,27.12,11,1
429.92,27.12,11,1
430.04,27.12,11,1
430.16,27.12,11,1
430.28,27.12,11,1
430.41,27.12,11,1
430.53,27.11,11,1
430.65,27.12,11,1
430.77,27.12,11,1
430.9,27.12,11,1
431.02,27.12,11,1
431.14,27.12,11,1
431.26,27.11,11,1
431.39,27.12,11,1
431.51,27.11,11,1
431.63,27.12,11,1
431.75,27.12,11,1
431.88,27.12,11,1
432.0,27.12,11,1
432.12,27.11,11,1
432.24,27.11,11,1
432.37,27.11,11,1
432.49,27.12,11,1
432.61,27.12,11,1
432.73,27.11,11,1
432.86,27.11,11,1
432.98,27.11,11,1
433.1,27.12,11,1
433.22,27.11,11,1
433.35,27.11,11,1
433.47,27.11,11,1
433.59,27.11,11,1
433.72,27.11,11,1
433.84,27.11,11,1
433.96,27.11,11,1
434.08,27.12,11,1
434.2,27.11,11,1
434.33,27.11,11,1
434.45,27.11,11,1
434.57,27.11,11,1
434.7,27.11,11,1
434.82,27.11,11,1
434.94,27.11,11,1
435.06,27.11,11,1
435.19,27.11,11,1
435.31,27.11,11,1
435.43,27.11,11,1
435.55,27.11,11,1
435.67,27.1,11,1
435.8,27.11,11,1
435.92,27.11,11,1
436.04,27.1,11,1
436.17,27.1,11,1
436.29,27.1,11,1
436.41,27.11,11,1
436.53,27.11,11,1
436.66,27.11,11,1
436.78,27.11,11,1
436.9,27.1,11,1
437.02,27.1,11,1
437.14,27.1,11,1
437.27,27.11,11,1
437.39,27.1,11,1
437.51,27.1,11,1
437.64,27.1,11,1
437.76,27.11,11,1
437.88,27.1,11,1
438.0,27.11,11,1
438.13,27.11,11,1
438.25,27.1,11,1
438.37,27.1,11,1
438.49,27.1,11,1
438.62,27.1,11,1
438.74,27.1,11,1
438.86,27.1,11,1
438.98,27.1,11,1
439.11,27.1,11,1
439.23,27.1,11,1
439.35,27.1,11,1
439.47,27.1,11,1
439.6,27.1,11,1
439.72,27.1,11,1
439.84,27.1,11,1
439.96,27.1,11,1
440.09,27.09,11,1
440.21,27.1,11,1
440.33,27.1,11,1
440.45,27.1,11,1
440.58,27.09,11,1
440.7,27.1,11,1
440.82,27.1,11,1
440.94,27.1,11,1
441.07,27.1,11,1
441.19,27.1,11,1
441.31,27.1,11,1
441.44,27.1,11,1
441.56,27.09,11,1
441.68,27.1,11,1
441.8,27.1,11,1
441.92,27.1,11,1
442.05,27.1,11,1
442.17,27.1,11,1
442.29,27.09,11,1
442.42,27.1,11,1
442.54,27.09,11,1
442.66,27.1,11,1
442.78,27.1,11,1
442.9,27.1,11,1
443.03,27.09,11,1
443.15,27.1,11,1
443.27,27.09,11,1
443.39,27.09,11,1
443.52,27.09,11,1
443.64,27.1,11,1
443.76,27.1,11,1
443.89,27.09,11,1
444.01,27.09,11,1
444.13,27.09,11,1
444.25,27.09,11,1
444.38,27.09,11,1
444.5,27.09,11,1
444.62,27.09,11,1
444.74,27.09,11,1
444.86,27.09,11,1
444.99,27.09,11,1
445.11,27.09,11,1
445.23,27.09,11,1
445.36,27.08,11,1
445.48,27.09,11,1
445.6,27.09,11,1
445.72,27.09,11,1
445.85,27.09,11,1
445.97,27.09,11,1
446.09,27.09,11,1
446.21,27.09,11,1
446.34,27.09,11,1
446.46,27.09,11,1
446.58,27.09,11,1
446.7,27.09,11,1
446.83,27.09,11,1
446.95,27.08,11,1
447.07,27.09,11,1
447.19,27.09,11,1
447.32,27.08,11,1
447.44,27.08,11,1
447.56,27.08,11,1
447.68,27.08,11,1
447.81,27.08,11,1
447.93,27.08,11,1
448.05,27.08,11,1
448.17,27.08,11,1
448.3,27.08,11,1
448.42,27.08,11,1
448.54,27.08,11,1
448.66,27.08,11,1
448.79,27.09,11,1
448.91,27.08,11,1
449.03,27.08,11,1
449.15,27.08,11,1
449.28,27.08,11,1
449.4,27.08,11,1
449.52,27.08,11,1
449.64,27.08,11,1
449.77,27.08,11,1
449.89,27.08,11,1
450.01,27.08,11,1
450.14,27.08,11,1
450.26,27.08,11,1
450.38,27.08,11,1
450.5,27.08,11,1
450.62,27.08,11,1
450.75,27.08,11,1
450.87,27.08,11,1
450.99,27.08,11,1
451.11,27.08,11,1
451.24,27.08,11,1
451.36,27.08,11,1
451.48,27.08,11,1
451.61,27.08,11,1
451.73,27.07,11,1
451.85,27.08,11,1
451.97,27.07,11,1
452.09,27.07,11,1
452.22,27.08,11,1
452.34,27.07,11,1
452.46,27.07,11,1
452.58,27.07,11,1
452.71,27.08,11,1
452.83,27.07,11,1
452.95,27.07,11,1
453.08,27.07,11,1
453.2,27.07,11,1
453.32,27.07,11,1
453.44,27.07,11,1
453.57,27.07,11,1
453.69,27.07,11,1
453.81,27.07,11,1
453.93,27.07,11,1
454.05,27.07,11,1
454.18,27.07,11,1
454.3,27.07,11,1
454.42,27.06,11,1
454.55,27.07,11,1
454.67,27.07,11,1
454.79,27.07,11,1
454.91,27.07,11,1
455.04,27.07,11,1
455.16,27.07,11,1
455.28,27.07,11,1
455.4,27.07,11,1
455.53,27.07,11,1
455.65,27.07,11,1
455.77,27.07,11,1
455.89,27.07,11,1
456.02,27.07,11,1
456.14,27.06,11,1
456.26,27.06,11,1
456.38,27.06,11,1
456.51,27.07,11,1
456.63,27.06,11,1
456.75,27.06,11,1
456.88,27.07,11,1
457.0,27.06,11,1
457.12,27.06,11,1
457.24,27.06,11,1
457.36,27.06,11,1
457.49,27.06,11,1
457.61,27.06,11,1
457.73,27.06,11,1
457.85,27.06,11,1
457.98,27.06,16,1
458.1,27.06,16,1
458.22,27.06,16,1
458.35,27.05,16,1
458.47,27.06,16,1
458.59,27.06,16,1
458.71,27.05,16,1
458.83,27.06,16,1
458.96,27.06,16,1
459.08,27.06,16,1
459.2,27.07,16,1
459.33,27.08,16,1
459.45,27.07,16,1
459.57,27.08,0,1
459.69,27.09,0,1
459.81,27.09,0,1
459.94,27.09,0,1
460.06,27.1,0,1
460.18,27.09,0,1
460.3,27.1,0,1
460.43,27.1,0,1
460.55,27.1,0,1
460.67,27.09,0,1
460.79,27.09,14,1
460.92,27.08,43,1
461.04,27.08,88,1
461.16,27.07,117,1
461.29,27.06,152,1
461.41,27.06,164,1
461.53,27.07,164,1
461.65,27.08,164,1
461.77,27.1,164,1
461.9,27.13,164,1
462.02,27.19,164,1
462.14,27.25,164,1
462.26,27.31,164,1
462.39,27.39,164,1
462.51,27.48,164,1
462.63,27.57,164,1
462.75,27.67,164,1
462.88,27.78,164,1
463.0,27.9,164,1
463.12,28.02,164,1
463.24,28.15,164,1
463.36,28.28,164,1
463.49,28.42,164,1
463.61,28.56,164,1
463.73,28.71,164,1
463.85,28.85,164,1
463.98,29.01,164,1
464.1,29.15,164,1
464.22,29.32,164,1
464.34,29.47,164,1
464.46,29.63,164,1
464.59,29.8,164,1
464.71,29.95,164,1
464.83,30.13,164,1
464.95,30.28,164,1
465.08,30.45,164,1
465.2,30.62,164,1
465.32,30.79,164,1
465.44,30.97,164,1
465.56,31.12,164,1
465.69,31.29,164,1
465.81,31.46,164,1
465.93,31.63,164,1
466.05,31.8,164,1
466.18,31.96,164,1
466.3,32.14,164,1
466.42,32.3,164,1
466.54,32.47,164,1
466.66,32.64,164,1
466.79,32.8,164,1
466.91,32.97,164,1
467.03,33.13,164,1
467.15,33.3,164,1
467.27,33.47,164,1
467.4,33.63,164,1
467.52,33.8,164,1
467.64,33.96,164,1
467.76,34.11,164,1
467.89,34.28,164,1
468.01,34.45,164,1
468.13,34.6,164,1
468.25,34.76,164,1
468.38,34.91,164,1
468.5,35.08,164,1
468.62,35.24,164,1
468.74,35.4,164,1
468.86,35.56,164,1
468.99,35.71,164,1
469.11,35.86,164,1
469.23,36.03,164,1
469.35,36.18,164,1
469.48,36.33,164,1
469.6,36.49,164,1
469.72,36.63,164,1
469.84,36.78,164,1
469.96,36.93,164,1
470.09,37.09,164,1
470.21,37.23,164,1
470.33,37.38,164,1
470.45,37.52,164,1
470.58,37.67,164,1
470.7,37.81,164,1
470.82,37.96,164,1
470.94,38.1,164,1
471.07,38.23,164,1
471.19,38.38,164,1
471.31,38.52,164,1
471.43,38.66,164,1
471.55,38.8,164,1
471.68,38.94,164,1
471.8,39.07,164,1
471.92,39.21,164,1
472.04,39.35,164,1
472.17,39.48,164,1
472.29,39.62,164,1
472.41,39.75,164,1
472.53,39.88,164,1
472.65,40.01,164,1
472.78,40.15,164,1
472.9,40.28,164,1
473.02,40.41,164,1
473.14,40.55,164,1
473.27,40.68,164,1
473.39,40.81,164,1
473.51,40.94,164,1
473.63,41.06,164,1
473.75,41.19,164,1
473.88,41.31,164,1
474.0,41.44,164,1
474.12,41.57,164,1
474.24,41.69,164,1
474.36,41.81,164,1
474.49,41.94,164,1
474.61,42.07,164,1
474.73,42.2,164,1
474.86,42.32,164,1
474.98,42.43,164,1
475.1,42.55,164,1
475.22,42.69,164,1
475.34,42.79,164,1
475.47,42.92,164,1
475.59,43.03,164,1
475.71,43.16,164,1
475.83,43.26,164,1
475.95,43.39,164,1
476.08,43.49,164,1
476.2,43.62,164,1
476.32,43.72,164,1
476.44,43.84,164,1
476.57,43.97,164,1
476.69,44.08,164,1
476.81,44.19,164,1
476.93,44.31,164,1
477.05,44.42,164,1
477.18,44.53,55,0
477.3,44.64,56,0
477.42,44.75,57,0
477.55,44.86,57,0
477.67,44.95,58,0
477.79,45.04,58,0
477.91,45.1,60,0
478.04,45.16,60,0
478.16,45.21,60,0
478.28,45.23,61,0
478.4,45.25,61,0
478.53,45.25,61,0
478.65,45.25,61,0
478.77,45.23,62,0
478.89,45.2,62,0
479.02,45.16,61,0
479.14,45.13,61,0
479.26,45.08,61,0
479.38,45.02,91,0
479.51,44.96,91,0
479.63,44.9,90,0
479.75,44.82,90,0
479.87,44.74,90,0
480.0,44.66,89,0
480.12,44.58,29,0
480.24,44.49,29,0
480.36,44.39,29,0
480.49,44.3,29,0
480.61,44.2,29,0
480.73,44.1,29,0
480.86,44.0,29,0
480.98,43.9,28,0
481.1,43.81,28,0
481.22,43.7,28,0
481.35,43.61,28,0
481.47,43.52,28,0
481.59,43.41,27,0
481.71,43.32,27,0
481.84,43.22,27,0
481.96,43.12,27,0
482.08,43.02,27,0
482.2,42.93,26,0
482.33,42.83,26,0
482.45,42.72,26,0
482.57,42.64,26,0
482.69,42.54,26,0
482.82,42.44,25,0
482.94,42.34,25,0
483.06,42.25,25,0
483.18,42.16,25,0
483.31,42.06,24,0
483.43,41.97,24,0
483.55,41.88,24,0
483.67,41.78,24,0
483.8,41.69,24,0
483.92,41.59,24,0
484.04,41.51,24,0
484.16,41.41,23,0
484.29,41.33,23,0
484.41,41.25,23,0
484.53,41.17,23,0
484.65,41.08,23,0
484.77,41.0,22,0
484.9,40.91,22,0
485.02,40.83,22,0
485.14,40.74,22,0
485.27,40.66,22,0
485.39,40.58,22,0
485.51,40.5,21,0
485.63,40.42,21,0
485.76,40.35,21,0
485.88,40.26,21,0
486.0,40.19,21,0
486.12,40.11,21,0
486.25,40.04,21,0
486.37,39.96,20,0
486.49,39.88,20,0
486.61,39.81,20,0
486.74,39.74,20,0
486.86,39.68,20,0
486.98,39.6,20,0
487.11,39.53,19,0
487.23,39.46,19,0
487.35,39.4,19,0
487.47,39.33,19,0
487.6,39.26,19,0
487.72,39.2,19,0
487.84,39.13,19,0
487.96,39.06,19,0
488.08,39.0,18,0
488.21,38.94,18,0
488.33,38.88,18,0
488.45,38.81,18,0
488.58,38.74,18,0
488.7,38.69,18,0
488.82,38.63,17,0
488.94,38.57,17,0
489.07,38.52,17,0
489.19,38.46,17,0
489.31,38.4,17,0
489.43,38.34,17,0
489.55,38.28,17,0
489.68,38.23,17,0
489.8,38.18,17,0
489.92,38.13,17,0
490.05,38.07,17,0
490.17,38.01,16,0
490.29,37.97,16,0
490.41,37.91,16,0
490.54,37.85,16,0
490.66,37.8,16,0
490.78,37.74,16,0
490.9,37.7,16,0
491.03,37.65,16,0
491.15,37.6,15,0
491.27,37.55,15,0
491.39,37.5,15,0
491.52,37.44,15,0
491.64,37.4,15,0
491.76,37.35,15,0
491.88,37.31,15,0
492.01,37.25,15,0
492.13,37.21,15,0
492.25,37.16,15,0
492.38,37.11,14,0
492.5,37.07,14,0
492.62,37.03,14,0
492.74,36.98,14,0
492.86,36.93,14,0
492.99,36.89,14,0
493.11,36.84,14,0
493.23,36.8,14,0
493.36,36.75,14,0
493.48,36.71,14,0
493.6,36.68,14,0
493.72,36.63,14,0
493.85,36.59,13,0
493.97,36.54,13,0
494.09,36.5,13,0
494.21,36.46,13,0
494.33,36.42,13,0
494.46,36.38,13,0
494.58,36.34,13,0
494.7,36.3,13,0
494.83,36.26,13,0
494.95,36.21,13,0
495.07,36.18,13,0
495.19,36.14,12,0
495.32,36.09,12,0
495.44,36.06,12,0
495.56,36.02,12,0
495.68,35.98,12,0
495.81,35.94,12,0
495.93,35.91,12,0
496.05,35.87,12,0
496.17,35.84,12,0
496.3,35.79,12,0
496.42,35.76,12,0
496.54,35.72,12,0
496.66,35.69,12,0
496.79,35.65,11,0
496.91,35.62,11,0
497.03,35.58,11,0
497.15,35.54,11,0
497.28,35.51,11,0
497.4,35.47,11,0
497.52,35.44,11,0
497.64,35.41,11,0
497.77,35.37,11,0
497.89,35.34,11,0
498.01,35.31,11,0
498.13,35.27,11,0
498.26,35.24,11,0
498.38,35.2,11,0
498.5,35.17,10,0
498.62,35.15,10,0
498.75,35.11,10,0
498.87,35.08,10,0
498.99,35.04,10,0
499.11,35.01,10,0
499.24,34.98,10,0
499.36,34.94,10,0
499.48,34.92,10,0
499.61,34.88,10,0
499.73,34.85,10,0
499.85,34.83,10,0
499.97,34.8,10,0
500.1,34.76,10,0
500.22,34.73,10,0
500.34,34.7,10,0
500.46,34.67,10,0
500.59,34.63,9,0
500.71,34.61,9,0
500.83,34.57,9,0
500.95,34.54,9,0
501.08,34.52,9,0
501.2,34.49,9,0
501.32,34.46,9,0
501.44,34.43,9,0
501.57,34.4,9,0
501.69,34.36,9,0
501.81,34.34,9,0
501.93,34.31,9,0
502.05,34.28,9,0
502.18,34.25,9,0
502.3,34.22,9,0
502.42,34.2,9,0
502.55,34.17,8,0
502.67,34.14,8,0
502.79,34.12,8,0
502.91,34.08,8,0
503.04,34.05,8,0
503.16,34.03,8,0
503.28,34.0,8,0
503.4,33.98,8,0
503.52,33.95,8,0
503.65,33.92,8,0
503.77,33.9,8,0
503.89,33.87,8,0
504.02,33.84,8,0
504.14,33.82,8,0
504.26,33.79,8,0
504.38,33.76,8,0
504.51,33.74,8,0
504.63,33.71,8,0
504.75,33.69,8,0
504.87,33.65,7,0
505.0,33.64,7,0
505.12,33.61,7,0
505.24,33.58,7,0
505.36,33.56,7,0
505.49,33.53,7,0
505.61,33.5,7,0
505.73,33.48,7,0
505.85,33.45,7,0
505.98,33.42,7,0
506.1,33.4,7,0
506.22,33.38,7,0
506.34,33.35,7,0
506.47,33.32,7,0
506.59,33.3,7,0
506.71,33.28,7,0
506.83,33.25,7,0
506.95,33.22,7,0
507.08,33.2,6,0
507.2,33.18,6,0
507.32,33.16,6,0
507.45,33.12,6,0
507.57,33.1,6,0
507.69,33.08,6,0
507.81,33.05,6,0
507.94,33.03,6,0
508.06,33.0,6,0
508.18,32.97,6,0
508.3,32.96,6,0
508.42,32.93,6,0
508.55,32.91,6,0
508.67,32.89,6,0
508.79,32.86,6,0
508.91,32.84,6,0
509.04,32.82,6,0
509.16,32.8,6,0
509.28,32.76,6,0
509.41,32.75,6,0
509.53,32.72,6,0
509.65,32.7,6,0
509.77,32.68,5,0
509.89,32.66,5,0
510.02,32.63,5,0
510.14,32.61,5,0
510.26,32.59,5,0
510.39,32.56,5,0
510.51,32.54,5,0
510.63,32.52,5,0
510.75,32.5,5,0
510.87,32.47,5,0
511.0,32.45,5,0
511.12,32.43,5,0
511.24,32.41,5,0
511.36,32.39,5,0
511.49,32.36,5,0
511.61,32.34,5,0
511.73,32.32,5,0
511.85,32.29,5,0
511.98,32.27,5,0
512.1,32.25,5,0
512.22,32.23,5,0
512.34,32.2,5,0
512.47,32.18,4,0
512.59,32.18,4,0
512.71,32.14,4,0
512.83,32.12,4,0
512.96,32.1,4,0
513.08,32.07,4,0
513.2,32.06,4,0
513.32,32.02,4,0
513.45,32.02,4,0
513.57,32.0,4,0
513.69,31.97,4,0
513.81,31.95,4,0
513.94,31.93,4,0
514.06,31.91,4,0
514.18,31.89,4,0
514.3,31.87,4,0
514.43,31.85,4,0
514.55,31.83,4,0
514.67,31.8,4,0
514.79,31.78,4,0
514.92,31.75,4,0
515.04,31.74,4,0
515.16,31.72,4,0
515.28,31.7,3,0
515.41,31.68,3,0
515.53,31.66,3,0
515.65,31.63,3,0
515.77,31.63,3,0
515.9,31.6,3,0
516.02,31.58,3,0
516.14,31.57,3,0
516.26,31.55,3,0
516.39,31.52,3,0
516.51,31.51,3,0
516.63,31.49,3,0
516.75,31.45,3,0
516.88,31.45,3,0
517.0,31.43,3,0
517.12,31.4,3,0
517.24,31.39,3,0
517.37,31.38,3,0
517.49,31.34,3,0
517.61,31.33,3,0
517.73,31.31,3,0
517.86,31.29,3,0
517.98,31.27,3,0
518.1,31.25,3,0
518.22,31.22,3,0
518.34,31.21,2,0
518.47,31.2,2,0
518.59,31.18,2,0
518.71,31.17,2,0
518.84,31.14,2,0
518.96,31.12,2,0
519.08,31.1,2,0
519.2,31.08,2,0
519.33,31.07,2,0
519.45,31.05,2,0
519.57,31.03,2,0
519.69,31.01,2,0
519.82,30.99,2,0
519.94,30.97,2,0
520.06,30.96,2,0
520.18,30.94,2,0
520.3,30.92,2,0
520.43,30.9,2,0
520.55,30.88,2,0
520.67,30.86,2,0
520.79,30.85,2,0
520.92,30.83,2,0
521.04,30.81,2,0
521.16,30.79,2,0
521.28,30.77,2,0
521.41,30.76,2,0
521.53,30.74,2,0
521.65,30.73,2,0
521.78,30.71,1,0
521.9,30.68,1,0
522.02,30.67,1,0
522.14,30.65,1,0
522.27,30.63,1,0
522.39,30.61,1,0
522.51,30.6,1,0
522.63,30.59,1,0
522.76,30.56,1,0
522.88,30.55,1,0
523.0,30.53,1,0
523.12,30.51,1,0
523.25,30.49,1,0
523.37,30.48,1,0
523.49,30.46,1,0
523.61,30.44,1,0
523.73,30.42,1,0
523.86,30.41,1,0
523.98,30.39,1,0
524.1,30.38,1,0
524.22,30.36,1,0
524.35,30.34,1,0
524.47,30.33,1,0
524.59,30.31,1,0
524.72,30.29,1,0
524.84,30.28,1,0
524.96,30.26,1,0
525.08,30.25,1,0
525.2,30.23,1,0
525.33,30.21,1,0
525.45,30.19,0,0
525.57,30.18,0,0
525.69,30.17,0,0
525.82,30.15,0,0
525.94,30.13,0,0
526.06,30.12,0,0
526.18,30.1,0,0
526.31,30.09,0,0
526.43,30.08,0,0
526.55,30.05,0,0
526.67,30.04,0,0
526.8,30.02,0,0
526.92,30.01,0,0
527.04,29.99,0,0
527.16,29.98,0,0
527.29,29.96,0,0
527.41,29.94,0,1
527.53,29.93,0,1
527.65,29.91,0,1
527.78,29.9,0,1
527.9,29.88,0,1
528.02,29.87,0,1
528.14,29.86,0,1
528.27,29.84,0,1
528.39,29.82,0,1
528.51,29.8,0,1
528.63,29.8,0,1
528.76,29.78,0,1
528.88,29.77,0,1
529.0,29.75,0,1
529.12,29.73,0,1
529.25,29.72,0,1
529.37,29.7,0,1
529.49,29.69,1,1
529.61,29.67,1,1
529.74,29.66,1,1
529.86,29.65,1,1
529.98,29.63,1,1
530.1,29.61,1,1
530.23,29.6,1,1
530.35,29.59,1,1
530.47,29.57,1,1
530.59,29.56,1,1
530.72,29.55,1,1
530.84,29.53,1,1
530.96,29.52,1,1
531.08,29.51,1,1
531.21,29.49,1,1
531.33,29.48,1,1
531.45,29.46,1,1
531.57,29.45,1,1
531.7,29.43,1,1
531.82,29.42,1,1
531.94,29.41,1,1
532.06,29.39,1,1
532.19,29.38,1,1
532.31,29.37,1,1
532.43,29.35,1,1
532.55,29.34,1,1
532.67,29.33,1,1
532.8,29.31,1,1
532.92,29.3,1,1
533.04,29.29,1,1
533.17,29.27,1,1
533.29,29.26,1,1
533.41,29.25,1,1
533.53,29.24,1,1
533.66,29.22,2,1
533.78,29.2,2,1
533.9,29.19,2,1
534.02,29.19,2,1
534.15,29.17,2,1
534.27,29.16,2,1
534.39,29.14,2,1
534.51,29.13,2,1
534.64,29.12,2,1
534.76,29.11,2,1
534.88,29.09,2,1
535.0,29.08,2,1
535.13,29.07,2,1
535.25,29.05,2,1
535.37,29.04,2,1
535.49,29.03,2,1
535.61,29.02,2,1
535.74,29.01,2,1
535.86,29.0,2,1
535.98,28.98,2,1
536.1,28.97,2,1
536.23,28.96,2,1
536.35,28.95,2,1
536.47,28.94,2,1
536.59,28.91,2,1
536.72,28.92,2,1
536.84,28.9,2,1
536.96,28.89,2,1
537.08,28.88,2,1
537.21,28.87,2,1
537.33,28.86,2,1
537.45,28.84,2,1
537.58,28.82,2,1
537.7,28.82,2,1
537.82,28.81,2,1
537.94,28.8,2,1
538.06,28.79,2,1
538.19,28.78,2,1
538.31,28.77,2,1
538.43,28.76,2,1
538.55,28.75,2,1
538.68,28.73,2,1
538.8,28.73,2,1
538.92,28.72,3,1
539.04,28.71,3,1
539.17,28.69,3,1
539.29,28.68,3,1
539.41,28.67,3,1
539.53,28.66,3,1
539.66,28.65,3,1
539.78,28.64,3,1
539.9,28.64,3,1
540.02,28.62,3,1
540.15,28.61,3,1
540.27,28.6,3,1
540.39,28.59,21,1
540.52,28.58,21,1
540.64,28.57,21,1
540.76,28.56,21,1
540.88,28.55,21,1
541.0,28.55,21,1
541.13,28.54,22,1
541.25,28.53,22,1
541.37,28.53,22,1
541.5,28.53,22,1
541.62,28.54,22,1
541.74,28.53,22,1
541.86,28.53,22,1
541.98,28.54,22,1
542.11,28.55,22,1
542.23,28.55,22,1
542.35,28.55,22,1
542.47,28.56,22,1
542.6,28.57,22,1
542.72,28.58,22,1
542.84,28.59,22,1
542.97,28.59,21,1
543.09,28.6,21,1
543.21,28.62,21,1
543.33,28.63,21,1
543.46,28.64,21,1
543.58,28.65,21,1
543.7,28.66,21,1
543.82,28.67,20,1
543.95,28.67,20,1
544.07,28.69,20,1
544.19,28.7,20,1
544.31,28.71,20,1
544.44,28.73,20,1
544.56,28.74,20,1
544.68,28.76,19,1
544.8,28.77,19,1
544.93,28.78,19,1
545.05,28.79,19,1
545.17,28.8,18,1
545.29,28.81,18,1
545.42,28.82,18,1
545.54,28.82,18,1
545.66,28.84,18,1
545.78,28.84,18,1
545.91,28.85,17,1
546.03,28.87,17,1
546.15,28.88,17,1
546.27,28.89,17,1
546.4,28.89,17,1
546.52,28.9,17,1
546.64,28.91,17,1
546.76,28.92,17,1
546.89,28.93,17,1
547.01,28.93,16,1
547.13,28.94,16,1
547.25,28.94,16,1
547.38,28.96,16,1
547.5,28.97,16,1
547.62,28.97,16,1
547.74,28.97,16,1
547.87,28.98,15,1
547.99,28.99,15,1
548.11,29.0,15,1
548.23,29.0,15,1
548.36,29.0,15,1
548.48,29.01,15,1
548.6,29.02,15,1
548.72,29.02,15,1
548.85,29.02,3,1
548.97,29.03,3,1
549.09,29.03,3,1
549.22,29.04,3,1
549.34,29.04,3,1
549.46,29.04,3,1
549.58,29.04,3,1
549.71,29.04,3,1
549.83,29.04,3,1
549.95,29.03,3,1
550.07,29.03,3,1
550.2,29.02,3,1
550.32,29.02,3,1
550.44,29.01,3,1
550.56,29.01,3,1
550.68,29.0,3,1
550.81,28.99,3,1
550.93,28.98,3,1
551.05,28.97,3,1
551.17,28.96,3,1
551.3,28.95,3,1
551.42,28.94,3,1
551.54,28.93,3,1
551.66,28.92,3,1
551.79,28.91,3,1
551.91,28.89,3,1
552.03,28.88,3,1
552.15,28.87,3,1
552.28,28.85,3,1
552.4,28.85,3,1
552.52,28.83,3,1
552.64,28.82,3,1
552.77,28.81,3,1
552.89,28.8,4,1
553.01,28.78,4,1
553.13,28.77,4,1
553.26,28.76,4,1
553.38,28.74,4,1
553.5,28.73,4,1
553.62,28.72,4,1
553.75,28.7,4,1
553.87,28.69,4,1
553.99,28.68,4,1
554.11,28.67,4,1
554.24,28.66,4,1
554.36,28.64,4,1
554.48,28.63,4,1
554.6,28.61,4,1
554.73,28.61,4,1
554.85,28.6,4,1
554.97,28.58,4,1
555.09,28.58,4,1
555.22,28.56,4,1
555.34,28.54,4,1
555.46,28.54,4,1
555.58,28.52,4,1
555.71,28.51,4,1
555.83,28.5,4,1
555.95,28.49,4,1
556.07,28.47,4,1
556.2,28.46,5,1
556.32,28.46,5,1
556.44,28.45,5,1
556.56,28.43,5,1
556.69,28.42,5,1
556.81,28.41,5,1
556.93,28.4,5,1
557.05,28.38,5,1
557.17,28.38,5,1
557.3,28.36,5,1
557.42,28.35,5,1
557.54,28.35,5,1
557.67,28.33,5,1
557.79,28.32,5,1
557.91,28.31,5,1
558.03,28.3,5,1
558.16,28.29,5,1
558.28,28.28,5,1
558.4,28.27,5,1
558.52,28.26,5,1
558.65,28.25,5,1
558.77,28.24,5,1
558.89,28.23,5,1
559.01,28.22,5,1
559.14,28.22,5,1
559.26,28.2,5,1
559.38,28.2,5,1
559.5,28.18,5,1
559.63,28.18,5,1
559.75,28.17,5,1
559.87,28.16,5,1
559.99,28.15,5,1
560.11,28.14,5,1
560.24,28.13,6,1
560.36,28.12,6,1
560.48,28.11,6,1
560.6,28.11,6,1
560.73,28.09,6,1
560.85,28.08,6,1
560.97,28.08,6,1
561.09,28.06,6,1
561.22,28.05,6,1
561.34,28.05,6,1
561.46,28.05,6,1
561.59,28.04,6,1
561.71,28.03,6,1
561.83,28.02,6,1
561.95,28.02,6,1
562.08,28.01,6,1
562.2,28.0,6,1
562.32,27.99,6,1
562.44,27.98,6,1
562.57,27.98,6,1
562.69,27.97,6,1
562.81,27.96,6,1
562.93,27.95,6,1
563.05,27.95,6,1
563.18,27.94,6,1
563.3,27.94,6,1
563.42,27.93,6,1
563.54,27.93,6,1
563.67,27.91,6,1
563.79,27.91,6,1
563.91,27.9,6,1
564.03,27.9,6,1
564.16,27.89,6,1
564.28,27.89,6,1
564.4,27.87,6,1
564.52,27.88,6,1
564.65,27.88,6,1
564.77,27.86,6,1
564.89,27.86,6,1
565.01,27.84,6,1
565.14,27.84,6,1
565.26,27.83,6,1
565.38,27.83,6,1
565.5,27.82,6,1
565.63,27.81,7,1
565.75,27.81,7,1
565.87,27.81,7,1
565.99,27.8,7,1
566.12,27.8,7,1
566.24,27.79,7,1
566.36,27.78,7,1
566.48,27.77,7,1
566.61,27.77,7,1
566.73,27.77,7,1
566.85,27.76,7,1
566.97,27.76,7,1
567.1,27.75,7,1
567.22,27.74,7,1
567.34,27.74,7,1
567.46,27.73,7,1
567.59,27.73,7,1
567.71,27.73,7,1
567.83,27.72,7,1
567.95,27.71,7,1
568.08,27.71,7,1
568.2,27.71,7,1
568.32,27.7,7,1
568.44,27.69,7,1
568.57,27.69,7,1
568.69,27.68,7,1
568.81,27.68,7,1
568.93,27.67,7,1
569.06,27.67,7,1
569.18,27.67,7,1
569.3,27.67,7,1
569.42,27.66,7,1
569.54,27.65,7,1
569.67,27.65,7,1
569.79,27.64,7,1
569.91,27.64,7,1
570.04,27.63,7,1
570.16,27.63,7,1
570.28,27.62,7,1
570.4,27.62,7,1
570.53,27.62,7,1
570.65,27.61,7,1
570.77,27.61,7,1
570.89,27.61,7,1
571.02,27.6,7,1
571.14,27.6,7,1
571.26,27.59,7,1
571.38,27.59,7,1
571.51,27.59,7,1
571.63,27.58,7,1
571.75,27.57,7,1
571.87,27.57,7,1
572.0,27.56,7,1
572.12,27.56,7,1
572.24,27.56,7,1
572.36,27.55,7,1
572.48,27.55,7,1
572.61,27.54,7,1
572.73,27.54,7,1
572.85,27.53,7,1
572.98,27.53,7,1
573.1,27.52,7,1
573.22,27.52,7,1
573.34,27.52,7,1
573.47,27.51,7,1
573.59,27.51,7,1
573.71,27.51,7,1
573.83,27.5,7,1
573.96,27.5,7,1
574.08,27.5,8,1
574.2,27.48,8,1
574.32,27.48,8,1
574.45,27.48,8,1
574.57,27.48,8,1
574.69,27.47,8,1
574.81,27.47,8,1
574.94,27.46,8,1
575.06,27.46,8,1
575.18,27.45,8,1
575.3,27.45,8,1
575.42,27.45,8,1
575.55,27.45,8,1
575.67,27.44,8,1
575.79,27.44,8,1
575.91,27.43,8,1
576.04,27.43,8,1
576.16,27.43,8,1
576.28,27.43,8,1
576.4,27.42,8,1
576.53,27.42,8,1
576.65,27.4,8,1
576.77,27.41,8,1
576.89,27.41,8,1
577.02,27.4,8,1
577.14,27.4,8,1
577.26,27.4,8,1
577.38,27.39,8,1
577.51,27.4,8,1
577.63,27.39,8,1
577.75,27.39,8,1
577.87,27.39,8,1
578.0,27.38,8,1
578.12,27.38,8,1
578.24,27.38,8,1
578.36,27.38,8,1
578.49,27.38,8,1
578.61,27.36,8,1
578.73,27.36,8,1
578.85,27.37,8,1
578.98,27.36,8,1
579.1,27.36,8,1
579.22,27.35,8,1
579.34,27.35,8,1
579.47,27.34,8,1
579.59,27.35,8,1
579.71,27.35,8,1
579.83,27.34,8,1
579.96,27.34,8,1
580.08,27.34,8,1
580.2,27.33,8,1
580.32,27.33,8,1
580.45,27.33,8,1
580.57,27.32,8,1
580.69,27.32,8,1
580.81,27.31,8,1
580.94,27.32,8,1
581.06,27.31,8,1
581.18,27.3,8,1
581.3,27.31,8,1
581.43,27.3,8,1
581.55,27.3,8,1
581.67,27.31,8,1
581.79,27.29,8,1
581.92,27.28,8,1
582.04,27.3,8,1
582.16,27.27,8,1
582.28,27.29,8,1
582.41,27.28,8,1
582.53,27.27,8,1
582.65,27.28,8,1
582.77,27.27,8,1
582.9,27.28,8,1
583.02,27.26,8,1
583.14,27.26,8,1
583.26,27.25,8,1
583.39,27.26,8,1
583.51,27.26,8,1
583.63,27.25,8,1
583.75,27.25,8,1
583.88,27.25,8,1
584.0,27.25,8,1
584.12,27.24,8,1
584.24,27.24,8,1
584.37,27.24,8,1
584.49,27.23,8,1
584.61,27.23,8,1
584.73,27.23,8,1
584.85,27.22,8,1
584.98,27.22,8,1
585.1,27.22,8,1
585.22,27.21,8,1
585.35,27.2,8,1
585.47,27.21,8,1
585.59,27.2,8,1
585.71,27.2,8,1
585.84,27.2,8,1
585.96,27.2,8,1
586.08,27.19,8,1
586.2,27.19,8,1
586.32,27.19,8,1
586.45,27.19,8,1
586.57,27.18,8,1
586.69,27.18,8,1
586.82,27.17,8,1
586.94,27.17,8,1
587.06,27.16,8,1
587.18,27.17,8,1
587.3,27.16,8,1
587.43,27.16,9,1
587.55,27.16,9,1
587.67,27.16,9,1
587.79,27.16,9,1
587.92,27.15,9,1
588.04,27.15,9,1
588.16,27.14,9,1
588.28,27.15,9,1
588.41,27.15,9,1
588.53,27.14,9,1
588.65,27.14,9,1
588.78,27.14,9,1
588.9,27.13,9,1
589.02,27.13,9,1
589.14,27.13,9,1
589.26,27.13,9,1
589.39,27.12,9,1
589.51,27.12,9,1
589.63,27.12,9,1
589.76,27.12,9,1
589.88,27.12,9,1
590.0,27.12,9,1
590.12,27.12,9,1
590.24,27.11,9,1
590.37,27.11,9,1
590.49,27.11,9,1
590.61,27.11,9,1
590.73,27.11,9,1
590.86,27.1,9,1
590.98,27.1,9,1
591.1,27.1,9,1
591.22,27.1,9,1
591.35,27.1,9,1
591.47,27.09,9,1
591.59,27.09,9,1
591.71,27.1,9,1
591.84,27.1,9,1
591.96,27.09,9,1
592.08,27.09,9,1
592.2,27.09,9,1
592.33,27.09,9,1
592.45,27.08,9,1
592.57,27.08,9,1
592.69,27.08,9,1
592.82,27.08,9,1
592.94,27.08,9,1
593.06,27.08,9,1
593.18,27.08,9,1
593.31,27.08,9,1
593.43,27.08,9,1
593.55,27.07,9,1
593.67,27.07,9,1
593.8,27.07,9,1
593.92,27.06,9,1
594.04,27.07,9,1
594.16,27.06,9,1
594.29,27.06,9,1
594.41,27.07,9,1
594.53,27.05,9,1
594.65,27.05,9,1
594.78,27.06,9,1
594.9,27.05,9,1
595.02,27.05,9,1
595.14,27.05,9,1
595.27,27.05,9,1
595.39,27.05,9,1
595.51,27.05,9,1
595.63,27.04,9,1
595.76,27.04,9,1
595.88,27.04,9,1
596.0,27.04,9,1
596.12,27.03,9,1
596.25,27.04,9,1
596.37,27.03,9,1
596.49,27.03,9,1
596.61,27.03,9,1
596.74,27.03,9,1
596.86,27.03,9,1
596.98,27.03,9,1
597.1,27.03,9,1
597.23,27.02,9,1
597.35,27.02,9,1
597.47,27.02,9,1
597.59,27.02,9,1
597.72,27.02,9,1
597.84,27.01,9,1
597.96,27.01,9,1
598.08,27.02,9,1
598.21,27.01,9,1
598.33,27.01,9,1
598.45,27.0,9,1
598.57,27.01,9,1
598.7,27.0,9,1
598.82,27.0,9,1
598.94,27.01,9,1
599.06,27.0,9,1
599.19,27.0,9,1
599.31,27.0,9,1
599.43,26.99,9,1
599.55,26.99,9,1
599.67,26.99,9,1
599.8,26.99,9,1
599.92,26.99,9,1
600.04,26.99,9,1
600.16,26.99,9,1
600.29,26.99,9,1
600.41,26.98,9,1
600.53,26.98,9,1
600.65,26.98,9,1
600.78,26.98,9,1
600.9,26.98,9,1
601.02,26.97,9,1
601.15,26.97,9,1
601.27,26.96,9,1
601.39,26.97,9,1
601.51,26.97,9,1
601.63,26.97,9,1
601.76,26.97,9,1
601.88,26.96,9,1
602.0,26.97,9,1
602.13,26.96,9,1
602.25,26.96,9,1
602.37,26.96,9,1
602.49,26.96,9,1
602.61,26.96,9,1
602.74,26.95,9,1
602.86,26.95,9,1
602.98,26.95,9,1
603.1,26.95,9,1
603.23,26.95,9,1
603.35,26.95,9,1
603.47,26.95,9,1
603.59,26.94,9,1
603.72,26.94,9,1
603.84,26.94,9,1
603.96,26.94,9,1
604.09,26.93,9,1
604.21,26.93,9,1
604.33,26.93,9,1
604.45,26.94,9,1
604.57,26.93,9,1
604.7,26.93,9,1
604.82,26.93,9,1
604.94,26.93,9,1
605.06,26.92,9,1
605.19,26.92,9,1
605.31,26.92,9,1
605.43,26.92,9,1
605.55,26.92,9,1
605.68,26.92,9,1
605.8,26.91,9,1
605.92,26.92,9,1
606.04,26.91,9,1
606.17,26.91,9,1
606.29,26.91,9,1
606.41,26.91,9,1
606.53,26.9,9,1
606.66,26.91,9,1
606.78,26.9,9,1
606.9,26.9,9,1
607.03,26.9,9,1
607.15,26.9,9,1
607.27,26.9,9,1
607.39,26.9,9,1
607.51,26.89,9,1
607.64,26.89,9,1
607.76,26.9,9,1
607.88,26.89,9,1
608.0,26.89,9,1
608.13,26.89,9,1
608.25,26.89,9,1
608.37,26.89,9,1
608.49,26.88,9,1
608.62,26.88,9,1
608.74,26.88,9,1
608.86,26.88,9,1
608.98,26.88,9,1
609.11,26.88,9,1
609.23,26.87,9,1
609.35,26.88,9,1
609.47,26.87,9,1
609.6,26.87,9,1
609.72,26.87,9,1
609.84,26.87,9,1
609.96,26.86,9,1
610.09,26.86,9,1
610.21,26.86,9,1
610.33,26.86,9,1
610.45,26.86,9,1
610.58,26.86,9,1
610.7,26.86,9,1
610.82,26.85,9,1
610.94,26.86,9,1
611.07,26.85,9,1
611.19,26.85,9,1
611.31,26.85,9,1
611.43,26.85,9,1
611.56,26.85,9,1
611.68,26.85,9,1
611.8,26.85,9,1
611.92,26.85,9,1
612.04,26.84,9,1
612.17,26.85,9,1
612.29,26.84,9,1
612.41,26.84,9,1
612.54,26.84,9,1
612.66,26.84,9,1
612.78,26.83,9,1
612.9,26.83,9,1
613.03,26.83,9,1
613.15,26.83,10,1
613.27,26.83,10,1
613.39,26.83,10,1
613.52,26.82,10,1
613.64,26.82,10,1
613.76,26.82,10,1
613.88,26.82,10,1
614.01,26.82,10,1
614.13,26.82,10,1
614.25,26.82,10,1
614.37,26.82,10,1
614.5,26.82,10,1
614.62,26.82,10,1
614.74,26.82,10,1
614.86,26.82,10,1
614.99,26.81,10,1
615.11,26.82,10,1
615.23,26.81,10,1
615.35,26.82,10,1
615.48,26.82,10,1
615.6,26.8,10,1
615.72,26.81,10,1
615.84,26.81,10,1
615.97,26.8,10,1
616.09,26.82,10,1
616.21,26.81,10,1
616.33,26.81,10,1
616.46,26.8,10,1
616.58,26.81,10,1
616.7,26.81,10,1
616.82,26.81,10,1
616.95,26.81,10,1
617.07,26.81,10,1
617.19,26.8,10,1
617.32,26.81,10,1
617.44,26.81,10,1
617.56,26.81,10,1
617.68,26.8,10,1
617.8,26.81,10,1
617.93,26.82,10,1
618.05,26.81,10,1
618.17,26.81,10,1
618.29,26.82,10,1
618.42,26.82,10,1
618.54,26.81,10,1
618.66,26.81,10,1
618.78,26.81,10,1
618.91,26.81,10,1
619.03,26.8,10,1
619.15,26.81,10,1
619.28,26.81,10,1
619.4,26.81,10,1
619.52,26.81,10,1
619.64,26.81,10,1
619.77,26.81,10,1
619.89,26.81,10,1
620.01,26.81,10,1
620.13,26.81,10,1
620.26,26.82,10,1
620.38,26.81,10,1
620.5,26.81,10,1
620.62,26.81,10,1
620.75,26.81,10,1
620.87,26.79,10,1
620.99,26.81,10,1
621.11,26.81,10,1
621.24,26.81,10,1
621.36,26.8,10,1
621.48,26.81,10,1
621.6,26.8,10,1
621.72,26.8,10,1
621.85,26.8,10,1
621.97,26.8,10,1
622.09,26.81,10,1
622.22,26.81,10,1
622.34,26.81,10,1
622.46,26.81,10,1
622.58,26.8,10,1
622.71,26.8,10,1
622.83,26.81,10,1
622.95,26.81,10,1
623.07,26.8,10,1
623.2,26.81,10,1
623.32,26.8,10,1
623.44,26.81,10,1
623.56,26.8,10,1
623.69,26.81,10,1
623.81,26.8,10,1
623.93,26.8,10,1
624.05,26.81,10,1
624.18,26.8,10,1
624.3,26.8,10,1
624.42,26.8,10,1
624.54,26.8,10,1
624.67,26.8,10,1
624.79,26.81,10,1
624.91,26.8,10,1
625.03,26.8,10,1
625.16,26.8,10,1
625.28,26.8,10,1
625.4,26.8,10,1
625.52,26.8,10,1
625.65,26.8,10,1
625.77,26.8,10,1
625.89,26.8,10,1
626.02,26.8,10,1
626.14,26.79,10,1
626.26,26.8,10,1
626.38,26.8,10,1
626.5,26.8,10,1
626.63,26.79,10,1
626.75,26.8,10,1
626.87,26.79,10,1
627.0,26.78,10,1
627.12,26.79,10,1
627.24,26.79,10,1
627.36,26.79,10,1
627.48,26.79,10,1
627.61,26.79,10,1
627.73,26.78,10,1
627.85,26.79,10,1
627.98,26.8,10,1
628.1,26.79,10,1
628.22,26.8,10,1
628.34,26.78,10,1
628.47,26.79,10,1
628.59,26.79,10,1
628.71,26.79,10,1
628.83,26.8,10,1
628.96,26.79,10,1
629.08,26.79,10,1
629.2,26.79,10,1
629.32,26.79,10,1
629.45,26.79,10,1
629.57,26.79,10,1
629.69,26.79,10,1
629.81,26.79,10,1
629.94,26.78,10,1
630.06,26.79,10,1
630.18,26.79,10,1
630.3,26.78,10,1
630.43,26.79,10,1
630.55,26.79,10,1
630.67,26.79,10,1
630.79,26.79,10,1
630.92,26.78,10,1
631.04,26.79,10,1
631.16,26.79,10,1
631.28,26.79,10,1
631.41,26.78,10,1
631.53,26.79,10,1
631.65,26.79,10,1
631.77,26.79,10,1
631.9,26.78,10,1
632.02,26.78,10,1
632.14,26.78,10,1
632.26,26.79,10,1
632.39,26.78,10,1
632.51,26.78,10,1
632.63,26.76,10,1
632.75,26.78,10,1
632.88,26.78,10,1
633.0,26.78,10,1
633.12,26.78,10,1
633.24,26.78,10,1
633.37,26.79,10,1
633.49,26.77,10,1
633.61,26.79,10,1
633.73,26.78,10,1
633.86,26.78,10,1
633.98,26.78,10,1
634.1,26.78,10,1
634.22,26.78,10,1
634.35,26.78,10,1
634.47,26.78,10,1
634.59,26.78,10,1
634.72,26.78,10,1
634.84,26.78,10,1
634.96,26.78,10,1
635.08,26.78,10,1
635.21,26.78,10,1
635.33,26.77,10,1
635.45,26.78,10,1
635.57,26.77,10,1
635.7,26.78,10,1
635.82,26.78,10,1
635.94,26.77,10,1
636.06,26.78,10,1
636.19,26.78,10,1
636.31,26.77,10,1
636.43,26.77,10,1
636.55,26.77,10,1
636.68,26.77,10,1
636.8,26.78,10,1
636.92,26.77,10,1
637.04,26.77,10,1
637.17,26.77,10,1
637.29,26.77,10,1
637.41,26.77,10,1
637.53,26.77,10,1
637.66,26.77,10,1
637.78,26.77,10,1
637.9,26.77,10,1
638.02,26.77,10,1
638.15,26.77,10,1
638.27,26.77,10,1
638.39,26.77,10,1
638.51,26.77,10,1
638.64,26.78,10,1
638.76,26.76,10,1
638.88,26.76,10,1
639.0,26.78,10,1
639.13,26.77,10,1
639.25,26.77,10,1
639.37,26.78,10,1
639.49,26.76,10,1
639.62,26.77,10,1
639.74,26.76,10,1
639.86,26.77,10,1
639.98,26.77,10,1
640.11,26.77,10,1
640.23,26.77,10,1
640.35,26.77,10,1
640.47,26.77,10,1
640.6,26.76,10,1
640.72,26.76,10,1
640.84,26.77,10,1
640.96,26.76,10,1
641.09,26.76,10,1
641.21,26.77,10,1
641.33,26.77,10,1
641.46,26.76,10,1
641.58,26.76,10,1
641.7,26.76,10,1
641.82,26.77,10,1
641.95,26.77,10,1
642.07,26.77,10,1
642.19,26.77,10,1
642.31,26.76,10,1
642.44,26.77,10,1
642.56,26.76,10,1
642.68,26.76,10,1
642.8,26.76,10,1
642.92,26.76,10,1
643.05,26.76,10,1
643.17,26.76,10,1
643.29,26.77,10,1
643.42,26.76,10,1
643.54,26.76,10,1
643.66,26.76,10,1
643.78,26.76,10,1
643.91,26.75,10,1
644.03,26.76,10,1
644.15,26.75,10,1
644.27,26.75,10,1
644.4,26.76,10,1
644.52,26.77,10,1
644.64,26.76,10,1
644.76,26.77,10,1
644.89,26.76,10,1
645.01,26.75,10,1
645.13,26.76,10,1
645.25,26.76,10,1
645.38,26.75,10,1
645.5,26.76,10,1
645.62,26.76,10,1
645.74,26.75,10,1
645.87,26.75,10,1
645.99,26.76,10,1
646.11,26.75,10,1
646.23,26.76,10,1
646.36,26.75,10,1
646.48,26.75,10,1
646.6,26.76,10,1
646.72,26.75,10,1
646.85,26.76,10,1
646.97,26.75,10,1
647.09,26.75,10,1
647.21,26.75,10,1
647.34,26.76,10,1
647.46,26.75,10,1
647.58,26.75,10,1
647.7,26.75,10,1
647.83,26.75,10,1
647.95,26.75,10,1
648.07,26.75,10,1
648.2,26.75,10,1
648.32,26.75,10,1
648.44,26.75,10,1
648.56,26.75,10,1
648.69,26.74,10,1
648.81,26.75,10,1
648.93,26.75,10,1
649.05,26.75,10,1
649.17,26.75,10,1
649.3,26.75,10,1
649.42,26.75,10,1
649.54,26.75,10,1
649.66,26.75,10,1
649.79,26.75,10,1
649.91,26.75,10,1
650.03,26.75,10,1
650.16,26.76,10,1
650.28,26.75,10,1
650.4,26.75,10,1
650.52,26.75,10,1
650.65,26.76,10,1
650.77,26.74,10,1
650.89,26.75,10,1
651.01,26.75,10,1
651.14,26.76,10,1
651.26,26.75,10,1
651.38,26.75,10,1
651.5,26.75,10,1
651.63,26.75,10,1
651.75,26.75,10,1
651.87,26.74,10,1
651.99,26.74,10,1
652.11,26.74,10,1
652.24,26.74,10,1
652.36,26.74,10,1
652.48,26.74,10,1
652.61,26.74,10,1
652.73,26.75,10,1
652.85,26.75,10,1
652.97,26.74,10,1
653.09,26.74,10,1
653.22,26.75,10,1
653.34,26.74,10,1
653.46,26.74,10,1
653.59,26.74,10,1
653.71,26.74,10,1
653.83,26.74,10,1
653.95,26.74,10,1
654.08,26.74,10,1
654.2,26.74,10,1
654.32,26.74,10,1
654.44,26.74,10,1
654.57,26.74,10,1
654.69,26.73,10,1
654.81,26.73,10,1
654.94,26.74,10,1
655.06,26.74,10,1
655.18,26.73,10,1
655.3,26.74,10,1
655.42,26.74,10,1
655.55,26.75,10,1
655.67,26.74,10,1
655.79,26.74,10,1
655.91,26.74,10,1
656.04,26.74,10,1
656.16,26.74,10,1
656.28,26.74,10,1
656.4,26.74,10,1
656.53,26.74,10,1
656.65,26.74,10,1
656.77,26.73,10,1
656.89,26.74,10,1
657.02,26.74,10,1
657.14,26.74,10,1
657.26,26.73,10,1
657.39,26.74,10,1
657.51,26.74,10,1
657.63,26.74,10,1
657.75,26.74,10,1
657.87,26.73,10,1
658.0,26.74,10,1
658.12,26.74,10,1
658.24,26.74,10,1
658.36,26.74,10,1
658.49,26.74,10,1
658.61,26.73,10,1
658.73,26.74,10,1
658.85,26.73,10,1
658.98,26.74,10,1
659.1,26.73,10,1
659.22,26.73,10,1
659.35,26.74,10,1
659.47,26.73,10,1
659.59,26.73,10,1
659.71,26.73,10,1
659.84,26.73,10,1
659.96,26.73,10,1
660.08,26.73,10,1
660.2,26.74,10,1
660.33,26.73,10,1
660.45,26.73,10,1
660.57,26.73,10,1
660.69,26.72,10,1
660.82,26.73,10,1
660.94,26.72,10,1
661.06,26.73,10,1
661.18,26.73,10,1
661.31,26.73,10,1
661.43,26.73,10,1
661.55,26.73,10,1
661.67,26.73,10,1
661.8,26.73,10,1
661.92,26.73,10,1
662.04,26.73,10,1
662.16,26.73,10,1
662.29,26.73,10,1
662.41,26.73,10,1
662.53,26.73,10,1
662.65,26.73,10,1
662.78,26.73,10,1
662.9,26.74,10,1
663.02,26.73,10,1
663.14,26.72,10,1
663.27,26.73,10,1
663.39,26.73,10,1
663.51,26.73,10,1
663.63,26.73,10,1
663.76,26.73,10,1
663.88,26.73,10,1
664.0,26.73,10,1
664.13,26.72,10,1
664.25,26.73,10,1
664.37,26.72,10,1
664.49,26.72,10,1
664.61,26.73,10,1
664.74,26.73,10,1
664.86,26.72,10,1
664.98,26.73,10,1
665.1,26.72,10,1
665.23,26.73,10,1
665.35,26.73,10,1
665.47,26.73,10,1
665.59,26.72,10,1
665.72,26.72,10,1
665.84,26.72,10,1
665.96,26.72,10,1
666.09,26.73,10,1
666.21,26.73,10,1
666.33,26.72,10,1
666.45,26.72,10,1
666.58,26.72,10,1
666.7,26.73,10,1
666.82,26.72,10,1
666.94,26.73,10,1
667.07,26.72,10,1
667.19,26.72,10,1
667.31,26.72,10,1
667.43,26.72,10,1
667.55,26.73,10,1
667.68,26.73,10,1
667.8,26.73,10,1
667.92,26.73,10,1
668.05,26.72,10,1
668.17,26.72,10,1
668.29,26.73,10,1
668.41,26.73,10,1
668.53,26.72,10,1
668.66,26.73,10,1
668.78,26.73,10,1
668.9,26.72,10,1
669.03,26.72,10,1
669.15,26.72,10,1
669.27,26.72,10,1
669.39,26.72,10,1
669.52,26.73,10,1
669.64,26.72,10,1
669.76,26.72,10,1
669.88,26.72,10,1
670.01,26.72,10,1
670.13,26.72,10,1
670.25,26.71,10,1
670.37,26.71,10,1
670.5,26.72,10,1
670.62,26.72,10,1
670.74,26.72,10,1
670.86,26.72,10,1
670.99,26.71,10,1
671.11,26.71,10,1
671.23,26.72,10,1
671.35,26.72,10,1
671.48,26.72,10,1
671.6,26.72,10,1
671.72,26.72,10,1
671.84,26.72,10,1
671.97,26.71,10,1
672.09,26.72,10,1
672.21,26.72,10,1
672.33,26.72,10,1
672.46,26.71,10,1
672.58,26.72,10,1
672.7,26.71,10,1
672.83,26.72,10,1
672.95,26.72,10,1
673.07,26.72,10,1
673.19,26.72,10,1
673.32,26.72,10,1
673.44,26.72,10,1
673.56,26.71,10,1
673.68,26.72,10,1
673.8,26.72,10,1
673.93,26.72,10,1
674.05,26.72,10,1
674.17,26.71,10,1
674.29,26.72,10,1
674.42,26.71,10,1
674.54,26.71,10,1
674.66,26.72,10,1
674.79,26.71,10,1
674.91,26.72,10,1
675.03,26.71,10,1
675.15,26.72,10,1
675.28,26.71,10,1
675.4,26.71,10,1
675.52,26.72,10,1
675.64,26.71,10,1
675.77,26.71,10,1
675.89,26.72,10,1
676.01,26.72,10,1
676.13,26.71,10,1
676.26,26.72,10,1
676.38,26.72,10,1
676.5,26.71,10,1
676.62,26.71,10,1
676.75,26.71,10,1
676.87,26.71,10,1
676.99,26.7,10,1
677.11,26.7,10,1
677.24,26.71,10,1
677.36,26.71,10,1
677.48,26.7,10,1
677.6,26.72,10,1
677.73,26.72,10,1
677.85,26.7,10,1
677.97,26.71,10,1
678.09,26.72,10,1
678.22,26.71,10,1
678.34,26.71,10,1
678.46,26.71,10,1
678.59,26.71,10,1
678.71,26.71,10,1
678.83,26.71,10,1
678.95,26.71,10,1
679.07,26.72,10,1
679.2,26.71,10,1
679.32,26.7,10,1
679.44,26.72,10,1
679.57,26.71,10,1
679.69,26.7,10,1
679.81,26.71,10,1
679.93,26.7,10,1
680.05,26.71,10,1
680.18,26.71,10,1
680.3,26.71,10,1
680.42,26.7,10,1
680.54,26.72,10,1
680.67,26.71,10,1
680.79,26.71,10,1
680.91,26.72,10,1
681.03,26.71,10,1
681.16,26.71,10,1
681.28,26.7,10,1
681.4,26.71,10,1
681.53,26.71,10,1
681.65,26.71,10,1
681.77,26.71,10,1
681.89,26.71,10,1
682.02,26.71,10,1
682.14,26.71,10,1
682.26,26.7,10,1
682.38,26.7,10,1
682.51,26.7,10,1
682.63,26.7,10,1
682.75,26.7,10,1
682.87,26.71,10,1
683.0,26.71,10,1
683.12,26.71,10,1
683.24,26.7,10,1
683.36,26.7,10,1
683.49,26.71,10,1
683.61,26.71,10,1
683.73,26.7,10,1
683.85,26.7,10,1
683.98,26.7,10,1
684.1,26.7,10,1
684.22,26.71,10,1
684.34,26.71,10,1
684.47,26.7,10,1
684.59,26.71,10,1
684.71,26.71,10,1
684.83,26.7,10,1
684.96,26.71,10,1
685.08,26.69,10,1
685.2,26.7,10,1
685.32,26.7,10,1
685.45,26.71,10,1
685.57,26.71,10,1
685.69,26.71,10,1
685.81,26.7,10,1
685.94,26.7,10,1
686.06,26.71,10,1
686.18,26.71,10,1
686.3,26.71,10,1
686.43,26.7,10,1
686.55,26.7,10,1
686.67,26.7,10,1
686.79,26.7,10,1
686.92,26.7,10,1
687.04,26.7,10,1
687.16,26.71,10,1
687.28,26.7,10,1
687.41,26.7,10,1
687.53,26.7,10,1
687.65,26.71,10,1
687.78,26.71,10,1
687.9,26.71,10,1
688.02,26.69,10,1
688.14,26.7,10,1
688.27,26.7,10,1
688.39,26.7,10,1
688.51,26.71,10,1
688.63,26.71,10,1
688.76,26.7,10,1
688.88,26.7,10,1
689.0,26.71,10,1
689.12,26.7,10,1
689.25,26.7,10,1
689.37,26.7,10,1
689.49,26.69,10,1
689.61,26.71,10,1
689.73,26.7,10,1
689.86,26.7,10,1
689.98,26.7,10,1
690.1,26.7,10,1
690.23,26.7,10,1
690.35,26.7,10,1
690.47,26.7,10,1
690.59,26.7,10,1
690.72,26.69,10,1
690.84,26.7,10,1
690.96,26.7,10,1
691.08,26.7,10,1
691.21,26.7,10,1
691.33,26.71,10,1
691.45,26.7,10,1
691.57,26.69,10,1
691.7,26.69,10,1
691.82,26.7,10,1
691.94,26.7,10,1
692.06,26.71,10,1
692.19,26.7,10,1
692.31,26.7,10,1
692.43,26.7,10,1
692.55,26.7,10,1
692.68,26.7,10,1
692.8,26.69,10,1
692.92,26.7,10,1
693.04,26.69,10,1
693.17,26.7,10,1
693.29,26.7,10,1
693.41,26.69,10,1
693.53,26.7,10,1
693.66,26.69,10,1
693.78,26.69,10,1
693.9,26.7,10,1
694.03,26.7,10,1
694.15,26.69,10,1
694.27,26.69,10,1
694.39,26.7,10,1
694.51,26.7,10,1
694.64,26.69,10,1
694.76,26.69,10,1
694.88,26.7,10,1
695.01,26.7,10,1
695.13,26.7,10,1
695.25,26.7,10,1
695.37,26.7,10,1
695.5,26.7,10,1
695.62,26.7,10,1
695.74,26.69,10,1
695.86,26.7,10,1
695.99,26.7,10,1
696.11,26.7,10,1
696.23,26.69,10,1
696.35,26.69,10,1
696.47,26.69,10,1
696.6,26.69,10,1
696.72,26.7,10,1
696.84,26.68,10,1
696.97,26.7,10,1
697.09,26.69,10,1
697.21,26.69,10,1
697.33,26.69,10,1
697.46,26.69,10,1
697.58,26.69,10,1
697.7,26.69,10,1
697.82,26.69,10,1
697.95,26.69,10,1
698.07,26.69,10,1
698.19,26.69,10,1
698.31,26.69,10,1
698.44,26.7,10,1
698.56,26.69,10,1
698.68,26.7,10,1
698.8,26.68,10,1
698.93,26.69,10,1
699.05,26.69,10,1
699.17,26.69,10,1
699.29,26.69,10,1
699.42,26.68,10,1
699.54,26.7,10,1
699.66,26.69,10,1
699.78,26.69,10,1
699.91,26.7,10,1
700.03,26.7,10,1
700.15,26.69,10,1
700.27,26.69,10,1
700.4,26.69,10,1
700.52,26.69,10,1
700.64,26.7,10,1
700.77,26.69,10,1
700.89,26.7,10,1
701.01,26.69,10,1
701.13,26.69,10,1
701.25,26.69,10,1
701.38,26.69,10,1
701.5,26.69,10,1
701.62,26.69,10,1
701.75,26.69,10,1
701.87,26.69,10,1
701.99,26.68,10,1
702.11,26.68,10,1
702.23,26.69,10,1
702.36,26.69,10,1
702.48,26.69,10,1
702.6,26.69,10,1
702.72,26.7,10,1
702.85,26.68,10,1
702.97,26.7,10,1
703.09,26.69,10,1
703.22,26.69,10,1
703.34,26.69,10,1
703.46,26.69,10,1
703.58,26.68,10,1
703.71,26.69,10,1
703.83,26.68,10,1
703.95,26.69,10,1
704.07,26.69,10,1
704.2,26.69,10,1
704.32,26.69,10,1
704.44,26.69,10,1
704.56,26.69,10,1
704.69,26.69,10,1
704.81,26.67,10,1
704.93,26.68,10,1
705.05,26.68,10,1
705.17,26.69,10,1
705.3,26.69,10,1
705.42,26.7,10,1
705.54,26.7,10,1
705.67,26.69,10,1
705.79,26.68,10,1
705.91,26.68,10,1
706.03,26.68,10,1
706.16,26.69,10,1
706.28,26.68,10,1
706.4,26.68,10,1
706.52,26.69,10,1
706.65,26.68,10,1
706.77,26.68,10,1
706.89,26.68,10,1
707.01,26.69,10,1
707.14,26.69,10,1
707.26,26.68,10,1
707.38,26.68,10,1
707.5,26.67,10,1
707.63,26.69,10,1
707.75,26.69,10,1
707.87,26.69,10,1
707.99,26.68,10,1
708.12,26.68,10,1
708.24,26.67,10,1
708.36,26.68,10,1
708.48,26.68,10,1
708.61,26.68,10,1
708.73,26.67,10,1
708.85,26.68,10,1
708.97,26.69,10,1
709.1,26.68,10,1
709.22,26.67,10,1
709.34,26.67,10,1
709.47,26.69,10,1
709.59,26.68,10,1
709.71,26.68,10,1
709.83,26.68,10,1
709.96,26.68,10,1
710.08,26.68,10,1
710.2,26.68,10,1
710.32,26.68,10,1
710.45,26.68,10,1
710.57,26.69,10,1
710.69,26.67,10,1
710.81,26.68,10,1
710.94,26.68,10,1
711.06,26.68,10,1
711.18,26.68,10,1
711.3,26.68,10,1
711.42,26.67,10,1
711.55,26.69,10,1
711.67,26.68,10,1
711.79,26.68,10,1
711.91,26.68,10,1
712.04,26.69,10,1
712.16,26.68,10,1
712.28,26.68,10,1
712.41,26.68,10,1
712.53,26.68,10,1
712.65,26.68,10,1
712.77,26.68,10,1
712.9,26.68,10,1
713.02,26.68,10,1
713.14,26.67,10,1
713.26,26.68,10,1
713.39,26.69,10,1
713.51,26.67,10,1
713.63,26.68,10,1
713.75,26.69,10,1
713.88,26.68,10,1
714.0,26.67,10,1
714.12,26.68,10,1
714.24,26.68,10,1
714.37,26.68,10,1
714.49,26.67,10,1
714.61,26.67,10,1
714.73,26.68,10,1
714.86,26.68,10,1
714.98,26.68,10,1
715.1,26.69,10,1
715.22,26.67,10,1
715.35,26.68,10,1
715.47,26.67,10,1
715.59,26.67,10,1
715.71,26.67,10,1
715.84,26.68,10,1
715.96,26.68,10,1
716.08,26.67,10,1
716.21,26.66,10,1
716.33,26.68,10,1
716.45,26.68,10,1
716.57,26.67,10,1
716.69,26.67,10,1
716.82,26.68,10,1
716.94,26.68,10,1
717.06,26.67,10,1
717.19,26.68,10,1
717.31,26.69,10,1
717.43,26.67,10,1
717.55,26.68,10,1
717.67,26.68,10,1
717.8,26.68,10,1
717.92,26.68,10,1
718.04,26.69,10,1
718.16,26.68,10,1
718.29,26.68,10,1
718.41,26.69,10,1
718.53,26.69,10,1
718.66,26.67,10,1
718.78,26.69,10,1
718.9,26.68,10,1
719.02,26.68,10,1
719.15,26.69,10,1
719.27,26.67,10,1
719.39,26.68,10,1
719.51,26.67,10,1
719.64,26.67,10,1
719.76,26.68,10,1
719.88,26.68,10,1
720.0,26.67,10,1
720.13,26.69,10,1
720.25,26.67,10,1
720.37,26.67,10,1
720.49,26.69,10,1
720.62,26.67,10,1
720.74,26.68,10,1
720.86,26.67,10,1
720.98,26.67,10,1
721.1,26.68,10,1
721.23,26.67,10,1
721.35,26.68,10,1
721.47,26.67,10,1
721.6,26.65,10,1
721.72,26.68,10,1
721.84,26.67,10,1
721.96,26.68,10,1
722.09,26.68,10,1
722.21,26.67,10,1
722.33,26.68,10,1
722.45,26.67,10,1
722.58,26.69,10,1
722.7,26.67,10,1
722.82,26.68,10,1
722.95,26.68,10,1
723.07,26.67,10,1
723.19,26.68,10,1
723.31,26.67,10,1
723.43,26.69,10,1
723.56,26.67,10,1
723.68,26.67,10,1
723.8,26.67,10,1
723.92,26.67,10,1
724.05,26.69,10,1
724.17,26.67,10,1
724.29,26.68,10,1
724.41,26.67,10,1
724.54,26.68,10,1
724.66,26.68,10,1
724.78,26.68,10,1
724.9,26.68,10,1
725.03,26.68,10,1
725.15,26.67,10,1
725.27,26.68,10,1
725.4,26.67,10,1
725.52,26.67,10,1
725.64,26.69,10,1
725.76,26.67,10,1
725.88,26.67,10,1
726.01,26.68,10,1
726.13,26.67,10,1
726.25,26.68,10,1
726.38,26.67,10,1
726.5,26.67,10,1
726.62,26.68,10,1
726.74,26.68,10,1
726.86,26.68,10,1
726.99,26.68,10,1
727.11,26.68,10,1
727.23,26.68,10,1
727.35,26.68,10,1
727.48,26.67,10,1
727.6,26.68,10,1
727.72,26.68,10,1
727.84,26.68,10,1
727.97,26.68,10,1
728.09,26.67,10,1
728.21,26.68,10,1
728.34,26.67,10,1
728.46,26.67,10,1
728.58,26.69,10,1
728.7,26.67,10,1
728.83,26.68,10,1
728.95,26.67,10,1
729.07,26.69,10,1
729.19,26.68,10,1
729.32,26.67,10,1
729.44,26.68,10,1
729.56,26.67,10,1
729.68,26.68,10,1
729.81,26.67,10,1
729.93,26.68,10,1
730.05,26.68,10,1
730.17,26.68,10,1
730.3,26.68,10,1
730.42,26.68,10,1
730.54,26.67,10,1
730.66,26.68,10,1
730.79,26.69,10,1
730.91,26.67,10,1
731.03,26.68,10,1
731.15,26.67,10,1
731.28,26.67,10,1
731.4,26.68,10,1
731.52,26.67,10,1
731.64,26.68,10,1
731.77,26.67,10,1
731.89,26.68,10,1
732.01,26.67,10,1
732.13,26.68,10,1
732.26,26.67,10,1
732.38,26.68,10,1
732.5,26.68,10,1
732.62,26.67,10,1
732.75,26.67,10,1
732.87,26.68,10,1
732.99,26.67,10,1
733.11,26.68,10,1
733.24,26.68,10,1
733.36,26.68,10,1
733.48,26.67,10,1
733.6,26.68,10,1
733.73,26.66,10,1
733.85,26.69,10,1
733.97,26.67,10,1
734.09,26.68,10,1
734.22,26.68,10,1
734.34,26.67,10,1
734.46,26.68,10,1
734.59,26.67,10,1
734.71,26.67,10,1
734.83,26.68,10,1
734.95,26.67,10,1
735.08,26.69,10,1
735.2,26.66,10,1
735.32,26.68,10,1
735.44,26.67,10,1
735.57,26.68,10,1
735.69,26.69,10,1
735.81,26.67,10,1
735.93,26.68,10,1
736.06,26.68,10,1
736.18,26.67,10,1
736.3,26.68,10,1
736.42,26.67,10,1
736.54,26.68,10,1
736.67,26.68,10,1
736.79,26.66,10,1
736.91,26.69,10,1
737.04,26.67,10,1
737.16,26.68,10,1
737.28,26.68,10,1
737.4,26.67,10,1
737.53,26.68,10,1
737.65,26.68,10,1
737.77,26.66,10,1
737.89,26.67,10,1
738.02,26.68,10,1
738.14,26.67,10,1
738.26,26.68,10,1
738.38,26.66,10,1
738.51,26.67,10,1
738.63,26.69,10,1
738.75,26.65,10,1
738.87,26.67,10,1
739.0,26.68,10,1
739.12,26.67,10,1
739.24,26.69,10,1
739.36,26.67,10,1
739.49,26.68,10,1
739.61,26.69,10,1
739.73,26.67,10,1
739.85,26.68,10,1
739.98,26.67,10,1
740.1,26.67,10,1
740.22,26.68,10,1
740.34,26.66,10,1
740.47,26.68,10,1
740.59,26.68,10,1
740.71,26.67,10,1
740.84,26.68,10,1
740.96,26.67,10,1
741.08,26.67,10,1
741.2,26.68,10,1
741.32,26.66,10,1
741.45,26.68,10,1
741.57,26.67,10,1
741.69,26.66,10,1
741.82,26.68,10,1
741.94,26.67,10,1
742.06,26.67,10,1
742.18,26.67,10,1
742.3,26.66,10,1
742.43,26.67,10,1
742.55,26.67,10,1
742.67,26.67,10,1
742.8,26.68,10,1
742.92,26.66,10,1
743.04,26.66,10,1
743.16,26.67,10,1
743.28,26.66,10,1
743.41,26.68,10,1
743.53,26.66,10,1
743.65,26.67,10,1
743.78,26.67,10,1
743.9,26.67,10,1
744.02,26.67,10,1
744.14,26.66,10,1
744.27,26.68,10,1
744.39,26.66,10,1
744.51,26.67,10,1
744.63,26.68,10,1
744.76,26.67,10,1
744.88,26.68,10,1
745.0,26.66,10,1
745.12,26.68,10,1
745.25,26.67,10,1
745.37,26.66,10,1
745.49,26.68,10,1
745.61,26.66,10,1
745.74,26.67,10,1
745.86,26.68,10,1
745.98,26.66,10,1
746.1,26.67,10,1
746.23,26.66,10,1
746.35,26.66,10,1
746.47,26.67,10,1
746.59,26.66,10,1
746.72,26.67,10,1
746.84,26.68,10,1
746.96,26.66,10,1
747.08,26.67,10,1
747.21,26.68,10,1
747.33,26.66,10,1
747.45,26.67,10,1
747.58,26.67,10,1
747.7,26.66,10,1
747.82,26.67,10,1
747.94,26.67,10,1
748.06,26.66,10,1
748.19,26.67,10,1
748.31,26.66,10,1
748.43,26.67,10,1
748.55,26.67,10,1
748.68,26.65,10,1
748.8,26.67,10,1
748.92,26.65,10,1
749.04,26.66,10,1
749.17,26.67,10,1
749.29,26.66,10,1
749.41,26.67,10,1
749.53,26.67,10,1
749.66,26.66,10,1
749.78,26.67,10,1
749.9,26.68,10,1
750.03,26.65,10,1
750.15,26.67,10,1
750.27,26.67,10,1
750.39,26.65,10,1
750.52,26.67,10,1
750.64,26.67,10,1
750.76,26.66,10,1
750.88,26.66,10,1
751.01,26.67,10,1
751.13,26.67,10,1
751.25,26.66,10,1
751.37,26.67,10,1
751.5,26.67,10,1
751.62,26.66,10,1
751.74,26.66,10,1
751.86,26.67,10,1
751.99,26.67,10,1
752.11,26.65,10,1
752.23,26.67,10,1
752.35,26.67,10,1
752.48,26.67,10,1
752.6,26.65,10,1
752.72,26.66,10,1
752.84,26.67,10,1
752.97,26.66,10,1
753.09,26.66,10,1
753.21,26.65,10,1
753.33,26.67,10,1
753.46,26.67,10,1
753.58,26.66,10,1
753.7,26.66,10,1
753.82,26.66,10,1
753.95,26.67,10,1
754.07,26.66,10,1
754.19,26.65,10,1
754.31,26.65,10,1
754.44,26.66,10,1
754.56,26.66,10,1
754.68,26.66,10,1
754.8,26.65,10,1
754.93,26.65,10,1
755.05,26.66,10,1
755.17,26.67,10,1
755.29,26.67,10,1
755.42,26.64,10,1
755.54,26.65,10,1
755.66,26.66,10,1
755.78,26.67,10,1
755.91,26.68,10,1
756.03,26.65,10,1
756.15,26.66,10,1
756.28,26.66,10,1
756.4,26.67,10,1
756.52,26.67,10,1
756.64,26.68,10,1
756.77,26.66,10,1
756.89,26.66,10,1
757.01,26.66,10,1
757.13,26.67,10,1
757.26,26.67,10,1
757.38,26.66,10,1
757.5,26.66,10,1
757.62,26.66,10,1
757.75,26.66,10,1
757.87,26.65,10,1
757.99,26.66,10,1
758.11,26.67,10,1
758.24,26.66,10,1
758.36,26.66,10,1
758.48,26.68,10,1
758.6,26.64,10,1
758.72,26.65,10,1
758.85,26.65,10,1
758.97,26.65,10,1
759.09,26.66,10,1
759.22,26.67,10,1
759.34,26.66,10,1
759.46,26.68,10,1
759.58,26.67,10,1
759.71,26.66,10,1
759.83,26.68,10,1
759.95,26.66,10,1
760.07,26.65,10,1
760.2,26.64,10,1
760.32,26.67,10,1
760.44,26.63,10,1
760.56,26.66,10,1
760.69,26.66,10,1
760.81,26.67,10,1
760.93,26.66,10,1
761.05,26.67,10,1
761.18,26.67,10,1
761.3,26.66,10,1
761.42,26.64,10,1
761.54,26.64,10,1
761.67,26.66,10,1
761.79,26.65,10,1
761.91,26.66,10,1
762.03,26.67,10,1
762.16,26.66,10,1
762.28,26.67,10,1
762.4,26.67,10,1
762.52,26.67,10,1
762.65,26.65,10,1
762.77,26.66,10,1
762.89,26.65,10,1
763.02,26.64,10,1
763.14,26.66,10,1
763.26,26.66,10,1
763.38,26.65,10,1
763.5,26.65,10,1
763.63,26.66,10,1
763.75,26.66,10,1
763.87,26.66,10,1
764.0,26.66,10,1
764.12,26.67,10,1
764.24,26.66,10,1
764.36,26.66,10,1
764.48,26.66,10,1
764.61,26.66,10,1
764.73,26.66,10,1
764.85,26.65,10,1
764.98,26.66,10,1
765.1,26.65,10,1
765.22,26.65,10,1
765.34,26.65,10,1
765.47,26.65,10,1
765.59,26.66,10,1
765.71,26.67,10,1
765.83,26.66,10,1
765.96,26.67,10,1
766.08,26.66,10,1
766.2,26.68,10,1
766.32,26.66,10,1
766.45,26.65,10,1
766.57,26.66,10,1
766.69,26.65,10,1
766.81,26.64,10,1
766.94,26.64,10,1
767.06,26.66,10,1
767.18,26.65,10,1
767.3,26.64,10,1
767.43,26.67,10,1
767.55,26.65,10,1
767.67,26.66,10,1
767.79,26.66,10,1
767.92,26.65,10,1
768.04,26.65,10,1
768.16,26.66,10,1
768.28,26.67,10,1
768.41,26.68,10,1
768.53,26.67,10,1
768.65,26.67,10,1
768.77,26.66,10,1
768.9,26.67,10,1
769.02,26.66,10,1
769.14,26.66,10,1
769.26,26.67,10,1
769.39,26.66,10,1
769.51,26.67,10,1
769.63,26.66,10,1
769.76,26.66,10,1
769.88,26.66,10,1
770.0,26.66,10,1
770.12,26.68,10,1
770.24,26.68,10,1
770.37,26.67,10,1
770.49,26.66,10,1
770.61,26.66,10,1
770.73,26.64,10,1
770.86,26.64,10,1
770.98,26.66,10,1
771.1,26.67,10,1
771.22,26.65,10,1
771.35,26.68,10,1
771.47,26.65,10,1
771.59,26.67,10,1
771.72,26.67,10,1
771.84,26.64,10,1
771.96,26.66,10,1
772.08,26.68,10,1
772.21,26.65,10,1
772.33,26.65,10,1
772.45,26.65,10,1
772.57,26.66,10,1
772.7,26.65,10,1
772.82,26.65,10,1
772.94,26.65,10,1
773.06,26.67,10,1
773.19,26.65,10,1
773.31,26.68,10,1
773.43,26.68,10,1
773.55,26.66,10,1
773.68,26.68,10,1
773.8,26.67,10,1
773.92,26.66,10,1
774.04,26.68,10,1
774.16,26.65,10,1
774.29,26.67,10,1
774.41,26.65,10,1
774.53,26.64,10,1
774.66,26.65,10,1
774.78,26.67,10,1
774.9,26.67,10,1
775.02,26.65,10,1
775.15,26.64,10,1
775.27,26.66,10,1
775.39,26.67,10,1
775.51,26.64,10,1
775.64,26.65,10,1
775.76,26.66,10,1
775.88,26.65,10,1
776.0,26.66,10,1
776.13,26.66,10,1
776.25,26.66,10,1
776.37,26.65,10,1
776.49,26.65,10,1
776.62,26.65,10,1
776.74,26.66,10,1
776.86,26.66,10,1
776.98,26.65,10,1
777.11,26.65,10,1
777.23,26.68,10,1
777.35,26.67,10,1
777.47,26.67,10,1
777.6,26.67,10,1
777.72,26.68,10,1
777.84,26.67,10,1
777.96,26.65,10,1
778.09,26.65,10,1
778.21,26.66,10,1
778.33,26.66,10,1
778.46,26.65,10,1
778.58,26.65,10,1
778.7,26.66,10,1
778.82,26.68,10,1
778.95,26.66,10,1
779.07,26.66,10,1
779.19,26.66,10,1
779.31,26.66,10,1
779.44,26.66,10,1
779.56,26.65,10,1
779.68,26.66,10,1
779.8,26.65,10,1
779.92,26.65,10,1
780.05,26.66,10,1
780.17,26.66,10,1
780.29,26.67,10,1
780.42,26.67,10,1
780.54,26.65,10,1
780.66,26.68,10,1
780.78,26.66,10,1
780.91,26.67,10,1
781.03,26.66,10,1
781.15,26.66,10,1
781.27,26.66,10,1
781.4,26.66,10,1
781.52,26.65,10,1
781.64,26.65,10,1
781.76,26.65,10,1
781.89,26.66,10,1
782.01,26.65,10,1
782.13,26.67,10,1
782.25,26.66,10,1
782.38,26.65,10,1
782.5,26.65,10,1
782.62,26.67,10,1
782.74,26.66,10,1
782.87,26.67,10,1
782.99,26.67,10,1
783.11,26.65,10,1
783.23,26.65,10,1
783.36,26.67,10,1
783.48,26.66,10,1
783.6,26.66,10,1
783.72,26.66,10,1
783.85,26.65,10,1
783.97,26.67,10,1
784.09,26.67,10,1
784.22,26.66,10,1
784.34,26.65,10,1
784.46,26.65,10,1
784.58,26.67,10,1
784.7,26.66,10,1
784.83,26.65,10,1
784.95,26.65,10,1
785.07,26.66,10,1
785.2,26.66,10,1
785.32,26.66,10,1
785.44,26.64,10,1
785.56,26.66,10,1
785.69,26.67,10,1
785.81,26.66,10,1
785.93,26.65,10,1
786.05,26.65,10,1
786.17,26.67,10,1
786.3,26.67,10,1
786.42,26.66,10,1
786.54,26.65,10,1
786.66,26.66,10,1
786.79,26.66,10,1
786.91,26.66,10,1
787.03,26.65,10,1
787.16,26.66,10,1
787.28,26.67,10,1
787.4,26.66,10,1
787.52,26.65,10,1
787.65,26.66,10,1
787.77,26.65,10,1
787.89,26.66,10,1
788.01,26.65,10,1
788.14,26.65,10,1
788.26,26.66,10,1
788.38,26.65,10,1
788.5,26.66,10,1
788.63,26.67,10,1
788.75,26.65,10,1
788.87,26.64,10,1
788.99,26.67,10,1
789.12,26.65,10,1
789.24,26.65,10,1
789.36,26.66,10,1
789.48,26.66,10,1
789.61,26.65,10,1
789.73,26.66,10,1
789.85,26.66,10,1
789.97,26.65,10,1
790.1,26.67,10,1
790.22,26.66,10,1
790.34,26.64,10,1
790.46,26.65,10,1
790.59,26.66,10,1
790.71,26.64,10,1
790.83,26.65,10,1
790.95,26.66,10,1
791.08,26.64,10,1
791.2,26.66,10,1
791.32,26.66,10,1
791.44,26.64,10,1
791.57,26.67,10,1
791.69,26.65,10,1
791.81,26.64,10,1
791.93,26.66,10,1
792.06,26.65,10,1
792.18,26.64,10,1
792.3,26.66,10,1
792.42,26.64,10,1
792.55,26.65,10,1
792.67,26.65,10,1
792.79,26.64,10,1
792.91,26.66,10,1
793.04,26.65,10,1
793.16,26.64,10,1
793.28,26.66,10,1
793.41,26.64,10,1
793.53,26.64,10,1
793.65,26.65,10,1
793.77,26.64,10,1
793.9,26.65,10,1
794.02,26.65,10,1
794.14,26.65,10,1
794.26,26.65,10,1
794.39,26.64,10,1
794.51,26.65,10,1
794.63,26.66,10,1
794.75,26.64,10,1
794.88,26.66,10,1
795.0,26.64,10,1
795.12,26.65,10,1
795.24,26.65,10,1
795.36,26.64,10,1
795.49,26.66,10,1
795.61,26.65,10,1
795.73,26.65,10,1
795.85,26.65,10,1
795.98,26.64,10,1
796.1,26.65,10,1
796.22,26.64,10,1
796.35,26.65,10,1
796.47,26.64,10,1
796.59,26.65,10,1
796.71,26.66,10,1
796.84,26.64,10,1
796.96,26.66,10,1
797.08,26.64,10,1
797.2,26.66,10,1
797.33,26.65,10,1
797.45,26.65,10,1
797.57,26.65,10,1
797.69,26.64,10,1
797.82,26.66,10,1
797.94,26.64,10,1
798.06,26.66,10,1
798.18,26.65,10,1
798.31,26.65,10,1
798.43,26.65,10,1
798.55,26.63,10,1
798.67,26.65,10,1
798.8,26.65,10,1
798.92,26.65,10,1
799.04,26.65,10,1
799.16,26.64,10,1
799.29,26.66,10,1
799.41,26.63,10,1
799.53,26.65,10,1
799.65,26.64,10,1
799.78,26.65,10,1
799.9,26.65,10,1
800.02,26.64,10,1
800.15,26.65,10,1
800.27,26.64,10,1
800.39,26.65,10,1
800.51,26.65,10,1
800.63,26.64,10,1
800.76,26.65,10,1
800.88,26.64,10,1
801.0,26.66,10,1
801.13,26.65,10,1
801.25,26.64,10,1
801.37,26.66,10,1
801.49,26.63,10,1
801.61,26.65,10,1
801.74,26.63,10,1
801.86,26.65,10,1
801.98,26.64,10,1
802.11,26.64,10,1
802.23,26.66,10,1
802.35,26.64,10,1
802.47,26.65,10,1
802.59,26.64,10,1
802.72,26.66,10,1
802.84,26.64,10,1
802.96,26.65,10,1
803.09,26.64,10,1
803.21,26.64,10,1
803.33,26.64,10,1
803.45,26.63,10,1
803.58,26.65,10,1
803.7,26.64,10,1
803.82,26.66,10,1
803.94,26.64,10,1
804.07,26.65,10,1
804.19,26.65,10,1
804.31,26.64,10,1
804.43,26.64,10,1
804.55,26.65,10,1
804.68,26.65,10,1
804.8,26.64,10,1
804.92,26.65,10,1
805.05,26.63,10,1
805.17,26.65,10,1
805.29,26.64,10,1
805.41,26.65,10,1
805.54,26.64,10,1
805.66,26.65,10,1
805.78,26.64,10,1
805.9,26.65,10,1
806.03,26.64,10,1
806.15,26.65,10,1
806.27,26.65,10,1
806.39,26.65,10,1
806.52,26.65,10,1
806.64,26.64,10,1
806.76,26.65,10,1
806.88,26.63,10,1
807.01,26.65,10,1
807.13,26.64,10,1
807.25,26.65,10,1
807.37,26.64,10,1
807.5,26.66,10,1
807.62,26.63,10,1
807.74,26.65,10,1
807.86,26.64,10,1
807.99,26.66,10,1
808.11,26.65,10,1
808.23,26.65,10,1
808.35,26.65,10,1
808.48,26.64,10,1
808.6,26.64,10,1
808.72,26.64,10,1
808.84,26.64,10,1
808.97,26.65,10,1
809.09,26.65,10,1
809.21,26.65,10,1
809.33,26.64,10,1
809.46,26.65,10,1
809.58,26.63,10,1
809.7,26.66,10,1
809.83,26.64,10,1
809.95,26.65,10,1
810.07,26.64,10,1
810.19,26.64,10,1
810.32,26.64,10,1
810.44,26.65,10,1
810.56,26.65,10,1
810.68,26.64,10,1
810.8,26.65,10,1
810.93,26.64,10,1
811.05,26.65,10,1
811.17,26.63,10,1
811.29,26.64,10,1
811.42,26.64,10,1
811.54,26.64,10,1
811.66,26.65,10,1
811.79,26.64,10,1
811.91,26.65,10,1
812.03,26.65,10,1
812.15,26.65,10,1
812.28,26.66,10,1
812.4,26.65,10,1
812.52,26.65,10,1
812.64,26.64,10,1
812.77,26.65,10,1
812.89,26.64,10,1
813.01,26.64,10,1
813.13,26.66,10,1
813.26,26.63,10,1
813.38,26.65,10,1
813.5,26.65,10,1
813.62,26.64,10,1
813.75,26.66,10,1
813.87,26.64,10,1
813.99,26.64,10,1
814.11,26.65,10,1
814.24,26.64,10,1
814.36,26.64,10,1
814.48,26.65,10,1
814.6,26.64,10,1
814.73,26.64,10,1
814.85,26.64,10,1
814.97,26.64,10,1
815.09,26.65,10,1
815.22,26.64,10,1
815.34,26.65,10,1
815.46,26.65,10,1
815.59,26.63,10,1
815.71,26.64,10,1
815.83,26.64,10,1
815.95,26.64,10,1
816.07,26.66,10,1
816.2,26.65,10,1
816.32,26.64,10,1
816.44,26.65,10,1
816.57,26.64,10,1
816.69,26.64,10,1
816.81,26.66,10,1
816.93,26.63,10,1
817.05,26.65,10,1
817.18,26.65,10,1
817.3,26.64,10,1
817.42,26.65,10,1
817.54,26.64,10,1
817.67,26.64,10,1
817.79,26.66,10,1
817.91,26.65,10,1
818.03,26.63,10,1
818.16,26.65,10,1
818.28,26.64,10,1
818.4,26.63,10,1
818.53,26.65,10,1
818.65,26.64,10,1
818.77,26.63,10,1
818.89,26.65,10,1
819.02,26.64,10,1
819.14,26.64,10,1
819.26,26.65,10,1
819.38,26.65,10,1
819.51,26.63,10,1
819.63,26.65,10,1
819.75,26.65,10,1
819.87,26.64,10,1
820.0,26.64,10,1
820.12,26.65,10,1
820.24,26.64,10,1
820.36,26.64,10,1
820.49,26.65,10,1
820.61,26.64,10,1
820.73,26.64,10,1
820.85,26.64,10,1
820.98,26.63,10,1
821.1,26.63,10,1
821.22,26.64,10,1
821.34,26.64,10,1
821.47,26.64,10,1
821.59,26.64,10,1
821.71,26.63,10,1
821.83,26.63,10,1
821.96,26.64,10,1
822.08,26.64,10,1
822.2,26.64,10,1
822.32,26.63,10,1
822.45,26.65,10,1
822.57,26.65,10,1
822.69,26.63,10,1
822.81,26.64,10,1
822.94,26.64,10,1
823.06,26.64,10,1
823.18,26.65,10,1
823.3,26.65,10,1
823.43,26.63,10,1
823.55,26.64,10,1
823.67,26.64,10,1
823.79,26.64,10,1
823.92,26.64,10,1
824.04,26.64,10,1
824.16,26.64,10,1
824.28,26.63,10,1
824.41,26.65,10,1
824.53,26.65,10,1
824.65,26.63,10,1
824.78,26.65,10,1
824.9,26.64,10,1
825.02,26.65,10,1
825.14,26.63,10,1
825.27,26.64,10,1
825.39,26.64,10,1
825.51,26.63,10,1
825.63,26.65,10,1
825.76,26.64,10,1
825.88,26.64,10,1
826.0,26.64,10,1
826.12,26.64,10,1
826.25,26.65,10,1
826.37,26.64,10,1
826.49,26.64,10,1
826.61,26.62,10,1
826.73,26.63,10,1
826.86,26.64,10,1
826.98,26.64,10,1
827.1,26.63,10,1
827.23,26.65,10,1
827.35,26.64,10,1
827.47,26.64,10,1
827.59,26.64,10,1
827.72,26.62,10,1
827.84,26.63,10,1
827.96,26.65,10,1
828.08,26.64,10,1
828.21,26.63,10,1
828.33,26.65,10,1
828.45,26.63,10,1
828.57,26.63,10,1
828.7,26.63,10,1
828.82,26.65,10,1
828.94,26.63,10,1
829.06,26.64,10,1
829.19,26.64,10,1
829.31,26.64,10,1
829.43,26.64,10,1
829.55,26.63,10,1
829.68,26.64,10,1
829.8,26.64,10,1
829.92,26.63,10,1
830.04,26.63,10,1
830.17,26.64,10,1
830.29,26.64,10,1
830.41,26.63,10,1
830.53,26.64,10,1
830.66,26.65,10,1
830.78,26.64,10,1
830.9,26.63,10,1
831.03,26.63,10,1
831.15,26.63,10,1
831.27,26.64,10,1
831.39,26.64,10,1
831.51,26.63,10,1
831.64,26.63,10,1
831.76,26.64,10,1
831.88,26.63,10,1
832.01,26.63,10,1
832.13,26.64,10,1
832.25,26.64,10,1
832.37,26.64,10,1
832.49,26.64,10,1
832.62,26.63,10,1
832.74,26.64,10,1
832.86,26.64,10,1
832.98,26.64,10,1
833.11,26.63,10,1
833.23,26.63,10,1
833.35,26.64,10,1
833.47,26.64,10,1
833.6,26.63,10,1
833.72,26.64,10,1
833.84,26.63,10,1
833.97,26.63,10,1
834.09,26.64,10,1
834.21,26.64,10,1
834.33,26.64,10,1
834.46,26.64,10,1
834.58,26.63,10,1
834.7,26.63,10,1
834.82,26.63,10,1
834.95,26.64,10,1
835.07,26.63,10,1
835.19,26.64,10,1
835.31,26.63,10,1
835.44,26.63,10,1
835.56,26.63,10,1
835.68,26.63,10,1
835.8,26.64,10,1
835.93,26.63,10,1
836.05,26.63,10,1
836.17,26.63,10,1
836.29,26.64,10,1
836.42,26.63,10,1
836.54,26.63,10,1
836.66,26.64,10,1
836.78,26.63,10,1
836.91,26.63,10,1
837.03,26.63,10,1
837.15,26.63,10,1
837.27,26.63,10,1
837.4,26.63,10,1
837.52,26.63,10,1
837.64,26.63,10,1
837.76,26.64,10,1
837.89,26.63,10,1
838.01,26.63,10,1
838.13,26.63,10,1
838.25,26.62,10,1
838.38,26.63,10,1
838.5,26.63,10,1
838.62,26.62,10,1
838.75,26.62,10,1
838.87,26.63,10,1
838.99,26.63,10,1
839.11,26.62,10,1
839.23,26.63,10,1
839.36,26.63,10,1
839.48,26.63,10,1
839.6,26.63,10,1
839.72,26.63,10,1
839.85,26.63,10,1
839.97,26.63,10,1
840.09,26.63,10,1
840.22,26.63,10,1
840.34,26.62,10,1
840.46,26.63,10,1
840.58,26.63,10,1
840.71,26.62,10,1
840.83,26.62,10,1
840.95,26.62,10,1
841.07,26.63,10,1
841.2,26.63,10,1
841.32,26.63,10,1
841.44,26.62,10,1
841.56,26.63,10,1
841.69,26.62,10,1
841.81,26.62,10,1
841.93,26.63,10,1
842.05,26.62,10,1
842.17,26.62,10,1
842.3,26.62,10,1
842.42,26.62,10,1
842.54,26.62,10,1
842.66,26.62,10,1
842.79,26.62,10,1
842.91,26.62,10,1
843.03,26.62,10,1
843.16,26.62,10,1
843.28,26.61,10,1
843.4,26.62,10,1
843.52,26.62,10,1
843.65,26.62,10,1
843.77,26.62,10,1
843.89,26.62,10,1
844.01,26.62,10,1
844.14,26.62,10,1
844.26,26.63,10,1
844.38,26.62,10,1
844.5,26.62,10,1
844.63,26.63,10,1
844.75,26.62,10,1
844.87,26.63,10,1
844.99,26.62,10,1
845.12,26.63,10,1
845.24,26.62,10,1
845.36,26.62,10,1
845.48,26.62,10,1
845.61,26.61,10,1
845.73,26.62,10,1
845.85,26.61,10,1
845.97,26.61,10,1
846.1,26.61,10,1
846.22,26.62,10,1
846.34,26.62,10,1
846.47,26.61,10,1
846.59,26.62,10,1
846.71,26.62,10,1
846.83,26.62,10,1
846.95,26.62,10,1
847.08,26.62,10,1
847.2,26.62,10,1
847.32,26.62,10,1
847.44,26.61,10,1
847.57,26.63,10,1
847.69,26.63,10,1
847.81,26.61,10,1
847.94,26.61,10,1
848.06,26.61,10,1
848.18,26.61,10,1
848.3,26.61,10,1
848.42,26.62,10,1
848.55,26.62,10,1
848.67,26.6,10,1
848.79,26.62,10,1
848.91,26.61,10,1
849.04,26.62,10,1
849.16,26.62,10,1
849.28,26.61,10,1
849.41,26.6,10,1
849.53,26.61,10,1
849.65,26.61,10,1
849.77,26.62,10,1
849.9,26.62,10,1
850.02,26.62,10,1
850.14,26.61,10,1
850.26,26.62,10,1
850.39,26.62,10,1
850.51,26.62,10,1
850.63,26.62,10,1
850.75,26.62,10,1
850.88,26.61,10,1
851.0,26.61,10,1
851.12,26.62,10,1
851.24,26.61,10,1
851.36,26.61,10,1
851.49,26.62,10,1
851.61,26.62,10,1
851.73,26.62,10,1
851.86,26.61,10,1
851.98,26.62,10,1
852.1,26.62,10,1
852.22,26.61,10,1
852.35,26.62,10,1
852.47,26.62,10,1
852.59,26.62,10,1
852.71,26.61,10,1
852.84,26.61,10,1
852.96,26.61,10,1
853.08,26.62,10,1
853.2,26.62,10,1
853.33,26.62,10,1
853.45,26.62,10,1
853.57,26.62,10,1
853.69,26.61,10,1
853.82,26.61,10,1
853.94,26.61,10,1
854.06,26.61,10,1
854.18,26.61,10,1
854.31,26.61,10,1
854.43,26.61,10,1
854.55,26.62,10,1
854.67,26.61,10,1
854.8,26.62,10,1
854.92,26.62,10,1
855.04,26.62,10,1
855.16,26.61,10,1
855.29,26.62,10,1
855.41,26.62,10,1
855.53,26.61,10,1
855.66,26.62,10,1
855.78,26.61,10,1
855.9,26.61,10,1
856.02,26.62,10,1
856.15,26.61,10,1
856.27,26.62,10,1
856.39,26.62,10,1
856.51,26.61,10,1
856.64,26.61,10,1
856.76,26.61,10,1
856.88,26.62,10,1
857.0,26.61,10,1
857.13,26.62,10,1
857.25,26.61,10,1
857.37,26.61,10,1
857.49,26.61,10,1
857.62,26.62,10,1
857.74,26.61,10,1
857.86,26.61,10,1
857.98,26.62,10,1
858.11,26.61,10,1
858.23,26.61,10,1
858.35,26.62,10,1
858.47,26.61,10,1
858.6,26.61,10,1
858.72,26.62,10,1
858.84,26.61,10,1
858.96,26.61,10,1
859.09,26.61,10,1
859.21,26.61,10,1
859.33,26.61,10,1
859.45,26.61,10,1
859.58,26.61,10,1
859.7,26.61,10,1
859.82,26.6,10,1
859.94,26.61,10,1
860.07,26.61,10,1
860.19,26.61,10,1
860.31,26.61,10,1
860.43,26.62,10,1
860.56,26.6,10,1
860.68,26.62,10,1
860.8,26.61,10,1
860.92,26.61,10,1
861.05,26.61,10,1
861.17,26.6,10,1
861.29,26.61,10,1
861.41,26.61,10,1
861.54,26.61,10,1
861.66,26.61,10,1
861.78,26.62,10,1
861.9,26.62,10,1
862.03,26.61,10,1
862.15,26.62,10,1
862.27,26.62,10,1
862.4,26.61,10,1
862.52,26.61,10,1
862.64,26.61,10,1
862.76,26.61,10,1
862.89,26.62,10,1
863.01,26.61,10,1
863.13,26.61,10,1
863.25,26.62,10,1
863.38,26.61,10,1
863.5,26.62,10,1
863.62,26.61,10,1
863.74,26.61,10,1
863.86,26.61,10,1
863.99,26.61,10,1
864.11,26.62,10,1
864.23,26.61,10,1
864.36,26.61,10,1
864.48,26.62,10,1
864.6,26.61,10,1
864.72,26.61,10,1
864.84,26.61,10,1
864.97,26.61,10,1
865.09,26.61,10,1
865.21,26.61,10,1
865.34,26.61,10,1
865.46,26.61,10,1
865.58,26.61,10,1
865.7,26.61,10,1
865.83,26.61,10,1
865.95,26.6,10,1
866.07,26.61,10,1
866.19,26.61,10,1
866.32,26.61,10,1
866.44,26.59,10,1
866.56,26.61,10,1
866.68,26.61,10,1
866.81,26.61,10,1
866.93,26.61,10,1
867.05,26.61,10,1
867.17,26.61,10,1
867.3,26.61,10,1
867.42,26.61,10,1
867.54,26.61,10,1
867.66,26.62,10,1
867.79,26.61,10,1
867.91,26.61,10,1
868.03,26.6,10,1
868.15,26.61,10,1
868.28,26.61,10,1
868.4,26.61,10,1
868.52,26.6,10,1
868.64,26.62,10,1
868.77,26.61,10,1
868.89,26.61,10,1
869.01,26.61,10,1
869.14,26.61,10,1
869.26,26.6,10,1
869.38,26.62,10,1
869.5,26.61,10,1
869.62,26.6,10,1
869.75,26.62,10,1
869.87,26.61,10,1
869.99,26.61,10,1
870.11,26.6,10,1
870.24,26.6,10,1
870.36,26.6,10,1
870.48,26.62,10,1
870.6,26.62,10,1
870.73,26.61,10,1
870.85,26.6,10,1
870.97,26.6,10,1
871.1,26.6,10,1
871.22,26.6,10,1
871.34,26.6,10,1
871.46,26.61,10,1
871.59,26.61,10,1
871.71,26.6,10,1
871.83,26.61,10,1
871.95,26.61,10,1
872.08,26.61,10,1
872.2,26.6,10,1
872.32,26.61,10,1
872.44,26.6,10,1
872.57,26.61,10,1
872.69,26.61,10,1
872.81,26.6,10,1
872.93,26.61,10,1
873.06,26.61,10,1
873.18,26.61,10,1
873.3,26.61,10,1
873.42,26.61,10,1
873.55,26.61,10,1
873.67,26.6,10,1
873.79,26.6,10,1
873.91,26.61,10,1
874.04,26.61,10,1
874.16,26.61,10,1
874.28,26.6,10,1
874.4,26.61,10,1
874.53,26.61,10,1
874.65,26.6,10,1
874.77,26.61,10,1
874.89,26.6,10,1
875.02,26.6,10,1
875.14,26.6,10,1
875.26,26.6,10,1
875.38,26.6,10,1
875.51,26.61,10,1
875.63,26.61,10,1
875.75,26.6,10,1
875.88,26.6,10,1
876.0,26.6,10,1
876.12,26.59,10,1
876.24,26.6,10,1
876.36,26.6,10,1
876.49,26.59,10,1
876.61,26.6,10,1
876.73,26.6,10,1
876.85,26.6,10,1
876.98,26.6,10,1
877.1,26.6,10,1
877.22,26.61,10,1
877.34,26.6,10,1
877.47,26.61,10,1
877.59,26.6,10,1
877.71,26.61,10,1
877.84,26.61,10,1
877.96,26.6,10,1
878.08,26.61,10,1
878.2,26.6,10,1
878.33,26.61,10,1
878.45,26.6,10,1
878.57,26.61,10,1
878.69,26.61,10,1
878.82,26.6,10,1
878.94,26.6,10,1
879.06,26.6,10,1
879.18,26.61,10,1
879.3,26.6,10,1
879.43,26.61,10,1
879.55,26.61,10,1
879.67,26.6,10,1
879.8,26.6,10,1
879.92,26.6,10,1
880.04,26.6,10,1
880.16,26.6,10,1
880.29,26.61,10,1
880.41,26.6,10,1
880.53,26.6,10,1
880.65,26.59,10,1
880.78,26.6,10,1
880.9,26.6,10,1
881.02,26.61,10,1
881.14,26.6,10,1
881.27,26.61,10,1
881.39,26.6,10,1
881.51,26.6,10,1
881.63,26.6,10,1
881.76,26.6,10,1
881.88,26.59,10,1
882.0,26.6,10,1
882.12,26.6,10,1
882.25,26.6,10,1
882.37,26.6,10,1
882.49,26.61,10,1
882.61,26.61,10,1
882.74,26.61,10,1
882.86,26.61,10,1
882.98,26.59,10,1
883.1,26.6,10,1
883.23,26.6,10,1
883.35,26.6,10,1
883.47,26.6,10,1
883.59,26.6,10,1
883.72,26.6,10,1
883.84,26.61,10,1
883.96,26.61,10,1
884.08,26.6,10,1
884.21,26.6,10,1
884.33,26.61,10,1
884.45,26.6,10,1
884.58,26.6,10,1
884.7,26.61,10,1
884.82,26.6,10,1
884.94,26.6,10,1
885.07,26.61,10,1
885.19,26.59,10,1
885.31,26.6,10,1
885.43,26.6,10,1
885.55,26.6,10,1
885.68,26.61,10,1
885.8,26.6,10,1
885.92,26.6,10,1
886.04,26.6,10,1
886.17,26.6,10,1
886.29,26.6,10,1
886.41,26.6,10,1
886.53,26.6,10,1
886.66,26.59,10,1
886.78,26.61,10,1
886.9,26.6,10,1
887.03,26.6,10,1
887.15,26.6,10,1
887.27,26.6,10,1
887.39,26.6,10,1
887.52,26.59,10,1
887.64,26.6,10,1
887.76,26.6,10,1
887.88,26.6,10,1
888.01,26.58,10,1
888.13,26.59,10,1
888.25,26.6,10,1
888.37,26.6,10,1
888.5,26.59,10,1
888.62,26.6,10,1
888.74,26.6,10,1
888.86,26.6,10,1
888.99,26.6,10,1
889.11,26.6,10,1
889.23,26.6,10,1
889.35,26.59,10,1
889.48,26.6,10,1
889.6,26.6,10,1
889.72,26.6,10,1
889.84,26.6,10,1
889.97,26.59,10,1
890.09,26.59,10,1
890.21,26.6,10,1
890.33,26.59,10,1
890.46,26.59,10,1
890.58,26.59,10,1
890.7,26.59,10,1
890.82,26.59,10,1
890.95,26.6,10,1
891.07,26.6,10,1
891.19,26.59,10,1
891.31,26.6,10,1
891.44,26.58,10,1
891.56,26.59,10,1
891.68,26.59,10,1
891.8,26.6,10,1
891.93,26.59,10,1
892.05,26.6,10,1
892.17,26.59,10,1
892.29,26.59,10,1
892.42,26.59,10,1
892.54,26.6,10,1
892.66,26.59,10,1
892.78,26.59,10,1
892.91,26.6,10,1
893.03,26.59,10,1
893.15,26.6,10,1
893.28,26.58,10,1
893.4,26.59,10,1
893.52,26.59,10,1
893.64,26.59,10,1
893.77,26.59,10,1
893.89,26.59,10,1
894.01,26.59,10,1
894.13,26.6,10,1
894.26,26.59,10,1
894.38,26.59,10,1
894.5,26.59,10,1
894.62,26.6,10,1
894.75,26.59,10,1
894.87,26.59,10,1
894.99,26.6,10,1
895.11,26.59,10,1
895.24,26.6,10,1
895.36,26.59,10,1
895.48,26.6,10,1
895.6,26.59,10,1
895.72,26.59,10,1
895.85,26.59,10,1
895.97,26.59,10,1
896.09,26.59,10,1
896.22,26.59,10,1
896.34,26.58,10,1
896.46,26.6,10,1
896.58,26.59,10,1
896.71,26.59,10,1
896.83,26.59,10,1
896.95,26.59,10,1
897.07,26.59,10,1
897.2,26.59,10,1
897.32,26.6,10,1
897.44,26.59,10,1
897.56,26.59,10,1
897.69,26.59,10,1
897.81,26.59,10,1
897.93,26.59,10,1
898.05,26.59,10,1
898.18,26.59,10,1
898.3,26.59,10,1
898.42,26.58,10,1
898.54,26.59,10,1
898.67,26.59,10,1
898.79,26.59,10,1
898.91,26.59,10,1
899.03,26.59,10,1
899.16,26.59,10,1
899.28,26.6,10,1
899.4,26.59,10,1
899.52,26.59,10,1
899.65,26.6,10,1
899.77,26.59,10,1
899.89,26.59,10,1
900.02,26.58,10,1
900.14,26.6,10,1
900.26,26.6,10,1
900.38,26.59,10,1
900.5,26.6,10,1
900.63,26.59,10,1
900.75,26.59,10,1
900.87,26.58,10,1
901.0,26.59,10,1
901.12,26.59,10,1
901.24,26.58,10,1
901.36,26.58,10,1
901.48,26.6,10,1
901.61,26.58,10,1
901.73,26.59,10,1
901.85,26.59,10,1
901.97,26.59,10,1
902.1,26.59,10,1
902.22,26.58,10,1
902.34,26.58,10,1
902.47,26.6,10,1
902.59,26.59,10,1
902.71,26.59,10,1
902.83,26.58,10,1
902.96,26.59,10,1
903.08,26.59,10,1
903.2,26.59,10,1
903.32,26.59,10,1
903.45,26.59,10,1
903.57,26.59,10,1
903.69,26.58,10,1
903.81,26.59,10,1
903.94,26.59,10,1
904.06,26.57,10,1
904.18,26.59,10,1
904.3,26.59,10,1
904.43,26.58,10,1
904.55,26.59,10,1
904.67,26.59,10,1
904.79,26.58,10,1
904.92,26.58,10,1
905.04,26.58,10,1
905.16,26.58,10,1
905.28,26.59,10,1
905.41,26.58,10,1
905.53,26.59,10,1
905.65,26.58,10,1
905.77,26.58,10,1
905.9,26.58,10,1
906.02,26.58,10,1
906.14,26.59,10,1
906.26,26.59,10,1
906.39,26.59,10,1
906.51,26.59,10,1
906.63,26.58,10,1
906.75,26.58,10,1
906.88,26.58,10,1
907.0,26.59,10,1
907.12,26.58,10,1
907.24,26.59,10,1
907.37,26.58,10,1
907.49,26.58,10,1
907.61,26.59,10,1
907.73,26.59,10,1
907.86,26.59,10,1
907.98,26.58,10,1
908.1,26.58,10,1
908.22,26.58,10,1
908.35,26.59,10,1
908.47,26.58,10,1
908.59,26.58,10,1
908.72,26.59,10,1
908.84,26.58,10,1
908.96,26.58,10,1
909.08,26.57,10,1
909.21,26.57,10,1
909.33,26.58,10,1
909.45,26.58,10,1
909.57,26.57,10,1
909.69,26.57,10,1
909.82,26.58,10,1
909.94,26.58,10,1
910.06,26.58,10,1
910.19,26.58,10,1
910.31,26.57,10,1
910.43,26.59,10,1
910.55,26.57,10,1
910.67,26.58,10,1
910.8,26.58,10,1
910.92,26.58,10,1
911.04,26.58,10,1
911.16,26.57,10,1
911.29,26.58,10,1
911.41,26.58,10,1
911.53,26.57,10,1
911.66,26.58,10,1
911.78,26.57,10,1
911.9,26.58,10,1
912.02,26.57,10,1
912.15,26.58,10,1
912.27,26.58,10,1
912.39,26.58,10,1
912.51,26.57,10,1
912.64,26.58,10,1
912.76,26.57,10,1
912.88,26.58,10,1
913.0,26.57,10,1
913.13,26.58,10,1
913.25,26.58,10,1
913.37,26.57,10,1
913.49,26.58,10,1
913.62,26.58,10,1
913.74,26.57,10,1
913.86,26.58,10,1
913.98,26.58,10,1
914.11,26.58,10,1
914.23,26.58,10,1
914.35,26.57,10,1
914.47,26.58,10,1
914.6,26.57,10,1
914.72,26.57,10,1
914.84,26.57,10,1
914.96,26.57,10,1
915.09,26.57,10,1
915.21,26.56,10,1
915.33,26.57,10,1
915.45,26.57,10,1
915.58,26.57,10,1
915.7,26.58,10,1
915.82,26.57,10,1
915.94,26.58,10,1
916.07,26.57,10,1
916.19,26.58,10,1
916.31,26.57,10,1
916.43,26.58,10,1
916.56,26.58,10,1
916.68,26.58,10,1
916.8,26.57,10,1
916.92,26.57,10,1
917.05,26.58,10,1
917.17,26.57,10,1
917.29,26.58,10,1
917.41,26.57,10,1
917.54,26.57,10,1
917.66,26.57,10,1
917.78,26.57,10,1
917.91,26.57,10,1
918.03,26.57,10,1
918.15,26.57,10,1
918.27,26.58,10,1
918.4,26.57,10,1
918.52,26.58,10,1
918.64,26.57,10,1
918.76,26.58,10,1
918.89,26.57,10,1
919.01,26.57,10,1
919.13,26.57,10,1
919.25,26.58,10,1
919.38,26.56,10,1
919.5,26.58,10,1
919.62,26.59,10,1
919.74,26.56,10,1
919.87,26.58,10,1
919.99,26.57,10,1
920.11,26.57,10,1
920.23,26.57,10,1
920.35,26.57,10,1
920.48,26.57,10,1
920.6,26.57,10,1
920.72,26.56,10,1
920.85,26.56,10,1
920.97,26.55,10,1
921.09,26.55,10,1
921.21,26.55,10,1
921.34,26.54,10,1
921.46,26.54,10,1
921.58,26.53,10,1
921.7,26.52,10,1
921.83,26.52,10,1
921.95,26.51,10,1
922.07,26.5,10,1
922.19,26.5,10,1
922.32,26.49,10,1
922.44,26.48,10,1
922.56,26.48,10,1
922.68,26.47,10,1
922.81,26.47,10,1
922.93,26.46,10,1
923.05,26.45,11,1
923.17,26.44,11,1
923.3,26.44,11,1
923.42,26.43,11,1
923.54,26.42,11,1
923.66,26.42,11,1
923.79,26.41,11,1
923.91,26.4,11,1
924.03,26.39,11,1
924.15,26.38,11,1
924.28,26.38,11,1
924.4,26.37,11,1
924.52,26.36,11,1
924.64,26.35,11,1
924.77,26.35,11,1
924.89,26.34,11,1
925.01,26.34,11,1
925.13,26.33,11,1
925.26,26.32,11,1
925.38,26.31,11,1
925.5,26.3,11,1
925.63,26.3,11,1
925.75,26.29,11,1
925.87,26.28,11,1
925.99,26.28,11,1
926.11,26.27,11,1
926.24,26.27,11,1
926.36,26.26,11,1
926.48,26.25,11,1
926.6,26.24,11,1
926.73,26.23,11,1
926.85,26.23,11,1
926.97,26.22,11,1
927.09,26.21,11,1
927.22,26.21,11,1
927.34,26.2,11,1
927.46,26.2,11,1
927.59,26.19,11,1
974.88,24.88,11,1
975.01,24.88,11,1
975.13,24.88,11,1
975.25,24.88,11,1
975.37,24.87,11,1
975.49,24.87,11,1
975.62,24.87,11,1
975.74,24.87,11,1
975.86,24.86,15,1
975.98,24.86,15,1
976.11,24.86,15,1
976.23,24.86,15,1
976.35,24.86,15,1
976.47,24.85,15,1
976.6,24.85,15,1
976.72,24.85,15,1
976.84,24.85,15,1
976.97,24.84,15,1
977.09,24.84,15,1
977.21,24.84,15,1
977.33,24.84,15,1
977.46,24.84,15,1
977.58,24.83,15,1
977.7,24.83,15,1
977.82,24.83,15,1
977.95,24.83,15,1
978.07,24.83,16,1
978.19,24.82,16,1
978.31,24.82,16,1
978.44,24.82,16,1
978.56,24.82,16,1
978.68,24.81,16,1
978.8,24.81,16,1
978.92,24.81,16,1
979.05,24.81,16,1
979.17,24.81,16,1
979.29,24.81,16,1
979.41,24.81,16,1
979.53,24.81,16,1
979.66,24.8,16,1
979.78,24.8,16,1
979.9,24.8,16,1
980.02,24.8,16,1
980.15,24.8,16,1
980.27,24.8,16,1
980.39,24.8,16,1
980.51,24.79,16,1
980.64,24.79,16,1
980.76,24.79,16,1
980.88,24.79,16,1
981.0,24.79,16,1
981.13,24.78,16,1
981.25,24.78,16,1
981.37,24.78,16,1
981.49,24.78,16,1
981.62,24.77,16,1
981.74,24.77,16,1
981.86,24.77,16,1
981.99,24.77,16,1
982.11,24.76,16,1
982.23,24.76,16,1
982.35,24.76,16,1
982.48,24.76,16,1
982.6,24.75,16,1
982.72,24.75,16,1
982.84,24.75,16,1
982.97,24.74,16,1
983.09,24.74,16,1
983.21,24.74,16,1
983.33,24.74,16,1
983.46,24.74,16,1
983.58,24.74,16,1
983.7,24.74,16,1
983.82,24.74,16,1
983.95,24.74,16,1
984.07,24.73,16,1
984.19,24.73,16,1
984.31,24.73,16,1
984.44,24.73,16,1
984.56,24.73,16,1
984.68,24.73,16,1
984.8,24.73,16,1
984.93,24.73,16,1
985.05,24.73,16,1
985.17,24.73,16,1
985.29,24.73,16,1
985.42,24.72,16,1
985.54,24.72,16,1
985.66,24.72,16,1
985.78,24.72,16,1
985.91,24.72,16,1
986.03,24.72,16,1
986.15,24.72,16,1
986.28,24.71,16,1
986.4,24.71,16,1
986.52,24.71,16,1
986.64,24.7,16,1
986.77,24.7,16,1
986.89,24.7,16,1
987.01,24.7,16,1
987.13,24.69,16,1
987.26,24.69,16,1
987.38,24.69,16,1
987.5,24.68,16,1
987.62,24.68,16,1
987.75,24.68,16,1
987.87,24.68,16,1
987.99,24.67,16,1
988.11,24.67,16,1
988.23,24.67,16,1
988.36,24.67,16,1
988.48,24.67,16,1
988.6,24.66,16,1
988.73,24.67,16,1
988.85,24.66,16,1
988.97,24.66,16,1
989.09,24.66,16,1
989.22,24.66,16,1
989.34,24.66,16,1
989.46,24.66,16,1
989.58,24.66,16,1
989.71,24.66,16,1
989.83,24.66,16,1
989.95,24.66,16,1
990.07,24.65,16,1
990.2,24.65,16,1
990.32,24.65,16,1
990.44,24.65,16,1
990.56,24.65,16,1
990.69,24.65,16,1
990.81,24.65,16,1
990.93,24.65,16,1
991.05,24.65,16,1
991.18,24.65,16,1
991.3,24.64,16,1
991.42,24.64,16,1
991.54,24.64,16,1
991.67,24.64,16,1
991.79,24.64,16,1
991.91,24.63,16,1
992.03,24.63,16,1
992.16,24.63,16,1
992.28,24.63,16,1
992.4,24.63,16,1
992.53,24.62,16,1
992.65,24.62,16,1
992.77,24.62,16,1
992.89,24.62,16,1
993.02,24.62,16,1
993.14,24.61,16,1
993.26,24.61,16,1
993.38,24.61,16,1
993.51,24.61,16,1
993.63,24.6,16,1
993.75,24.6,16,1
993.87,24.6,16,1
994.0,24.6,16,1
994.12,24.6,16,1
994.24,24.59,16,1
994.36,24.59,16,1
994.49,24.59,16,1
994.61,24.59,16,1
994.73,24.59,16,1
994.85,24.59,16,1
994.98,24.59,16,1
995.1,24.58,16,1
995.22,24.58,16,1
995.34,24.58,16,1
995.47,24.58,16,1
995.59,24.58,16,1
995.71,24.58,16,1
995.83,24.58,16,1
995.96,24.58,16,1
996.08,24.58,16,1
996.2,24.58,16,1
996.32,24.58,16,1
996.45,24.58,16,1
996.57,24.58,16,1
996.69,24.57,16,1
996.81,24.57,16,1
996.94,24.57,16,1
997.06,24.57,16,1
997.18,24.57,16,1
997.3,24.56,16,1
997.43,24.57,16,1
997.55,24.56,16,1
997.67,24.56,16,1
997.79,24.56,16,1
997.92,24.56,16,1
998.04,24.56,16,1
998.16,24.56,16,1
998.28,24.56,16,1
998.41,24.55,16,1
998.53,24.55,16,1
998.65,24.55,16,1
998.78,24.55,16,1
998.9,24.55,16,1
999.02,24.55,16,1
999.14,24.54,16,1
999.27,24.54,16,1
999.39,24.54,16,1
999.51,24.54,16,1
999.63,24.54,16,1
999.76,24.53,16,1
999.88,24.53,16,1
1000.0,24.53,16,1
1000.12,24.53,16,1
1000.25,24.53,16,1
1000.37,24.53,16,1
1000.49,24.52,16,1
1000.61,24.52,16,1
1000.74,24.52,16,1
1000.86,24.52,16,1
1000.98,24.51,16,1
1001.1,24.51,16,1
1001.23,24.51,16,1
1001.35,24.51,16,1
1001.47,24.51,16,1
1001.59,24.51,16,1
1001.72,24.51,16,1
1001.84,24.51,16,1
1001.96,24.51,16,1
1002.09,24.51,16,1
1002.21,24.5,16,1
1002.33,24.5,16,1
1002.45,24.5,16,1
1002.58,24.5,16,1
1002.7,24.5,16,1
1002.82,24.5,16,1
1002.94,24.5,16,1
1003.07,24.5,16,1
1003.19,24.5,16,1
1003.31,24.5,16,1
1003.43,24.5,16,1
1003.55,24.5,16,1
1003.68,24.5,16,1
1003.8,24.5,16,1
1003.92,24.5,16,1
1004.05,24.5,16,1
1004.17,24.5,16,1
1004.29,24.49,16,1
1004.41,24.49,16,1
1004.54,24.49,16,1
1004.66,24.49,17,1
1004.78,24.49,17,1
1004.9,24.49,17,1
1005.03,24.48,17,1
1005.15,24.48,17,1
1005.27,24.48,17,1
1005.39,24.48,17,1
1005.52,24.47,17,1
1005.64,24.47,17,1
1005.76,24.47,17,1
1005.89,24.47,17,1
1006.01,24.47,17,1
1006.13,24.47,17,1
1006.25,24.46,17,1
1006.38,24.46,17,1
1006.5,24.46,17,1
1006.62,24.46,17,1
1006.74,24.46,17,1
1006.86,24.45,17,1
1006.99,24.45,17,1
1007.11,24.45,17,1
1007.23,24.45,17,1
1007.35,24.45,17,1
1007.48,24.44,17,1
1007.6,24.44,17,1
1007.72,24.44,17,1
1007.85,24.44,17,1
1007.97,24.44,17,1
1008.09,24.44,17,1
1008.21,24.44,17,1
1008.34,24.43,17,1
1008.46,24.43,17,1
1008.58,24.43,17,1
1008.7,24.43,17,1
1008.83,24.43,17,1
1008.95,24.43,17,1
1009.07,24.43,17,1
1009.2,24.43,17,1
1009.32,24.43,17,1
1009.44,24.43,17,1
1009.56,24.43,17,1
1009.68,24.43,17,1
1009.81,24.43,17,1
1009.93,24.43,17,1
1010.05,24.43,17,1
1010.18,24.43,17,1
1010.3,24.43,17,1
1010.42,24.42,17,1
1010.54,24.42,17,1
1010.66,24.42,17,1
1010.79,24.42,17,1
1010.91,24.42,17,1
1011.03,24.42,17,1
1011.16,24.42,17,1
1011.28,24.42,17,1
1011.4,24.42,17,1
1011.52,24.42,17,1
1011.65,24.42,17,1
1011.77,24.42,17,1
1011.89,24.42,17,1
1012.01,24.42,17,1
1012.14,24.41,17,1
1012.26,24.41,17,1
1012.38,24.41,17,1
1012.5,24.41,17,1
1012.63,24.41,17,1
1012.75,24.41,17,1
1012.87,24.41,17,1
1013.0,24.4,17,1
1013.12,24.4,17,1
1013.24,24.4,17,1
1013.36,24.4,17,1
1013.48,24.4,17,1
1013.61,24.4,17,1
1013.73,24.39,17,1
1013.85,24.39,17,1
1013.97,24.39,17,1
1014.1,24.39,17,1
1014.22,24.39,17,1
1014.34,24.38,17,1
1014.47,24.38,17,1
1014.59,24.38,17,1
1014.71,24.38,17,1
1014.83,24.38,17,1
1014.96,24.38,17,1
1015.08,24.37,17,1
1015.2,24.37,17,1
1015.32,24.37,17,1
1015.45,24.37,17,1
1015.57,24.37,17,1
1015.69,24.37,17,1
1015.81,24.36,17,1
1015.94,24.36,17,1
1016.06,24.36,17,1
1016.18,24.36,17,1
1016.3,24.36,17,1
1016.43,24.36,17,1
1016.55,24.36,17,1
1016.67,24.36,17,1
1016.79,24.35,17,1
1016.92,24.35,17,1
1017.04,24.35,17,1
1017.16,24.35,17,1
1017.28,24.35,17,1
1017.41,24.35,17,1
1017.53,24.35,17,1
1017.65,24.35,17,1
1017.78,24.35,17,1
1017.9,24.35,17,1
1018.02,24.35,17,1
1018.14,24.35,17,1
1018.27,24.35,17,1
1018.39,24.35,17,1
1018.51,24.35,17,1
1018.63,24.35,17,1
1018.76,24.35,17,1
1018.88,24.35,17,1
1019.0,24.35,17,1
1019.12,24.35,17,1
1019.25,24.35,17,1
1019.37,24.35,17,1
1019.49,24.35,17,1
1019.61,24.35,17,1
1019.74,24.34,17,1
1019.86,24.34,17,1
1019.98,24.34,17,1
1020.1,24.34,17,1
1020.23,24.34,17,1
1020.35,24.34,17,1
1020.47,24.34,17,1
1020.59,24.34,17,1
1020.72,24.34,17,1
1020.84,24.34,17,1
1020.96,24.33,17,1
1021.09,24.33,17,1
1021.21,24.33,17,1
1021.33,24.33,17,1
1021.45,24.33,17,1
1021.58,24.33,17,1
1021.7,24.33,17,1
1021.82,24.32,17,1
1021.94,24.32,17,1
1022.07,24.32,17,1
1022.19,24.32,17,1
1022.31,24.32,17,1
1022.43,24.32,17,1
1022.56,24.32,17,1
1022.68,24.31,17,1
1022.8,24.31,17,1
1022.92,24.31,17,1
1023.05,24.31,17,1
1023.17,24.31,17,1
1023.29,24.3,17,1
1023.41,24.3,17,1
1023.54,24.3,17,1
1023.66,24.3,17,1
1023.78,24.29,17,1
1023.9,24.29,17,1
1024.03,24.29,17,1
1024.15,24.29,17,1
1024.27,24.29,17,1
1024.4,24.29,17,1
1024.52,24.29,17,1
1024.64,24.29,17,1
1024.76,24.28,17,1
1024.89,24.28,17,1
1025.01,24.28,17,1
1025.13,24.28,17,1
1025.25,24.28,17,1
1025.38,24.28,17,1
1025.5,24.28,17,1
1025.62,24.28,17,1
1025.74,24.28,17,1
1025.86,24.28,17,1
1025.99,24.28,17,1
1026.11,24.28,17,1
1026.23,24.28,17,1
1026.36,24.28,17,1
1026.48,24.28,17,1
1026.6,24.28,17,1
1026.72,24.28,17,1
1026.85,24.28,17,1
1026.97,24.27,17,1
1027.09,24.28,17,1
1027.21,24.27,17,1
1027.34,24.27,17,1
1027.46,24.27,17,1
1027.58,24.27,17,1
1027.7,24.27,17,1
1027.83,24.27,17,1
1027.95,24.27,17,1
1028.07,24.27,17,1
1028.19,24.27,17,1
1028.32,24.27,17,1
1028.44,24.27,17,1
1028.56,24.27,17,1
1028.69,24.27,17,1
1028.81,24.27,17,1
1028.93,24.27,17,1
1029.05,24.27,17,1
1029.18,24.27,17,1
1029.3,24.27,17,1
1029.42,24.27,17,1
1029.54,24.27,17,1
1029.67,24.27,17,1
1029.79,24.27,17,1
1029.91,24.26,17,1
1030.03,24.26,17,1
1030.16,24.26,17,1
1030.28,24.26,17,1
1030.4,24.26,17,1
1030.52,24.26,17,1
1030.65,24.26,17,1
1030.77,24.26,17,1
1030.89,24.25,17,1
1031.01,24.25,17,1
1031.14,24.25,17,1
1031.26,24.25,17,1
1031.38,24.25,17,1
1031.5,24.25,17,1
1031.63,24.24,17,1
1031.75,24.24,17,1
1031.87,24.24,17,1
1032.0,24.24,17,1
1032.12,24.24,17,1
1032.24,24.24,17,1
1032.36,24.23,17,1
1032.48,24.23,17,1
1032.61,24.23,17,1
1032.73,24.23,17,1
1032.85,24.23,17,1
1032.97,24.23,17,1
1033.1,24.22,17,1
1033.22,24.23,17,1
1033.34,24.22,17,1
1033.46,24.22,17,1
1033.59,24.22,17,1
1033.71,24.22,17,1
1033.83,24.22,17,1
1033.96,24.21,17,1
1034.08,24.21,17,1
1034.2,24.21,17,1
1034.32,24.21,17,1
1034.45,24.21,17,1
1034.57,24.21,17,1
1034.69,24.21,17,1
1034.81,24.21,17,1
1034.94,24.21,17,1
1035.06,24.21,17,1
1035.18,24.21,17,1
1035.3,24.21,17,1
1035.43,24.21,17,1
1035.55,24.21,17,1
1035.67,24.2,17,1
1035.79,24.2,17,1
1035.92,24.2,17,1
1036.04,24.2,17,1
1036.16,24.2,17,1
1036.28,24.2,17,1
1036.4,24.2,17,1
1036.53,24.2,17,1
1036.65,24.2,17,1
1036.77,24.2,17,1
1036.9,24.2,17,1
1037.02,24.2,17,1
1037.14,24.2,17,1
1037.26,24.2,17,1
1037.39,24.2,17,1
1037.51,24.2,17,1
1037.63,24.2,17,1
1037.75,24.2,17,1
1037.88,24.2,17,1
1038.0,24.2,17,1
1038.12,24.2,17,1
1038.24,24.2,17,1
1038.37,24.19,17,1
1038.49,24.19,17,1
1038.61,24.19,17,1
1038.73,24.19,17,1
1038.86,24.19,17,1
1038.98,24.19,17,1
1039.1,24.19,17,1
1039.22,24.19,17,1
1039.35,24.19,17,1
1039.47,24.19,17,1
1039.59,24.19,17,1
1039.71,24.19,17,1
1039.84,24.19,17,1
1039.96,24.19,17,1
1040.08,24.18,17,1
1040.2,24.19,17,1
1040.33,24.18,17,1
1040.45,24.18,17,1
1040.57,24.18,17,1
1040.7,24.18,17,1
1040.82,24.18,17,1
1040.94,24.18,17,1
1041.06,24.18,17,1
1041.19,24.18,17,1
1041.31,24.18,17,1
1041.43,24.18,17,1
1041.55,24.17,17,1
1041.68,24.17,17,1
1041.8,24.17,17,1
1041.92,24.17,17,1
1042.04,24.17,17,1
1042.17,24.17,17,1
1042.29,24.17,17,1
1042.41,24.17,17,1
1042.53,24.17,17,1
1042.66,24.17,17,1
1042.78,24.16,17,1
1042.9,24.16,17,1
1043.02,24.16,17,1
1043.15,24.16,18,1
1043.27,24.16,18,1
1043.39,24.16,18,1
1043.52,24.16,18,1
1043.64,24.16,18,1
1043.76,24.15,18,1
1043.88,24.15,18,1
1044.01,24.15,18,1
1044.13,24.15,18,1
1044.25,24.15,18,1
1044.37,24.15,18,1
1044.5,24.15,18,1
1044.62,24.15,18,1
1044.74,24.15,18,1
1044.86,24.14,18,1
1044.99,24.14,18,1
1045.11,24.14,18,1
1045.23,24.14,18,1
1045.35,24.14,18,1
1045.48,24.14,18,1
1045.6,24.14,18,1
1045.72,24.14,18,1
1045.84,24.14,18,1
1045.97,24.13,18,1
1046.09,24.13,18,1
1046.21,24.13,18,1
1046.33,24.13,18,1
1046.46,24.13,18,1
1046.58,24.13,18,1
1046.7,24.13,18,1
1046.82,24.13,18,1
1046.95,24.13,18,1
1047.07,24.13,18,1
1047.19,24.13,18,1
1047.31,24.13,18,1
1047.44,24.13,18,1
1047.56,24.13,18,1
1047.68,24.13,18,1
1047.81,24.13,18,1
1047.93,24.13,18,1
1048.05,24.13,18,1
1048.17,24.12,18,1
1048.3,24.12,18,1
1048.42,24.12,18,1
1048.54,24.12,18,1
1048.66,24.12,18,1
1048.79,24.12,18,1
1048.91,24.12,18,1
1049.03,24.12,18,1
1049.15,24.12,18,1
1049.28,24.12,18,1
1049.4,24.12,18,1
1049.52,24.12,18,1
1049.65,24.12,18,1
1049.77,24.12,18,1
1049.89,24.12,18,1
1050.01,24.12,18,1
1050.13,24.12,18,1
1050.26,24.12,18,1
1050.38,24.12,18,1
1050.5,24.12,18,1
1050.63,24.12,18,1
1050.75,24.12,18,1
1050.87,24.12,18,1
1050.99,24.12,18,1
1051.11,24.12,18,1
1051.24,24.11,18,1
1051.36,24.12,18,1
1051.48,24.12,18,1
1051.61,24.11,18,1
1051.73,24.11,18,1
1051.85,24.11,18,1
1051.97,24.11,18,1
1052.1,24.11,18,1
1052.22,24.11,18,1
1052.34,24.11,18,1
1052.46,24.11,18,1
1052.59,24.11,18,1
1052.71,24.11,18,1
1052.83,24.11,18,1
1052.95,24.11,18,1
1053.08,24.11,18,1
1053.2,24.11,18,1
1053.32,24.1,18,1
1053.44,24.1,18,1
1053.57,24.1,18,1
1053.69,24.1,18,1
1053.81,24.1,18,1
1053.93,24.1,18,1
1054.06,24.1,18,1
1054.18,24.1,18,1
1054.3,24.1,18,1
1054.43,24.1,18,1
1054.55,24.09,18,1
1054.67,24.09,18,1
1054.79,24.09,18,1
1054.92,24.09,18,1
1055.04,24.09,18,1
1055.16,24.09,18,1
1055.28,24.09,18,1
1055.41,24.08,18,1
1055.53,24.08,18,1
1055.65,24.08,18,1
1055.77,24.08,18,1
1055.9,24.08,18,1
1056.02,24.08,18,1
1056.14,24.08,18,1
1056.26,24.08,18,1
1056.39,24.08,18,1
1056.51,24.08,18,1
1056.63,24.08,18,1
1056.75,24.07,18,1
1056.88,24.07,18,1
1057.0,24.07,18,1
1057.12,24.07,18,1
1057.24,24.07,18,1
1057.37,24.07,18,1
1057.49,24.07,18,1
1057.61,24.07,18,1
1057.73,24.07,18,1
1057.86,24.06,18,1
1057.98,24.07,18,1
1058.1,24.07,18,1
1058.22,24.06,18,1
1058.35,24.06,18,1
1058.47,24.06,18,1
1058.59,24.06,18,1
1058.71,24.06,18,1
1058.84,24.06,18,1
1058.96,24.06,18,1
1059.08,24.06,18,1
1059.21,24.06,18,1
1059.33,24.06,18,1
1059.45,24.06,18,1
1059.57,24.05,18,1
1059.7,24.05,18,1
1059.82,24.05,18,1
1059.94,24.05,18,1
1060.06,24.05,18,1
1060.19,24.05,18,1
1060.31,24.05,18,1
1060.43,24.05,18,1
1060.55,24.05,18,1
1060.68,24.05,18,1
1060.8,24.05,18,1
1060.92,24.05,18,1
1061.04,24.05,18,1
1061.17,24.05,18,1
1061.29,24.05,18,1
1061.41,24.05,18,1
1061.53,24.05,18,1
1061.66,24.05,18,1
1061.78,24.05,18,1
1061.9,24.05,18,1
1062.03,24.05,18,1
1062.15,24.05,18,1
1062.27,24.05,18,1
1062.39,24.05,18,1
1062.52,24.04,18,1
1062.64,24.05,18,1
1062.76,24.04,18,1
1062.88,24.05,18,1
1063.01,24.05,18,1
1063.13,24.05,18,1
1063.25,24.04,18,1
1063.37,24.04,18,1
1063.5,24.04,18,1
1063.62,24.04,18,1
1063.74,24.04,18,1
1063.86,24.04,18,1
1063.99,24.04,18,1
1064.11,24.04,18,1
1064.23,24.04,18,1
1064.35,24.04,18,1
1064.48,24.04,18,1
1064.6,24.04,18,1
1064.72,24.04,18,1
1064.84,24.04,18,1
1064.97,24.04,18,1
1065.09,24.04,18,1
1065.21,24.04,18,1
1065.33,24.04,18,1
1065.46,24.04,18,1
1065.58,24.04,18,1
1065.7,24.04,18,1
1065.82,24.04,18,1
1065.95,24.04,18,1
1066.07,24.04,18,1
1066.19,24.03,18,1
1066.31,24.03,18,1
1066.44,24.03,18,1
1066.56,24.03,18,1
1066.68,24.03,18,1
1066.81,24.03,18,1
1066.93,24.03,18,1
1067.05,24.03,18,1
1067.17,24.03,18,1
1067.3,24.03,18,1
1067.42,24.03,18,1
1067.54,24.03,18,1
1067.66,24.02,18,1
1067.79,24.02,18,1
1067.91,24.02,18,1
1068.03,24.02,18,1
1068.15,24.02,18,1
1068.28,24.02,18,1
1068.4,24.02,18,1
1068.52,24.02,18,1
1068.64,24.02,18,1
1068.77,24.02,18,1
1068.89,24.01,18,1
1069.01,24.02,18,1
1069.13,24.01,18,1
1069.26,24.01,18,1
1069.38,24.01,18,1
1069.5,24.01,18,1
1069.63,24.01,18,1
1069.75,24.01,18,1
1069.87,24.01,18,1
1069.99,24.01,18,1
1070.11,24.01,18,1
1070.24,24.01,18,1
1070.36,24.01,18,1
1070.48,24.0,18,1
1070.6,24.0,18,1
1070.73,24.0,18,1
1070.85,24.0,18,1
1070.97,24.0,18,1
1071.09,24.0,18,1
1071.22,24.0,18,1
1071.34,24.0,18,1
1071.46,24.0,18,1
1071.59,24.0,18,1
1071.71,24.0,18,1
1071.83,24.0,18,1
1071.95,24.0,18,1
1072.08,23.99,18,1
1072.2,23.99,18,1
1072.32,23.99,18,1
1072.44,23.99,18,1
1072.57,23.99,18,1
1072.69,23.99,18,1
1072.81,23.99,18,1
1072.93,23.99,18,1
1073.06,23.98,18,1
1073.18,23.99,18,1
1073.3,23.98,18,1
1073.42,23.98,18,1
1073.55,23.98,18,1
1073.67,23.98,18,1
1073.79,23.98,18,1
1073.91,23.98,18,1
1074.04,23.98,18,1
1074.16,23.98,18,1
1074.28,23.98,18,1
1074.41,23.97,18,1
1074.53,23.97,18,1
1074.65,23.97,18,1
1074.77,23.97,18,1
1074.9,23.98,18,1
1075.02,23.97,18,1
1075.14,23.97,18,1
1075.26,23.97,18,1
1075.39,23.98,18,1
1075.51,23.97,18,1
1075.63,23.97,18,1
1075.75,23.97,18,1
1075.88,23.97,18,1
1076.0,23.97,18,1
1076.12,23.97,18,1
1076.24,23.97,18,1
1076.37,23.97,18,1
1076.49,23.97,18,1
1076.61,23.97,18,1
1076.73,23.97,18,1
1076.86,23.97,18,1
1076.98,23.97,18,1
1077.1,23.97,18,1
1077.22,23.97,18,1
1077.35,23.97,18,1
1077.47,23.97,18,1
1077.59,23.97,18,1
1077.71,23.97,18,1
1077.84,23.97,18,1
1077.96,23.97,18,1
1078.08,23.97,18,1
1078.2,23.97,18,1
1078.33,23.97,18,1
1078.45,23.97,18,1
1078.57,23.97,18,1
1078.69,23.97,18,1
1078.82,23.97,18,1
1078.94,23.97,18,1
1079.06,23.97,18,1
1079.19,23.97,18,1
1079.31,23.97,18,1
1079.43,23.97,18,1
1079.55,23.97,18,1
1079.68,23.97,18,1
1079.8,23.97,18,1
1079.92,23.97,18,1
1080.04,23.97,18,1
1080.17,23.97,18,1
1080.29,23.97,18,1
1080.41,23.96,18,1
1080.53,23.96,18,1
1080.66,23.96,18,1
1080.78,23.96,18,1
1080.9,23.96,18,1
1081.02,23.96,18,1
1081.15,23.96,18,1
1081.27,23.96,18,1
1081.39,23.96,18,1
1081.52,23.96,18,1
1081.64,23.96,18,1
1081.76,23.96,18,1
1081.88,23.96,18,1
1082.01,23.96,18,1
1082.13,23.96,18,1
1082.25,23.96,18,1
1082.37,23.96,18,1
1082.49,23.95,18,1
1082.62,23.95,18,1
1082.74,23.95,18,1
1082.86,23.95,18,1
1082.98,23.95,18,1
1083.11,23.95,18,1
1083.23,23.95,18,1
1083.35,23.95,18,1
1083.47,23.95,18,1
1083.6,23.95,18,1
1083.72,23.95,18,1
1083.84,23.95,18,1
1083.97,23.94,18,1
1084.09,23.94,18,1
1084.21,23.94,18,1
1084.33,23.94,18,1
1084.46,23.94,18,1
1084.58,23.94,18,1
1084.7,23.94,18,1
1084.82,23.94,18,1
1084.95,23.94,18,1
1085.07,23.94,18,1
1085.19,23.94,18,1
1085.31,23.94,18,1
1085.44,23.93,18,1
1085.56,23.94,18,1
1085.68,23.93,18,1
1085.8,23.93,18,1
1085.93,23.93,18,1
1086.05,23.93,18,1
1086.17,23.93,18,1
1086.3,23.93,18,1
1086.42,23.93,18,1
1086.54,23.93,18,1
1086.66,23.93,18,1
1086.79,23.93,18,1
1086.91,23.93,18,1
1087.03,23.93,18,1
1087.15,23.92,18,1
1087.28,23.92,18,1
1087.4,23.92,18,1
1087.52,23.92,18,1
1087.64,23.92,18,1
1087.77,23.92,18,1
1087.89,23.92,18,1
1088.01,23.92,18,1
1088.13,23.92,18,1
1088.26,23.92,18,1
1088.38,23.92,18,1
1088.5,23.92,18,1
1088.62,23.92,18,1
1088.75,23.92,18,1
1088.87,23.91,18,1
1088.99,23.91,18,1
1089.11,23.91,18,1
1089.24,23.91,18,1
1089.36,23.91,18,1
1089.48,23.91,18,1
1089.6,23.91,18,1
1089.73,23.91,18,1
1089.85,23.91,18,1
1089.97,23.91,18,1
1090.09,23.91,18,1
1090.22,23.91,18,1
1090.34,23.91,18,1
1090.46,23.91,18,1
1090.58,23.91,18,1
1090.71,23.9,18,1
1090.83,23.9,18,1
1090.95,23.91,18,1
1091.08,23.91,18,1
1091.2,23.91,18,1
1091.32,23.9,18,1
1091.44,23.9,18,1
1091.57,23.9,18,1
1091.69,23.9,18,1
1091.81,23.9,18,1
1091.93,23.9,18,1
1092.06,23.9,18,1
1092.18,23.9,18,1
1092.3,23.9,18,1
1092.42,23.9,18,1
1092.55,23.9,18,1
1092.67,23.9,18,1
1092.79,23.9,18,1
1092.92,23.9,18,1
1093.04,23.9,18,1
1093.16,23.9,18,1
1093.28,23.9,18,1
1093.4,23.9,18,1
1093.53,23.9,18,1
1093.65,23.9,18,1
1093.77,23.9,18,1
1093.9,23.9,18,1
1094.02,23.9,18,1
1094.14,23.9,18,1
1094.26,23.89,18,1
1094.39,23.9,18,1
1094.51,23.89,18,1
1094.63,23.89,18,1
1094.75,23.89,18,1
1094.88,23.9,18,1
1095.0,23.89,18,1
1095.12,23.89,18,1
1095.24,23.89,18,1
1095.36,23.89,18,1
1095.49,23.89,18,1
1095.61,23.89,18,1
1095.73,23.89,18,1
1095.86,23.89,18,1
1095.98,23.89,18,1
1096.1,23.89,18,1
1096.22,23.89,18,1
1096.35,23.89,18,1
1096.47,23.89,18,1
1096.59,23.89,18,1
1096.71,23.89,18,1
1096.84,23.89,18,1
1096.96,23.89,18,1
1097.08,23.89,18,1
1097.2,23.89,18,1
1097.33,23.89,18,1
1097.45,23.89,18,1
1097.57,23.89,18,1
1097.69,23.89,18,1
1097.82,23.89,18,1
1097.94,23.89,18,1
1098.06,23.89,18,1
1098.19,23.89,18,1
1098.31,23.89,18,1
1098.43,23.89,18,1
1098.55,23.89,18,1
1098.68,23.88,18,1
1098.8,23.89,18,1
1098.92,23.88,18,1
1099.04,23.88,18,1
1099.17,23.88,18,1
1099.29,23.88,18,1
1099.41,23.88,18,1
1099.53,23.88,18,1
1099.66,23.88,18,1
1099.78,23.88,18,1
1099.9,23.88,18,1
1100.02,23.88,18,1
1100.15,23.88,18,1
1100.27,23.88,18,1
1100.39,23.88,18,1
1100.51,23.88,18,1
1100.64,23.88,18,1
1100.76,23.88,18,1
1100.88,23.88,18,1
1101.0,23.88,18,1
1101.13,23.88,18,1
1101.25,23.87,18,1
1101.37,23.87,18,1
1101.5,23.87,18,1
1101.62,23.87,18,1
1101.74,23.87,18,1
1101.86,23.87,18,1
1101.98,23.88,18,1
1102.11,23.88,18,1
1102.23,23.87,18,1
1102.35,23.88,18,1
1102.47,23.87,18,1
1102.6,23.87,18,1
1102.72,23.87,18,1
1102.84,23.87,18,1
1102.96,23.87,18,1
1103.09,23.87,18,1
1103.21,23.87,18,1
1103.33,23.87,18,1
1103.46,23.86,18,1
1103.58,23.86,18,1
1103.7,23.86,18,1
1103.82,23.86,18,1
1103.95,23.86,18,1
1104.07,23.86,18,1
1104.19,23.86,18,1
1104.31,23.86,18,1
1104.44,23.86,18,1
1104.56,23.86,18,1
1104.68,23.86,18,1
1104.8,23.86,18,1
1104.93,23.86,18,1
1105.05,23.86,18,1
1105.17,23.86,18,1
1105.3,23.86,18,1
1105.42,23.86,18,1
1105.54,23.85,18,1
1105.66,23.85,18,1
1105.78,23.85,18,1
1105.91,23.85,18,1
1106.03,23.85,18,1
1106.15,23.85,18,1
1106.28,23.85,18,1
1106.4,23.85,18,1
1106.52,23.85,18,1
1106.64,23.85,18,1
1106.77,23.85,18,1
1106.89,23.85,18,1
1107.01,23.85,18,1
1107.13,23.85,18,1
1107.26,23.84,18,1
1107.38,23.84,18,1
1107.5,23.84,18,1
1107.62,23.84,18,1
1107.75,23.84,18,1
1107.87,23.84,18,1
1107.99,23.84,18,1
1108.11,23.84,18,1
1108.24,23.84,18,1
1108.36,23.84,18,1
1108.48,23.84,18,1
1108.6,23.84,18,1
1108.73,23.84,18,1
1108.85,23.84,18,1
1108.97,23.84,18,1
1109.09,23.84,18,1
1109.22,23.84,18,1
1109.34,23.83,18,1
1109.46,23.84,18,1
1109.58,23.83,18,1
1109.71,23.83,18,1
1109.83,23.83,18,1
1109.95,23.84,19,1
1110.07,23.84,19,1
1110.2,23.84,18,1
1110.32,23.84,18,1
1110.44,23.84,18,1
1110.56,23.84,18,1
1110.69,23.84,18,1
1110.81,23.83,18,1
1110.93,23.83,18,1
1111.06,23.83,18,1
1111.18,23.83,19,1
1111.3,23.83,19,1
1111.42,23.83,19,1
1111.55,23.83,19,1
1111.67,23.83,19,1
1111.79,23.83,19,1
1111.91,23.83,19,1
1112.04,23.83,19,1
1112.16,23.83,19,1
1112.28,23.83,19,1
1112.4,23.83,19,1
1112.53,23.83,19,1
1112.65,23.83,19,1
1112.77,23.83,19,1
1112.89,23.83,19,1
1113.02,23.82,19,1
1113.14,23.83,19,1
1113.26,23.83,19,1
1113.38,23.83,19,1
1113.51,23.83,19,1
1113.63,23.83,19,1
1113.75,23.82,19,1
1113.88,23.82,19,1
1114.0,23.83,19,1
1114.12,23.82,19,1
1114.24,23.82,19,1
1114.36,23.83,19,1
1114.49,23.82,19,1
1114.61,23.82,19,1
1114.73,23.82,19,1
1114.85,23.82,19,1
1114.98,23.82,19,1
1115.1,23.82,19,1
1115.22,23.82,19,1
1115.34,23.82,19,1
1115.47,23.82,19,1
1115.59,23.82,19,1
1115.71,23.82,19,1
1115.84,23.82,19,1
1115.96,23.82,19,1
1116.08,23.82,19,1
1116.2,23.82,19,1
1116.33,23.82,19,1
1116.45,23.82,19,1
1116.57,23.82,19,1
1116.69,23.82,19,1
1116.82,23.82,19,1
1116.94,23.82,19,1
1117.06,23.82,19,1
1117.19,23.82,19,1
1117.31,23.82,19,1
1117.43,23.82,19,1
1117.55,23.81,19,1
1117.68,23.81,19,1
1117.8,23.81,19,1
1117.92,23.81,19,1
1118.04,23.81,19,1
1118.17,23.81,19,1
1118.29,23.81,19,1
1118.41,23.81,19,1
1118.53,23.81,19,1
1118.66,23.81,19,1
1118.78,23.81,19,1
1118.9,23.81,19,1
1119.02,23.81,19,1
1119.15,23.81,19,1
1119.27,23.81,19,1
1119.39,23.81,19,1
1119.51,23.81,19,1
1119.64,23.81,19,1
1119.76,23.81,19,1
1119.88,23.81,19,1
1120.0,23.81,19,1
1120.13,23.81,19,1
1120.25,23.81,19,1
1120.37,23.81,19,1
1120.49,23.81,19,1
1120.62,23.81,19,1
1120.74,23.81,19,1
1120.86,23.81,19,1
1120.98,23.81,19,1
1121.11,23.81,19,1
1121.23,23.81,19,1
1121.35,23.8,19,1
1121.47,23.8,19,1
1121.6,23.8,19,1
1121.72,23.8,19,1
1121.84,23.8,19,1
1121.97,23.8,19,1
1122.09,23.8,19,1
1122.21,23.8,19,1
1122.33,23.8,19,1
1122.45,23.8,19,1
1122.58,23.8,19,1
1122.7,23.8,19,1
1122.82,23.8,19,1
1122.95,23.8,19,1
1123.07,23.8,19,1
1123.19,23.8,19,1
1123.31,23.8,19,1
1123.44,23.8,19,1
1123.56,23.8,19,1
1123.68,23.8,19,1
1123.8,23.8,19,1
1123.93,23.8,19,1
1124.05,23.8,19,1
1124.17,23.8,19,1
1124.29,23.8,19,1
1124.42,23.8,19,1
1124.54,23.8,19,1
1124.66,23.8,19,1
1124.79,23.8,19,1
1124.91,23.8,19,1
1125.03,23.8,19,1
1125.15,23.8,19,1
1125.28,23.8,19,1
1125.4,23.8,19,1
1125.52,23.79,19,1
1125.64,23.79,19,1
1125.77,23.79,19,1
1125.89,23.79,19,1
1126.01,23.79,19,1
1126.13,23.79,19,1
1126.26,23.79,19,1
1126.38,23.79,19,1
1126.5,23.79,19,1
1126.62,23.79,19,1
1126.75,23.79,19,1
1126.87,23.79,19,1
1126.99,23.79,19,1
1127.11,23.79,19,1
1127.24,23.79,19,1
1127.36,23.79,19,1
1127.48,23.79,19,1
1127.6,23.79,19,1
1127.73,23.79,19,1
1127.85,23.78,19,1
1127.97,23.78,19,1
1128.09,23.78,19,1
1128.22,23.78,19,1
1128.34,23.78,19,1
1128.46,23.78,19,1
1128.58,23.78,19,1
1128.71,23.78,19,1
1128.83,23.78,19,1
1128.95,23.78,19,1
1129.07,23.78,19,1
1129.2,23.78,19,1
1129.32,23.78,19,1
1129.44,23.78,19,1
1129.56,23.78,19,1
1129.69,23.78,19,1
1129.81,23.78,19,1
1129.93,23.78,19,1
1130.06,23.78,19,1
1130.18,23.78,19,1
1130.3,23.78,19,1
1130.42,23.78,19,1
1130.55,23.78,19,1
1130.67,23.77,19,1
1130.79,23.77,19,1
1130.91,23.77,19,1
1131.04,23.77,19,1
1131.16,23.77,19,1
1131.28,23.77,19,1
1131.4,23.77,19,1
1131.53,23.77,19,1
1131.65,23.77,19,1
1131.77,23.77,19,1
1131.89,23.77,19,1
1132.02,23.77,19,1
1132.14,23.77,19,1
1132.26,23.77,19,1
1132.38,23.77,19,1
1132.51,23.77,19,1
1132.63,23.77,19,1
1132.75,23.77,19,1
1132.87,23.77,19,1
1133.0,23.77,19,1
1133.12,23.77,19,1
1133.24,23.77,19,1
1133.36,23.77,19,1
1133.49,23.77,19,1
1133.61,23.77,19,1
1133.73,23.77,19,1
1133.85,23.77,19,1
1133.98,23.76,19,1
1134.1,23.76,19,1
1134.22,23.76,19,1
1134.35,23.77,19,1
1134.47,23.76,19,1
1134.59,23.76,19,1
1134.71,23.76,19,1
1134.83,23.76,19,1
1134.96,23.76,19,1
1135.08,23.76,19,1
1135.2,23.76,19,1
1135.33,23.76,19,1
1135.45,23.76,19,1
1135.57,23.76,19,1
1135.69,23.76,19,1
1135.82,23.76,19,1
1135.94,23.76,19,1
1136.06,23.76,19,1
1136.18,23.76,19,1
1136.31,23.76,19,1
1136.43,23.76,19,1
1136.55,23.76,19,1
1136.67,23.76,19,1
1136.8,23.76,19,1
1136.92,23.76,19,1
1137.04,23.75,19,1
1137.17,23.75,19,1
1137.29,23.75,19,1
1137.41,23.76,19,1
1137.53,23.76,19,1
1137.66,23.75,19,1
1137.78,23.75,19,1
1137.9,23.75,19,1
1138.02,23.75,19,1
1138.15,23.75,19,1
1138.27,23.75,19,1
1138.39,23.75,19,1
1138.51,23.75,19,1
1138.64,23.75,19,1
1138.76,23.75,19,1
1138.88,23.75,19,1
1139.0,23.75,19,1
1139.13,23.75,19,1
1139.25,23.75,19,1
1139.37,23.75,19,1
1139.49,23.75,19,1
1139.62,23.75,19,1
1139.74,23.75,19,1
1139.86,23.75,19,1
1139.98,23.75,19,1
1140.11,23.75,19,1
1140.23,23.75,19,1
1140.35,23.75,19,1
1140.47,23.75,19,1
1140.6,23.74,19,1
1140.72,23.74,19,1
1140.84,23.74,19,1
1140.96,23.74,19,1
1141.09,23.75,19,1
1141.21,23.74,19,1
1141.33,23.74,19,1
1141.45,23.74,19,1
1141.58,23.74,19,1
1141.7,23.74,19,1
1141.82,23.74,19,1
1141.95,23.74,19,1
1142.07,23.74,19,1
1142.19,23.74,19,1
1142.31,23.74,19,1
1142.44,23.74,19,1
1142.56,23.74,19,1
1142.68,23.74,19,1
1142.8,23.74,19,1
1142.93,23.74,19,1
1143.05,23.74,19,1
1143.17,23.74,19,1
1143.29,23.74,19,1
1143.42,23.74,19,1
1143.54,23.74,19,1
1143.66,23.74,19,1
1143.78,23.73,19,1
1143.91,23.73,19,1
1144.03,23.74,19,1
1144.15,23.74,19,1
1144.27,23.73,19,1
1144.4,23.73,19,1
1144.52,23.73,19,1
1144.64,23.73,19,1
1144.77,23.73,19,1
1144.89,23.73,19,1
1145.01,23.73,19,1
1145.13,23.73,19,1
1145.26,23.73,19,1
1145.38,23.73,19,1
1145.5,23.73,19,1
1145.62,23.73,19,1
1145.75,23.73,19,1
1145.87,23.73,19,1
1145.99,23.73,19,1
1146.11,23.73,19,1
1146.23,23.73,19,1
1146.36,23.73,19,1
1146.48,23.73,19,1
1146.6,23.73,19,1
1146.73,23.73,19,1
1146.85,23.73,19,1
1146.97,23.73,19,1
1147.09,23.73,19,1
1147.22,23.73,19,1
1147.34,23.73,19,1
1147.46,23.73,19,1
1147.58,23.73,19,1
1147.71,23.73,19,1
1147.83,23.73,19,1
1147.95,23.73,19,1
1148.07,23.72,19,1
1148.2,23.72,19,1
1148.32,23.72,19,1
1148.44,23.72,19,1
1148.56,23.72,19,1
1148.69,23.72,19,1
1148.81,23.72,19,1
1148.93,23.72,19,1
1149.05,23.72,19,1
1149.18,23.72,19,1
1149.3,23.72,19,1
1149.42,23.72,19,1
1149.55,23.72,19,1
1149.67,23.72,19,1
1149.79,23.72,19,1
1149.91,23.72,19,1
1150.04,23.72,19,1
1150.16,23.72,19,1
1150.28,23.72,19,1
1150.4,23.72,19,1
1150.53,23.72,19,1
1150.65,23.72,19,1
1150.77,23.72,19,1
1150.89,23.72,19,1
1151.02,23.72,19,1
1151.14,23.72,19,1
1151.26,23.71,19,1
1151.38,23.72,19,1
1151.51,23.72,19,1
1151.63,23.72,19,1
1151.75,23.72,19,1
1151.88,23.71,19,1
1152.0,23.71,19,1
1152.12,23.72,19,1
1152.24,23.71,19,1
1152.36,23.71,19,1
1152.49,23.71,19,1
1152.61,23.71,19,1
1152.73,23.71,19,1
1152.85,23.71,19,1
1152.98,23.71,19,1
1153.1,23.71,19,1
1153.22,23.71,19,1
1153.34,23.71,19,1
1153.47,23.71,19,1
1153.59,23.71,19,1
1153.71,23.71,19,1
1153.84,23.71,19,1
1153.96,23.71,19,1
1154.08,23.71,19,1
1154.2,23.71,19,1
1154.33,23.71,19,1
1154.45,23.71,19,1
1154.57,23.71,19,1
1154.69,23.71,19,1
1154.82,23.71,19,1
1154.94,23.71,19,1
1155.06,23.71,19,1
1155.18,23.71,19,1
1155.31,23.71,19,1
1155.43,23.71,19,1
1155.55,23.71,19,1
1155.67,23.71,19,1
1155.8,23.71,19,1
1155.92,23.7,19,1
1156.04,23.7,19,1
1156.16,23.7,19,1
1156.29,23.7,19,1
1156.41,23.7,19,1
1156.53,23.7,19,1
1156.66,23.7,19,1
1156.78,23.7,19,1
1156.9,23.7,19,1
1157.02,23.7,19,1
1157.15,23.7,19,1
1157.27,23.7,19,1
1157.39,23.7,19,1
1157.51,23.7,19,1
1157.64,23.7,19,1
1157.76,23.7,19,1
1157.88,23.7,19,1
1158.0,23.7,19,1
1158.13,23.7,19,1
1158.25,23.7,19,1
1158.37,23.7,19,1
1158.49,23.7,19,1
1158.62,23.7,19,1
1158.74,23.7,19,1
1158.86,23.7,19,1
1158.98,23.7,19,1
1159.11,23.69,19,1
1159.23,23.69,19,1
1159.35,23.7,19,1
1159.47,23.69,19,1
1159.6,23.69,19,1
1159.72,23.69,19,1
1159.84,23.69,19,1
1159.96,23.69,19,1
1160.09,23.69,19,1
1160.21,23.69,19,1
1160.33,23.69,19,1
1160.45,23.69,19,1
1160.58,23.69,19,1
1160.7,23.69,19,1
1160.82,23.69,19,1
1160.94,23.69,19,1
1161.07,23.69,19,1
1161.19,23.69,19,1
1161.31,23.69,19,1
1161.44,23.69,19,1
1161.56,23.69,19,1
1161.68,23.69,19,1
1161.8,23.69,19,1
1161.93,23.69,19,1
1162.05,23.69,19,1
1162.17,23.69,19,1
1162.29,23.69,19,1
1162.42,23.69,19,1
1162.54,23.69,19,1
1162.66,23.69,19,1
1162.78,23.69,19,1
1162.91,23.69,19,1
1163.03,23.68,19,1
1163.15,23.68,19,1
1163.27,23.68,19,1
1163.4,23.68,19,1
1163.52,23.68,19,1
1163.64,23.68,19,1
1163.76,23.68,19,1
1163.89,23.68,19,1
1164.01,23.68,19,1
1164.13,23.68,19,1
1164.26,23.68,19,1
1164.38,23.68,19,1
1164.5,23.68,19,1
1164.62,23.68,19,1
1164.74,23.68,19,1
1164.87,23.68,19,1
1164.99,23.68,19,1
1165.11,23.68,19,1
1165.23,23.68,19,1
1165.36,23.67,19,1
1165.48,23.67,19,1
1165.6,23.68,19,1
1165.72,23.67,19,1
1165.85,23.67,19,1
1165.97,23.67,19,1
1166.09,23.67,19,1
1166.22,23.67,19,1
1166.34,23.67,19,1
1166.46,23.67,19,1
1166.58,23.67,19,1
1166.71,23.67,19,1
1166.83,23.67,19,1
1166.95,23.67,19,1
1167.07,23.67,19,1
1167.2,23.67,19,1
1167.32,23.67,19,1
1167.44,23.67,19,1
1167.56,23.67,19,1
1167.69,23.67,19,1
1167.81,23.67,19,1
1167.93,23.67,19,1
1168.06,23.67,19,1
1168.18,23.67,19,1
1168.3,23.67,19,1
1168.42,23.67,19,1
1168.54,23.67,19,1
1168.67,23.67,19,1
1168.79,23.67,19,1
1168.91,23.67,19,1
1169.04,23.67,19,1
1169.16,23.67,19,1
1169.28,23.67,19,1
1169.4,23.67,19,1
1169.53,23.67,19,1
1169.65,23.67,19,1
1169.77,23.67,19,1
1169.89,23.67,19,1
1170.02,23.67,19,1
1170.14,23.67,19,1
1170.26,23.67,19,1
1170.38,23.67,19,1
1170.51,23.67,19,1
1170.63,23.67,19,1
1170.75,23.67,19,1
1170.87,23.67,19,1
1171.0,23.67,19,1
1171.12,23.67,19,1
1171.24,23.67,19,1
1171.36,23.67,19,1
1171.49,23.67,19,1
1171.61,23.67,19,1
1171.73,23.67,19,1
1171.85,23.67,19,1
1171.98,23.67,19,1
1172.1,23.66,19,1
1172.22,23.66,19,1
1172.34,23.66,19,1
1172.47,23.66,19,1
1172.59,23.66,19,1
1172.71,23.66,19,1
1172.83,23.66,19,1
1172.96,23.66,19,1
1173.08,23.66,19,1
1173.2,23.66,19,1
1173.32,23.66,19,1
1173.45,23.66,19,1
1173.57,23.66,19,1
1173.69,23.66,19,1
1173.82,23.66,19,1
1173.94,23.66,19,1
1174.06,23.66,19,1
1174.18,23.66,19,1
1174.31,23.66,19,1
1174.43,23.66,19,1
1174.55,23.66,19,1
1174.67,23.66,19,1
1174.8,23.66,19,1
1174.92,23.66,19,1
1175.04,23.66,19,1
1175.16,23.66,19,1
1175.29,23.66,19,1
1175.41,23.66,19,1
1175.53,23.66,19,1
1175.65,23.66,19,1
1175.78,23.66,19,1
1175.9,23.66,19,1
1176.02,23.66,19,1
1176.14,23.66,19,1
1176.27,23.66,19,1
1176.39,23.66,19,1
1176.51,23.65,19,1
1176.64,23.66,19,1
1176.76,23.66,19,1
1176.88,23.66,19,1
1177.0,23.66,19,1
1177.13,23.65,19,1
1177.25,23.65,19,1
1177.37,23.65,19,1
1177.49,23.65,19,1
1177.62,23.65,19,1
1177.74,23.65,19,1
1177.86,23.65,19,1
1177.98,23.65,19,1
1178.1,23.65,19,1
1178.23,23.65,19,1
1178.35,23.65,19,1
1178.47,23.65,19,1
1178.6,23.65,19,1
1178.72,23.65,19,1
1178.84,23.65,19,1
1178.96,23.65,19,1
1179.09,23.65,19,1
1179.21,23.65,19,1
1179.33,23.65,19,1
1179.45,23.65,19,1
1179.58,23.65,19,1
1179.7,23.65,19,1
1179.82,23.65,19,1
1179.94,23.65,19,1
1180.07,23.65,19,1
1180.19,23.65,19,1
1180.31,23.65,19,1
1180.44,23.65,19,1
1180.56,23.65,19,1
1180.68,23.65,19,1
1180.8,23.65,19,1
1180.93,23.65,19,1
1181.05,23.65,19,1
1181.17,23.64,19,1
1181.29,23.65,19,1
1181.42,23.65,19,1
1181.54,23.64,19,1
1181.66,23.64,19,1
1181.78,23.65,19,1
1181.91,23.64,19,1
1182.03,23.64,19,1
1182.15,23.64,19,1
1182.27,23.64,19,1
1182.4,23.64,19,1
1182.52,23.64,19,1
1182.64,23.64,19,1
1182.76,23.64,19,1
1182.89,23.64,19,1
1183.01,23.64,19,1
1183.13,23.64,19,1
1183.25,23.64,19,1
1183.38,23.64,19,1
1183.5,23.64,19,1
1183.62,23.64,19,1
1183.75,23.64,19,1
1183.87,23.64,19,1
1183.99,23.64,19,1
1184.11,23.64,19,1
1184.23,23.63,19,1
1184.36,23.64,19,1
1184.48,23.63,19,1
1184.6,23.63,19,1
1184.72,23.63,19,1
1184.85,23.63,19,1
1184.97,23.63,19,1
1185.09,23.63,19,1
1185.21,23.63,19,1
1185.34,23.63,19,1
1185.46,23.63,19,1
1185.58,23.63,19,1
1185.7,23.63,19,1
1185.83,23.63,19,1
1185.95,23.63,19,1
1186.07,23.63,19,1
1186.2,23.63,19,1
1186.32,23.63,19,1
1186.44,23.63,19,1
1186.56,23.63,19,1
1186.69,23.63,19,1
1186.81,23.63,19,1
1186.93,23.63,19,1
1187.05,23.63,19,1
1187.18,23.63,19,1
1187.3,23.63,19,1
1187.42,23.63,19,1
1187.55,23.63,19,1
1187.67,23.63,19,1
1187.79,23.63,19,1
1187.91,23.63,19,1
1188.04,23.63,19,1
1188.16,23.63,19,1
1188.28,23.63,19,1
1188.4,23.63,19,1
1188.53,23.63,19,1
1188.65,23.63,19,1
1188.77,23.63,19,1
1188.89,23.63,19,1
1189.02,23.63,19,1
1189.14,23.62,19,1
1189.26,23.62,19,1
1189.38,23.62,19,1
1189.51,23.62,19,1
1189.63,23.63,19,1
1189.75,23.62,19,1
1189.87,23.62,19,1
1190.0,23.62,19,1
1190.12,23.62,19,1
1190.24,23.62,19,1
1190.36,23.62,19,1
1190.49,23.62,19,1
1190.61,23.62,19,1
1190.73,23.62,19,1
1190.85,23.62,19,1
1190.98,23.62,19,1
1191.1,23.62,19,1
1191.22,23.62,19,1
1191.34,23.62,19,1
1191.47,23.62,19,1
1191.59,23.62,19,1
1191.71,23.62,19,1
1191.83,23.62,19,1
1191.96,23.62,19,1
1192.08,23.62,19,1
1192.2,23.62,19,1
1192.32,23.62,19,1
1192.45,23.62,19,1
1192.57,23.62,19,1
1192.69,23.62,19,1
1192.81,23.62,19,1
1192.94,23.62,19,1
1193.06,23.61,19,1
1193.18,23.61,19,1
1193.31,23.61,19,1
1193.43,23.61,19,1
1193.55,23.61,19,1
1193.67,23.61,19,1
1193.8,23.61,19,1
1193.92,23.61,19,1
1194.04,23.61,19,1
1194.16,23.61,19,1
1194.29,23.61,19,1
1194.41,23.61,19,1
1194.53,23.61,19,1
1194.65,23.61,19,1
1194.78,23.61,19,1
1194.9,23.61,19,1
1195.02,23.61,19,1
1195.15,23.61,19,1
1195.27,23.61,19,1
1195.39,23.61,19,1
1195.51,23.61,19,1
1195.63,23.61,19,1
1195.76,23.61,19,1
1195.88,23.61,19,1
1196.0,23.61,19,1
1196.13,23.61,19,1
1196.25,23.61,19,1
1196.37,23.6,19,1
1196.49,23.61,19,1
1196.61,23.61,19,1
1196.74,23.61,19,1
1196.86,23.6,19,1
1196.98,23.61,19,1
1197.11,23.61,19,1
1197.23,23.6,19,1
1197.35,23.6,19,1
1197.47,23.61,19,1
1197.6,23.6,19,1
1197.72,23.6,19,1
1197.84,23.6,19,1
1197.96,23.6,19,1
1198.09,23.6,19,1
1198.21,23.6,19,1
1198.33,23.6,19,1
1198.45,23.6,19,1
1198.58,23.6,19,1
1198.7,23.6,19,1
1198.82,23.6,19,1
1198.94,23.6,19,1
1199.07,23.6,19,1
1199.19,23.6,19,1
1199.31,23.6,19,1
1199.43,23.6,19,1
1199.56,23.59,19,1
1199.68,23.6,19,1
1199.8,23.6,19,1
1199.93,23.6,19,1
1200.05,23.6,19,1
1200.17,23.6,19,1
1200.29,23.6,19,1
1200.42,23.6,19,1
1200.54,23.59,19,1
1200.66,23.6,19,1
1200.78,23.6,19,1
1200.91,23.6,19,1
1201.03,23.6,19,1
1201.15,23.6,19,1
1201.27,23.59,19,1
1201.4,23.6,19,1
1201.52,23.59,19,1
1201.64,23.59,19,1
1201.76,23.6,19,1
1201.89,23.59,19,1
1202.01,23.59,19,1
1202.13,23.59,19,1
1202.25,23.59,19,1
1202.38,23.59,19,1
1202.5,23.59,19,1
1202.62,23.59,19,1
1202.75,23.59,19,1
1202.87,23.59,19,1
1202.99,23.59,19,1
1203.11,23.59,19,1
1203.23,23.59,19,1
1203.36,23.59,19,1
1203.48,23.59,19,1
1203.6,23.59,19,1
1203.72,23.59,19,1
1203.85,23.59,19,1
1203.97,23.59,19,1
1204.09,23.59,19,1
1204.21,23.59,19,1
1204.34,23.59,19,1
1204.46,23.59,19,1
1204.58,23.59,19,1
1204.7,23.59,19,1
1204.83,23.59,19,1
1204.95,23.59,19,1
1205.07,23.59,19,1
1205.19,23.59,19,1
1205.32,23.59,19,1
1205.44,23.59,19,1
1205.56,23.59,19,1
1205.69,23.59,19,1
1205.81,23.59,19,1
1205.93,23.59,19,1
1206.05,23.59,19,1
1206.18,23.59,19,1
1206.3,23.59,19,1
1206.42,23.59,19,1
1206.54,23.59,19,1
1206.67,23.59,19,1
1206.79,23.59,19,1
1206.91,23.59,19,1
1207.03,23.59,19,1
1207.16,23.59,19,1
1207.28,23.59,19,1
1207.4,23.59,19,1
1207.53,23.59,19,1
1207.65,23.59,19,1
1207.77,23.59,19,1
1207.89,23.59,19,1
1208.02,23.59,19,1
1208.14,23.59,19,1
1208.26,23.59,19,1
1208.38,23.59,19,1
1208.51,23.59,19,1
1208.63,23.59,19,1
1208.75,23.59,19,1
1208.87,23.59,19,1
1209.0,23.59,19,1
1209.12,23.58,19,1
1209.24,23.59,19,1
1209.36,23.58,19,1
1209.49,23.58,19,1
1209.61,23.58,19,1
1209.73,23.58,19,1
1209.85,23.58,19,1
1209.98,23.58,19,1
1210.1,23.58,19,1
1210.22,23.58,19,1
1210.34,23.58,19,1
1210.47,23.58,19,1
1210.59,23.58,19,1
1210.71,23.58,19,1
1210.83,23.58,19,1
1210.96,23.58,19,1
1211.08,23.58,19,1
1211.2,23.58,19,1
1211.32,23.58,19,1
1211.45,23.58,19,1
1211.57,23.58,19,1
1211.69,23.58,19,1
1211.81,23.58,19,1
1211.94,23.58,19,1
1212.06,23.58,19,1
1212.18,23.58,19,1
1212.31,23.58,19,1
1212.43,23.58,19,1
1212.55,23.58,19,1
1212.67,23.57,19,1
1212.8,23.58,19,1
1212.92,23.57,19,1
1213.04,23.57,19,1
1213.16,23.57,19,1
1213.29,23.57,19,1
1213.41,23.57,19,1
1213.53,23.57,19,1
1213.65,23.58,19,1
1213.78,23.57,19,1
1213.9,23.57,19,1
1214.02,23.57,19,1
1214.14,23.57,19,1
1214.27,23.57,19,1
1214.39,23.57,19,1
1214.51,23.57,19,1
1214.64,23.57,19,1
1214.76,23.57,19,1
1214.88,23.57,19,1
1215.0,23.57,19,1
1215.13,23.57,19,1
1215.25,23.57,19,1
1215.37,23.57,19,1
1215.49,23.57,19,1
1215.62,23.57,19,1
1215.74,23.57,19,1
1215.86,23.57,19,1
1215.98,23.57,19,1
1216.1,23.57,19,1
1216.23,23.57,19,1
1216.35,23.57,19,1
1216.47,23.57,19,1
1216.59,23.57,19,1
1216.72,23.57,19,1
1216.84,23.57,19,1
1216.96,23.57,19,1
1217.09,23.57,19,1
1217.21,23.57,19,1
1217.33,23.57,19,1
1217.45,23.57,19,1
1217.58,23.57,19,1
1217.7,23.57,19,1
1217.82,23.57,19,1
1217.94,23.57,19,1
1218.07,23.57,19,1
1218.19,23.56,19,1
1218.31,23.57,19,1
1218.44,23.56,19,1
1218.56,23.56,19,1
1218.68,23.57,19,1
1218.8,23.56,19,1
1218.93,23.56,19,1
1219.05,23.56,19,1
1219.17,23.57,19,1
1219.29,23.56,19,1
1219.42,23.56,19,1
1219.54,23.56,19,1
1219.66,23.56,19,1
1219.78,23.56,19,1
1219.91,23.56,19,1
1220.03,23.56,19,1
1220.15,23.56,19,1
1220.27,23.56,19,1
1220.4,23.56,19,1
1220.52,23.56,19,1
1220.64,23.56,19,1
1220.76,23.56,19,1
1220.89,23.56,19,1
1221.01,23.56,19,1
1221.13,23.56,19,1
1221.25,23.56,19,1
1221.38,23.56,19,1
1221.5,23.56,19,1
1221.62,23.56,19,1
1221.74,23.56,19,1
1221.87,23.56,19,1
1221.99,23.56,19,1
1222.11,23.56,19,1
1222.23,23.56,19,1
1222.36,23.56,19,1
1222.48,23.56,19,1
1222.6,23.56,19,1
1222.72,23.56,19,1
1222.85,23.56,19,1
1222.97,23.56,19,1
1223.09,23.56,19,1
1223.21,23.56,19,1
1223.34,23.55,19,1
1223.46,23.56,19,1
1223.58,23.55,19,1
1223.7,23.55,19,1
1223.83,23.55,19,1
1223.95,23.55,19,1
1224.07,23.56,19,1
1224.2,23.55,19,1
1224.32,23.55,19,1
1224.44,23.55,19,1
1224.56,23.55,19,1
1224.69,23.55,19,1
1224.81,23.55,19,1
1224.93,23.55,19,1
1225.05,23.55,19,1
1225.18,23.55,19,1
1225.3,23.55,19,1
1225.42,23.55,19,1
1225.54,23.55,19,1
1225.67,23.55,19,1
1225.79,23.55,19,1
1225.91,23.55,19,1
1226.03,23.55,19,1
1226.16,23.55,19,1
1226.28,23.55,19,1
1226.4,23.55,19,1
1226.52,23.55,19,1
1226.65,23.55,19,1
1226.77,23.55,19,1
1226.89,23.55,19,1
1227.02,23.55,19,1
1227.14,23.55,19,1
1227.26,23.55,19,1
1227.38,23.55,19,1
1227.51,23.54,19,1
1227.63,23.55,19,1
1227.75,23.54,19,1
1227.87,23.55,19,1
1228.0,23.54,19,1
1228.12,23.55,19,1
1228.24,23.54,19,1
1228.36,23.54,19,1
1228.49,23.54,19,1
1228.61,23.54,19,1
1228.73,23.54,19,1
1228.85,23.54,19,1
1228.98,23.54,19,1
1229.1,23.54,19,1
1229.22,23.54,19,1
1229.34,23.54,19,1
1229.47,23.54,19,1
1229.59,23.54,19,1
1229.71,23.54,19,1
1229.83,23.54,19,1
1229.96,23.54,19,1
1230.08,23.54,19,1
1230.2,23.54,19,1
1230.32,23.54,19,1
1230.45,23.54,19,1
1230.57,23.54,19,1
1230.69,23.54,19,1
1230.81,23.54,19,1
1230.94,23.54,19,1
1231.06,23.54,19,1
1231.18,23.53,19,1
1231.31,23.54,19,1
1231.43,23.53,19,1
1231.55,23.53,19,1
1231.67,23.53,19,1
1231.8,23.53,19,1
1231.92,23.53,19,1
1232.04,23.53,19,1
1232.16,23.54,19,1
1232.29,23.53,19,1
1232.41,23.53,19,1
1232.53,23.53,19,1
1232.65,23.54,19,1
1232.78,23.54,19,1
1232.9,23.54,19,1
1233.02,23.54,19,1
1233.14,23.54,19,1
1233.27,23.53,19,1
1233.39,23.54,19,1
1233.51,23.54,19,1
1233.63,23.53,19,1
1233.76,23.54,19,1
1233.88,23.54,19,1
1234.0,23.53,19,1
1234.13,23.53,19,1
1234.25,23.53,19,1
1234.37,23.53,19,1
1234.49,23.53,19,1
1234.61,23.53,19,1
1234.74,23.53,19,1
1234.86,23.53,19,1
1234.98,23.53,19,1
1235.1,23.53,19,1
1235.23,23.53,19,1
1235.35,23.53,19,1
1235.47,23.53,19,1
1235.6,23.53,19,1
1235.72,23.53,19,1
1235.84,23.53,19,1
1235.96,23.53,19,1
1236.09,23.53,19,1
1236.21,23.53,19,1
1236.33,23.53,19,1
1236.45,23.53,19,1
1236.58,23.53,19,1
1236.7,23.53,19,1
1236.82,23.53,19,1
1236.94,23.53,19,1
1237.07,23.53,19,1
1237.19,23.53,19,1
1237.31,23.53,19,1
1237.43,23.53,19,1
1237.56,23.53,19,1
1237.68,23.53,19,1
1237.8,23.53,19,1
1237.92,23.53,19,1
1238.05,23.53,19,1
1238.17,23.53,19,1
1238.29,23.53,19,1
1238.42,23.53,19,1
1238.54,23.53,19,1
1238.66,23.53,19,1
1238.78,23.53,19,1
1238.91,23.53,19,1
1239.03,23.53,19,1
1239.15,23.53,19,1
1239.27,23.53,19,1
1239.4,23.53,19,1
1239.52,23.52,19,1
1239.64,23.52,19,1
1239.76,23.52,19,1
1239.89,23.53,19,1
1240.01,23.52,19,1
1240.13,23.52,19,1
1240.25,23.52,19,1
1240.38,23.52,19,1
1240.5,23.52,19,1
1240.62,23.52,19,1
1240.74,23.52,19,1
1240.87,23.52,19,1
1240.99,23.52,19,1
1241.11,23.52,19,1
1241.23,23.52,19,1
1241.36,23.52,19,1
1241.48,23.52,19,1
1241.6,23.52,19,1
1241.72,23.52,19,1
1241.85,23.52,19,1
1241.97,23.52,19,1
1242.09,23.52,19,1
1242.21,23.52,19,1
1242.34,23.52,19,1
1242.46,23.52,19,1
1242.58,23.52,19,1
1242.7,23.52,19,1
1242.83,23.52,19,1
1242.95,23.52,19,1
1243.07,23.52,19,1
1243.2,23.52,19,1
1243.32,23.52,19,1
1243.44,23.52,19,1
1243.56,23.52,19,1
1243.69,23.52,19,1
1243.81,23.52,19,1
1243.93,23.52,19,1
1244.05,23.52,19,1
1244.18,23.52,19,1
1244.3,23.52,19,1
1244.42,23.52,19,1
1244.54,23.52,19,1
1244.67,23.51,19,1
1244.79,23.52,19,1
1244.91,23.52,19,1
1245.03,23.51,19,1
1245.16,23.52,19,1
1245.28,23.51,19,1
1245.4,23.52,19,1
1245.52,23.51,19,1
1245.65,23.52,19,1
1245.77,23.52,19,1
1245.89,23.51,19,1
1246.02,23.51,19,1
1246.14,23.51,19,1
1246.26,23.51,19,1
1246.38,23.51,19,1
1246.51,23.51,19,1
1246.63,23.51,19,1
1246.75,23.51,19,1
1246.87,23.51,19,1
1247.0,23.51,19,1
1247.12,23.51,19,1
1247.24,23.51,19,1
1247.36,23.51,19,1
1247.49,23.51,19,1
1247.61,23.51,19,1
1247.73,23.51,19,1
1247.85,23.51,19,1
1247.98,23.51,19,1
1248.1,23.51,19,1
1248.22,23.51,19,1
1248.34,23.51,19,1
1248.47,23.51,19,1
1248.59,23.51,19,1
1248.71,23.51,19,1
1248.83,23.51,19,1
1248.96,23.51,19,1
1249.08,23.51,19,1
1249.2,23.51,19,1
1249.32,23.51,19,1
1249.45,23.51,19,1
1249.57,23.51,19,1
1249.69,23.51,19,1
1249.81,23.51,19,1
1249.94,23.51,19,1
1250.06,23.51,19,1
1250.18,23.51,19,1
1250.31,23.51,19,1
1250.43,23.51,19,1
1250.55,23.51,19,1
1250.67,23.51,19,1
1250.8,23.51,19,1
1250.92,23.51,19,1
1251.04,23.51,19,1
1251.16,23.51,19,1
1251.29,23.5,19,1
1251.41,23.5,19,1
1251.53,23.5,19,1
1251.65,23.5,20,1
1251.78,23.5,20,1
1251.9,23.5,20,1
1252.02,23.5,20,1
1252.14,23.5,20,1
1252.27,23.5,20,1
1252.39,23.5,20,1
1252.51,23.5,20,1
1252.63,23.5,20,1
1252.76,23.5,20,1
1252.88,23.5,20,1
1253.0,23.5,20,1
1253.13,23.5,20,1
1253.25,23.5,20,1
1253.37,23.5,20,1
1253.49,23.5,20,1
1253.61,23.5,20,1
1253.74,23.5,20,1
1253.86,23.5,20,1
1253.98,23.5,20,1
1254.11,23.5,20,1
1254.23,23.5,20,1
1254.35,23.5,20,1
1254.47,23.5,20,1
1254.59,23.5,20,1
1254.72,23.5,20,1
1254.84,23.5,20,1
1254.96,23.5,20,1
1255.09,23.5,20,1
1255.21,23.5,20,1
1255.33,23.5,20,1
1255.45,23.5,20,1
1255.58,23.5,20,1
1255.7,23.5,20,1
1255.82,23.5,20,1
1255.94,23.5,20,1
1256.07,23.5,20,1
1256.19,23.5,20,1
1256.31,23.5,20,1
1256.43,23.5,20,1
1256.56,23.5,20,1
1256.68,23.49,20,1
1256.8,23.5,20,1
1256.93,23.49,20,1
1257.05,23.5,20,1
1257.17,23.49,20,1
1257.29,23.5,20,1
1257.42,23.49,20,1
1257.54,23.5,20,1
1257.66,23.49,20,1
1257.78,23.49,20,1
1257.91,23.49,20,1
1258.03,23.49,20,1
1258.15,23.49,20,1
1258.27,23.49,20,1
1258.4,23.49,20,1
1258.52,23.49,20,1
1258.64,23.49,20,1
1258.76,23.49,20,1
1258.89,23.49,20,1
1259.01,23.49,20,1
1259.13,23.49,20,1
1259.25,23.49,20,1
1259.38,23.49,20,1
1259.5,23.49,20,1
1259.62,23.49,20,1
1259.74,23.49,20,1
1259.87,23.49,20,1
1259.99,23.49,20,1
1260.11,23.49,20,1
1260.23,23.49,20,1
1260.36,23.49,20,1
1260.48,23.49,20,1
1260.6,23.49,20,1
1260.72,23.49,20,1
1260.85,23.49,20,1
1260.97,23.49,20,1
1261.09,23.49,20,1
1261.21,23.49,20,1
1261.34,23.49,20,1
1261.46,23.49,20,1
1261.58,23.49,20,1
1261.7,23.49,20,1
1261.83,23.49,20,1
1261.95,23.49,20,1
1262.07,23.49,20,1
1262.19,23.49,20,1
1262.32,23.49,20,1
1262.44,23.49,20,1
1262.56,23.49,20,1
1262.69,23.49,20,1
1262.81,23.49,20,1
1262.93,23.49,20,1
1263.05,23.49,20,1
1263.18,23.49,20,1
1263.3,23.49,20,1
1263.42,23.49,20,1
1263.54,23.49,20,1
1263.67,23.49,20,1
1263.79,23.48,20,1
1263.91,23.48,20,1
1264.03,23.48,20,1
1264.16,23.48,20,1
1264.28,23.48,20,1
1264.4,23.48,20,1
1264.53,23.49,20,1
1264.65,23.48,20,1
1264.77,23.48,20,1
1264.89,23.48,20,1
1265.01,23.48,20,1
1265.14,23.48,20,1
1265.26,23.48,20,1
1265.38,23.48,20,1
1265.51,23.48,20,1
1265.63,23.48,20,1
1265.75,23.48,20,1
1265.87,23.48,20,1
1266.0,23.48,20,1
1266.12,23.48,20,1
1266.24,23.48,20,1
1266.36,23.48,20,1
1266.49,23.48,20,1
1266.61,23.48,20,1
1266.73,23.48,20,1
1266.85,23.48,20,1
1266.98,23.48,20,1
1267.1,23.48,20,1
1267.22,23.48,20,1
1267.34,23.48,20,1
1267.47,23.48,20,1
1267.59,23.48,20,1
1267.71,23.48,20,1
1267.83,23.48,20,1
1267.96,23.48,20,1
1268.08,23.48,20,1
1268.2,23.48,20,1
1268.32,23.48,20,1
1268.45,23.48,20,1
1268.57,23.48,20,1
1268.69,23.48,20,1
1268.81,23.48,20,1
1268.94,23.48,20,1
1269.06,23.48,20,1
1269.18,23.48,20,1
1269.31,23.48,20,1
1269.43,23.48,20,1
1269.55,23.48,20,1
1269.67,23.48,20,1
1269.8,23.48,20,1
1269.92,23.48,20,1
1270.04,23.48,20,1
1270.16,23.48,20,1
1270.29,23.47,20,1
1270.41,23.47,20,1
1270.53,23.48,20,1
1270.65,23.48,20,1
1270.78,23.47,20,1
1270.9,23.48,20,1
1271.02,23.48,20,1
1271.14,23.47,20,1
1271.27,23.47,20,1
1271.39,23.47,20,1
1271.51,23.47,20,1
1271.63,23.47,20,1
1271.76,23.47,20,1
1271.88,23.47,20,1
1272.0,23.47,20,1
1272.13,23.47,20,1
1272.25,23.47,20,1
1272.37,23.47,20,1
1272.49,23.47,20,1
1272.61,23.47,20,1
1272.74,23.47,20,1
1272.86,23.47,20,1
1272.98,23.47,20,1
1273.1,23.47,20,1
1273.23,23.47,20,1
1273.35,23.47,20,1
1273.47,23.47,20,1
1273.59,23.47,20,1
1273.72,23.47,20,1
1273.84,23.47,20,1
1273.96,23.47,20,1
1274.09,23.47,20,1
1274.21,23.47,20,1
1274.33,23.47,20,1
1274.45,23.47,20,1
1274.57,23.47,20,1
1274.7,23.47,20,1
1274.82,23.47,20,1
1274.94,23.47,20,1
1275.07,23.47,20,1
1275.19,23.47,20,1
1275.31,23.47,20,1
1275.44,23.47,20,1
1275.56,23.47,20,1
1275.68,23.47,20,1
1275.8,23.47,20,1
1275.93,23.47,20,1
1276.05,23.47,20,1
1276.17,23.47,20,1
1276.29,23.47,20,1
1276.42,23.47,20,1
1276.54,23.47,20,1
1276.66,23.47,20,1
1276.78,23.47,20,1
1276.91,23.47,20,1
1277.03,23.47,20,1
1277.15,23.46,20,1
1277.27,23.46,20,1
1277.4,23.47,20,1
1277.52,23.46,20,1
1277.64,23.46,20,1
1277.76,23.46,20,1
1277.89,23.46,20,1
1278.01,23.46,20,1
1278.13,23.46,20,1
1278.25,23.46,20,1
1278.38,23.46,20,1
1278.5,23.46,20,1
1278.62,23.46,20,1
1278.74,23.46,20,1
1278.87,23.46,20,1
1278.99,23.46,20,1
1279.11,23.46,20,1
1279.23,23.46,20,1
1279.36,23.46,20,1
1279.48,23.46,20,1
1279.6,23.46,20,1
1279.72,23.46,20,1
1279.85,23.46,20,1
1279.97,23.46,20,1
1280.09,23.46,20,1
1280.21,23.46,20,1
1280.34,23.46,20,1
1280.46,23.46,20,1
1280.58,23.46,20,1
1280.7,23.46,20,1
1280.83,23.46,20,1
1280.95,23.46,20,1
1281.07,23.46,20,1
1281.2,23.46,20,1
1281.32,23.46,20,1
1281.44,23.46,20,1
1281.56,23.46,20,1
1281.69,23.46,20,1
1281.81,23.46,20,1
1281.93,23.46,20,1
1282.05,23.46,20,1
1282.18,23.46,20,1
1282.3,23.46,20,1
1282.42,23.46,20,1
1282.54,23.46,20,1
1282.67,23.46,20,1
1282.79,23.46,20,1
1282.91,23.46,20,1
1283.03,23.45,20,1
1283.16,23.46,20,1
1283.28,23.45,20,1
1283.4,23.45,20,1
1283.52,23.46,20,1
1283.65,23.45,20,1
1283.77,23.45,20,1
1283.89,23.45,20,1
1284.02,23.45,20,1
1284.14,23.45,20,1
1284.26,23.45,20,1
1284.38,23.45,20,1
1284.51,23.45,20,1
1284.63,23.45,20,1
1284.75,23.45,20,1
1284.87,23.45,20,1
1285.0,23.45,20,1
1285.12,23.45,20,1
1285.24,23.45,20,1
1285.36,23.45,20,1
1285.48,23.45,20,1
1285.61,23.45,20,1
1285.73,23.45,20,1
1285.85,23.45,20,1
1285.98,23.45,20,1
1286.1,23.45,20,1
1286.22,23.45,20,1
1286.34,23.45,20,1
1286.47,23.45,20,1
1286.59,23.45,20,1
1286.71,23.45,20,1
1286.83,23.45,20,1
1286.96,23.45,20,1
1287.08,23.44,20,1
1287.2,23.45,20,1
1287.32,23.45,20,1
1287.45,23.44,20,1
1287.57,23.45,20,1
1287.69,23.44,20,1
1287.81,23.44,20,1
1287.94,23.44,20,1
1288.06,23.45,20,1
1288.18,23.45,20,1
1288.31,23.44,20,1
1288.43,23.44,20,1
1288.55,23.44,20,1
1288.67,23.44,20,1
1288.8,23.44,20,1
1288.92,23.44,20,1
1289.04,23.44,20,1
1289.16,23.44,20,1
1289.29,23.44,20,1
1289.41,23.44,20,1
1289.53,23.44,20,1
1289.65,23.44,20,1
1289.78,23.44,20,1
1289.9,23.44,20,1
1290.02,23.45,20,1
1290.14,23.45,20,1
1290.27,23.45,20,1
1290.39,23.45,20,1
1290.51,23.44,20,1
1290.63,23.44,20,1
1290.76,23.44,20,1
1290.88,23.44,20,1
1291.0,23.44,20,1
1291.12,23.45,20,1
1291.25,23.44,20,1
1291.37,23.44,20,1
1291.49,23.44,20,1
1291.61,23.44,20,1
1291.74,23.44,20,1
1291.86,23.44,20,1
1291.98,23.44,20,1
1292.1,23.44,20,1
1292.23,23.44,20,1
1292.35,23.44,20,1
1292.47,23.44,20,1
1292.6,23.44,20,1
1292.72,23.44,20,1
1292.84,23.44,20,1
1292.96,23.44,20,1
1293.09,23.44,20,1
1293.21,23.44,20,1
1293.33,23.44,20,1
1293.45,23.44,20,1
1293.58,23.44,20,1
1293.7,23.44,20,1
1293.82,23.44,20,1
1293.94,23.44,20,1
1294.07,23.44,20,1
1294.19,23.44,20,1
1294.31,23.44,20,1
1294.43,23.44,20,1
1294.56,23.44,20,1
1294.68,23.44,20,1
1294.8,23.44,20,1
1294.92,23.44,20,1
1295.05,23.44,20,1
1295.17,23.44,20,1
1295.29,23.44,20,1
1295.42,23.44,20,1
1295.54,23.44,20,1
1295.66,23.44,20,1
1295.78,23.44,20,1
1295.91,23.44,20,1
1296.03,23.44,20,1
1296.15,23.44,20,1
1296.27,23.44,20,1
1296.4,23.44,20,1
1296.52,23.44,20,1
1296.64,23.44,20,1
1296.76,23.44,20,1
1296.89,23.44,20,1
1297.01,23.44,20,1
1297.13,23.44,20,1
1297.25,23.44,20,1
1297.38,23.44,20,1
1297.5,23.44,20,1
1297.62,23.44,20,1
1297.74,23.44,20,1
1297.87,23.44,20,1
1297.99,23.44,20,1
1298.11,23.44,20,1
1298.23,23.44,20,1
1298.36,23.44,20,1
1298.48,23.44,20,1
1298.6,23.44,20,1
1298.72,23.44,20,1
1298.85,23.44,20,1
1298.97,23.44,20,1
1299.09,23.44,20,1
1299.21,23.44,20,1
1299.34,23.44,20,1
1299.46,23.44,20,1
1299.58,23.44,20,1
1299.7,23.44,20,1
1299.83,23.44,20,1
1299.95,23.44,20,1
1300.07,23.44,20,1
1300.2,23.44,20,1
1300.32,23.43,20,1
1300.44,23.44,20,1
1300.56,23.44,20,1
1300.69,23.43,20,1
1300.81,23.44,20,1
1300.93,23.43,20,1
1301.05,23.44,20,1
1301.18,23.43,20,1
1301.3,23.44,20,1
1301.42,23.43,20,1
1301.54,23.43,20,1
1301.67,23.44,20,1
1301.79,23.44,20,1
1301.91,23.43,20,1
1302.03,23.43,20,1
1302.16,23.43,20,1
1302.28,23.43,20,1
1302.4,23.43,20,1
1302.52,23.43,20,1
1302.65,23.43,20,1
1302.77,23.43,20,1
1302.89,23.43,20,1
1303.01,23.43,20,1
1303.14,23.43,20,1
1303.26,23.43,20,1
1303.38,23.43,20,1
1303.5,23.43,20,1
1303.63,23.43,20,1
1303.75,23.43,20,1
1303.87,23.43,20,1
1304.0,23.43,20,1
1304.12,23.43,20,1
1304.24,23.44,20,1
1304.36,23.44,20,1
1304.48,23.43,20,1
1304.61,23.44,20,1
1304.73,23.43,20,1
1304.85,23.43,20,1
1304.98,23.43,20,1
1305.1,23.43,20,1
1305.22,23.43,20,1
1305.34,23.43,20,1
1305.47,23.43,20,1
1305.59,23.43,20,1
1305.71,23.43,20,1
1305.83,23.43,20,1
1305.96,23.43,20,1
1306.08,23.43,20,1
1306.2,23.43,20,1
1306.32,23.43,20,1
1306.45,23.43,20,1
1306.57,23.43,20,1
1306.69,23.43,20,1
1306.81,23.43,20,1
1306.94,23.43,20,1
1307.06,23.43,20,1
1307.18,23.43,20,1
1307.3,23.43,20,1
1307.43,23.43,20,1
1307.55,23.43,20,1
1307.67,23.43,20,1
1307.8,23.43,20,1
1307.92,23.43,20,1
1308.04,23.43,20,1
1308.16,23.43,20,1
1308.29,23.43,20,1
1308.41,23.43,20,1
1308.53,23.43,20,1
1308.65,23.43,20,1
1308.78,23.43,20,1
1308.9,23.43,20,1
1309.02,23.43,20,1
1309.14,23.43,20,1
1309.27,23.43,20,1
1309.39,23.43,20,1
1309.51,23.43,20,1
1309.63,23.43,20,1
1309.76,23.43,20,1
1309.88,23.43,20,1
1310.0,23.43,20,1
1310.13,23.43,20,1
1310.25,23.43,20,1
1310.37,23.43,20,1
1310.49,23.43,20,1
1310.61,23.43,20,1
1310.74,23.43,20,1
1310.86,23.43,20,1
1310.98,23.43,20,1
1311.1,23.43,20,1
1311.23,23.43,20,1
1311.35,23.43,20,1
1311.47,23.43,20,1
1311.59,23.43,20,1
1311.72,23.43,20,1
1311.84,23.43,20,1
1311.96,23.43,20,1
1312.09,23.43,20,1
1312.21,23.42,20,1
1312.33,23.42,20,1
1312.45,23.42,20,1
1312.58,23.42,20,1
1312.7,23.42,20,1
1312.82,23.42,20,1
1312.94,23.42,20,1
1313.06,23.42,20,1
1313.19,23.43,20,1
1313.31,23.43,20,1
1313.43,23.43,20,1
1313.56,23.43,20,1
1313.68,23.42,20,1
1313.8,23.42,20,1
1313.92,23.42,20,1
1314.05,23.43,20,1
1314.17,23.42,20,1
1314.29,23.42,20,1
1314.41,23.42,20,1
1314.54,23.42,20,1
1314.66,23.42,20,1
1314.78,23.42,20,1
1314.91,23.42,20,1
1315.03,23.42,20,1
1315.15,23.42,20,1
1315.27,23.42,20,1
1315.4,23.42,20,1
1315.52,23.42,20,1
1315.64,23.42,20,1
1315.76,23.42,20,1
1315.89,23.42,20,1
1316.01,23.42,20,1
1316.13,23.42,20,1
1316.25,23.42,20,1
1316.38,23.42,20,1
1316.5,23.42,20,1
1316.62,23.42,20,1
1316.74,23.42,20,1
1316.87,23.42,20,1
1316.99,23.42,20,1
1317.11,23.42,20,1
1317.23,23.42,20,1
1317.36,23.42,20,1
1317.48,23.42,20,1
1317.6,23.42,20,1
1317.72,23.42,20,1
1317.85,23.42,20,1
1317.97,23.42,20,1
1318.09,23.42,20,1
1318.21,23.41,20,1
1318.34,23.42,20,1
1318.46,23.41,20,1
1318.58,23.42,20,1
1318.7,23.41,20,1
1318.83,23.41,20,1
1318.95,23.41,20,1
1319.07,23.41,20,1
1319.19,23.42,20,1
1319.32,23.41,20,1
1319.44,23.41,20,1
1319.56,23.41,20,1
1319.69,23.41,20,1
1319.81,23.41,20,1
1319.93,23.41,20,1
1320.05,23.41,20,1
1320.18,23.41,20,1
1320.3,23.41,20,1
1320.42,23.41,20,1
1320.54,23.41,20,1
1320.67,23.41,20,1
1320.79,23.41,20,1
1320.91,23.41,20,1
1321.03,23.41,20,1
1321.16,23.41,20,1
1321.28,23.41,20,1
1321.4,23.41,20,1
1321.52,23.41,20,1
1321.65,23.41,20,1
1321.77,23.41,20,1
1321.89,23.41,20,1
1322.01,23.41,20,1
1322.14,23.41,20,1
1322.26,23.41,20,1
1322.38,23.41,20,1
1322.51,23.41,20,1
1322.63,23.41,20,1
1322.75,23.4,20,1
1322.87,23.4,20,1
1323.0,23.41,20,1
1323.12,23.4,20,1
1323.24,23.4,20,1
1323.36,23.4,20,1
1323.48,23.4,20,1
1323.61,23.4,20,1
1323.73,23.4,20,1
1323.85,23.4,20,1
1323.97,23.4,20,1
1324.1,23.4,20,1
1324.22,23.4,20,1
1324.34,23.4,20,1
1324.47,23.4,20,1
1324.59,23.4,20,1
1324.71,23.4,20,1
1324.83,23.4,20,1
1324.96,23.4,20,1
1325.08,23.4,20,1
1325.2,23.4,20,1
1325.32,23.4,20,1
1325.45,23.4,20,1
1325.57,23.4,20,1
1325.69,23.4,20,1
1325.81,23.4,20,1
1325.94,23.4,20,1
1326.06,23.4,20,1
1326.18,23.4,20,1
1326.31,23.4,20,1
1326.43,23.4,20,1
1326.55,23.4,20,1
1326.67,23.4,20,1
1326.79,23.4,20,1
1326.92,23.39,20,1
1327.04,23.39,20,1
1327.16,23.4,20,1
1327.29,23.39,20,1
1327.41,23.39,20,1
1327.53,23.39,20,1
1327.65,23.39,20,1
1327.78,23.39,20,1
1327.9,23.39,20,1
1328.02,23.39,20,1
1328.14,23.39,20,1
1328.27,23.39,20,1
1328.39,23.39,20,1
1328.51,23.39,20,1
1328.63,23.39,20,1
1328.76,23.39,20,1
1328.88,23.39,20,1
1329.0,23.39,20,1
1329.12,23.39,20,1
1329.25,23.39,20,1
1329.37,23.39,20,1
1329.49,23.39,20,1
1329.61,23.39,20,1
1329.74,23.39,20,1
1329.86,23.39,20,1
1329.98,23.39,20,1
1330.1,23.39,20,1
1330.23,23.38,20,1
1330.35,23.38,20,1
1330.47,23.38,20,1
1330.59,23.38,20,1
1330.72,23.38,20,1
1330.84,23.38,20,1
1330.96,23.38,20,1
1331.08,23.38,20,1
1331.21,23.38,20,1
1331.33,23.38,20,1
1331.45,23.38,20,1
1331.57,23.38,20,1
1331.7,23.38,20,1
1331.82,23.38,20,1
1331.94,23.38,20,1
1332.06,23.37,20,1
1332.19,23.38,20,1
1332.31,23.38,20,1
1332.43,23.37,20,1
1332.56,23.38,20,1
1332.68,23.37,20,1
1332.8,23.37,20,1
1332.92,23.37,20,1
1333.05,23.37,20,1
1333.17,23.37,20,1
1333.29,23.38,20,1
1333.41,23.37,20,1
1333.54,23.37,20,1
1333.66,23.37,20,1
1333.78,23.37,20,1
1333.9,23.37,20,1
1334.03,23.37,20,1
1334.15,23.37,20,1
1334.27,23.37,20,1
1334.39,23.37,20,1
1334.52,23.37,20,1
1334.64,23.37,20,1
1334.76,23.37,20,1
1334.88,23.37,20,1
1335.01,23.37,20,1
1335.13,23.37,20,1
1335.25,23.37,20,1
1335.37,23.37,20,1
1335.5,23.37,20,1
1335.62,23.37,20,1
1335.74,23.37,20,1
1335.86,23.37,20,1
1335.99,23.37,20,1
1336.11,23.37,20,1
1336.23,23.37,20,1
1336.35,23.37,20,1
1336.48,23.37,20,1
1336.6,23.37,20,1
1336.72,23.37,20,1
1336.84,23.37,20,1
1336.97,23.37,20,1
1337.09,23.37,20,1
1337.21,23.37,20,1
1337.34,23.37,20,1
1337.46,23.37,20,1
1337.58,23.37,20,1
1337.7,23.37,20,1
1337.83,23.37,20,1
1337.95,23.37,20,1
1338.07,23.37,20,1
1338.19,23.37,20,1
1338.32,23.37,20,1
1338.44,23.37,20,1
1338.56,23.37,20,1
1338.68,23.37,20,1
1338.81,23.37,20,1
1338.93,23.37,20,1
1339.05,23.37,20,1
1339.17,23.37,20,1
1339.3,23.37,20,1
1339.42,23.37,20,1
1339.54,23.37,20,1
1339.67,23.37,20,1
1339.79,23.37,20,1
1339.91,23.37,20,1
1340.03,23.37,20,1
1340.16,23.37,20,1
1340.28,23.37,20,1
1340.4,23.37,20,1
1340.52,23.37,20,1
1340.65,23.37,20,1
1340.77,23.37,20,1
1340.89,23.37,20,1
1341.01,23.37,20,1
1341.14,23.37,20,1
1341.26,23.37,20,1
1341.38,23.37,20,1
1341.5,23.37,20,1
1341.63,23.37,20,1
1341.75,23.37,20,1
1341.87,23.37,20,1
1341.99,23.37,20,1
1342.12,23.37,20,1
1342.24,23.37,20,1
1342.36,23.37,20,1
1342.48,23.37,20,1
1342.61,23.37,20,1
1342.73,23.37,20,1
1342.85,23.37,20,1
1342.97,23.37,20,1
1343.1,23.37,20,1
1343.22,23.37,20,1
1343.34,23.37,20,1
1343.46,23.36,20,1
1343.59,23.37,20,1
1343.71,23.36,20,1
1343.83,23.36,20,1
1343.95,23.36,20,1
1344.08,23.37,20,1
1344.2,23.37,20,1
1344.32,23.37,20,1
1344.44,23.37,20,1
1344.57,23.36,20,1
1344.69,23.36,20,1
1344.81,23.36,20,1
1344.94,23.37,20,1
1345.06,23.37,20,1
1345.18,23.36,20,1
1345.3,23.36,20,1
1345.43,23.36,20,1
1345.55,23.36,20,1
1345.67,23.36,20,1
1345.79,23.36,20,1
1345.92,23.36,20,1
1346.04,23.36,20,1
1346.16,23.36,20,1
1346.28,23.36,20,1
1346.41,23.36,20,1
1346.53,23.36,20,1
1346.65,23.36,20,1
1346.78,23.36,20,1
1346.9,23.36,20,1
1347.02,23.36,20,1
1347.14,23.36,20,1
1347.26,23.36,20,1
1347.39,23.36,20,1
1347.51,23.36,20,1
1347.63,23.36,20,1
1347.76,23.36,20,1
1347.88,23.36,20,1
1348.0,23.36,20,1
1348.12,23.36,20,1
1348.25,23.36,20,1
1348.37,23.36,20,1
1348.49,23.36,20,1
1348.61,23.36,20,1
1348.74,23.36,20,1
1348.86,23.36,20,1
1348.98,23.36,20,1
1349.1,23.36,20,1
1349.23,23.36,20,1
1349.35,23.36,20,1
1349.47,23.36,20,1
1349.59,23.36,20,1
1349.72,23.36,20,1
1349.84,23.36,20,1
1349.96,23.36,20,1
1350.08,23.36,20,1
1350.21,23.36,20,1
1350.33,23.36,20,1
1350.45,23.36,20,1
1350.57,23.36,20,1
1350.7,23.36,20,1
1350.82,23.36,20,1
1350.94,23.36,20,1
1351.06,23.36,20,1
1351.19,23.36,20,1
1351.31,23.36,20,1
1351.43,23.36,20,1
1351.56,23.36,20,1
1351.68,23.36,20,1
1351.8,23.36,20,1
1351.92,23.36,20,1
1352.05,23.36,20,1
1352.17,23.36,20,1
1352.29,23.36,20,1
1352.41,23.36,20,1
1352.54,23.36,20,1
1352.66,23.36,20,1
1352.78,23.36,20,1
1352.9,23.36,20,1
1353.03,23.36,20,1
1353.15,23.36,20,1
1353.27,23.36,20,1
1353.39,23.36,20,1
1353.52,23.36,20,1
1353.64,23.36,20,1
1353.76,23.36,20,1
1353.88,23.36,20,1
1354.01,23.36,20,1
1354.13,23.36,20,1
1354.25,23.36,20,1
1354.37,23.36,20,1
1354.5,23.36,20,1
1354.62,23.36,20,1
1354.74,23.36,20,1
1354.86,23.36,20,1
1354.99,23.36,20,1
1355.11,23.36,20,1
1355.23,23.36,20,1
1355.35,23.36,20,1
1355.48,23.36,20,1
1355.6,23.36,20,1
1355.72,23.36,20,1
1355.84,23.36,20,1
1355.97,23.36,20,1
1356.09,23.36,20,1
1356.21,23.36,20,1
1356.34,23.36,20,1
1356.46,23.36,20,1
1356.58,23.36,20,1
1356.7,23.36,20,1
1356.82,23.36,20,1
1356.95,23.36,20,1
1357.07,23.36,20,1
1357.19,23.36,20,1
1357.32,23.36,20,1
1357.44,23.36,20,1
1357.56,23.36,20,1
1357.68,23.36,20,1
1357.81,23.36,20,1
1357.93,23.36,20,1
1358.05,23.36,20,1
1358.17,23.36,20,1
1358.3,23.36,20,1
1358.42,23.36,20,1
1358.54,23.36,20,1
1358.66,23.36,20,1
1358.79,23.36,20,1
1358.91,23.36,20,1
1359.03,23.36,20,1
1359.16,23.36,20,1
1359.28,23.36,20,1
1359.4,23.36,20,1
1359.52,23.36,20,1
1359.65,23.36,20,1
1359.77,23.36,20,1
1359.89,23.36,20,1
1360.01,23.36,20,1
1360.14,23.36,20,1
1360.26,23.36,20,1
1360.38,23.36,20,1
1360.5,23.36,20,1
1360.63,23.36,20,1
1360.75,23.36,20,1
1360.87,23.36,20,1
1360.99,23.36,20,1
1361.12,23.36,20,1
1361.24,23.36,20,1
1361.36,23.36,20,1
1361.48,23.36,20,1
1361.61,23.36,20,1
1361.73,23.36,20,1
1361.85,23.36,20,1
1361.97,23.36,20,1
1362.1,23.36,20,1
1362.22,23.36,20,1
1362.34,23.36,20,1
1362.46,23.36,20,1
1362.59,23.36,20,1
1362.71,23.36,20,1
1362.83,23.36,20,1
1362.95,23.36,20,1
1363.08,23.36,20,1
1363.2,23.36,20,1
1363.32,23.36,20,1
1363.44,23.36,20,1
1363.57,23.36,20,1
1363.69,23.36,20,1
1363.81,23.36,20,1
1363.94,23.36,20,1
1364.06,23.36,20,1
1364.18,23.36,20,1
1364.3,23.36,20,1
1364.43,23.36,20,1
1364.55,23.36,20,1
1364.67,23.36,20,1
1364.79,23.36,20,1
1364.92,23.36,20,1
1365.04,23.36,20,1
1365.16,23.36,20,1
1365.28,23.36,20,1
1365.41,23.36,20,1
1365.53,23.36,20,1
1365.65,23.36,20,1
1365.77,23.36,20,1
1365.9,23.36,20,1
1366.02,23.36,20,1
1366.14,23.36,20,1
1366.26,23.36,20,1
1366.39,23.36,20,1
1366.51,23.36,20,1
1366.63,23.36,20,1
1366.75,23.36,20,1
1366.88,23.36,20,1
1367.0,23.36,20,1
1367.12,23.36,20,1
1367.24,23.36,20,1
1367.37,23.36,20,1
1367.49,23.36,20,1
1367.61,23.36,20,1
1367.73,23.36,20,1
1367.86,23.36,20,1
1367.98,23.36,20,1
1368.1,23.36,20,1
1368.22,23.36,20,1
1368.35,23.36,20,1
1368.47,23.36,20,1
1368.59,23.36,20,1
1368.71,23.36,20,1
1368.84,23.36,20,1
1368.96,23.36,20,1
1369.08,23.36,20,1
1369.21,23.36,20,1
1369.33,23.36,20,1
1369.45,23.36,20,1
1369.57,23.36,20,1
1369.7,23.36,20,1
1369.82,23.36,20,1
1369.94,23.36,20,1
1370.06,23.36,20,1
1370.19,23.36,20,1
1370.31,23.36,20,1
1370.43,23.36,20,1
1370.55,23.36,20,1
1370.68,23.36,20,1
1370.8,23.36,20,1
1370.92,23.36,20,1
1371.04,23.36,20,1
1371.17,23.36,20,1
1371.29,23.36,20,1
1371.41,23.36,20,1
1371.54,23.36,20,1
1371.66,23.36,20,1
1371.78,23.36,20,1
1371.9,23.36,20,1
1372.03,23.36,20,1
1372.15,23.36,20,1
1372.27,23.36,20,1
1372.39,23.36,20,1
1372.52,23.36,20,1
1372.64,23.36,20,1
1372.76,23.36,20,1
1372.88,23.36,20,1
1373.01,23.36,20,1
1373.13,23.36,20,1
1373.25,23.36,20,1
1373.37,23.36,20,1
1373.5,23.36,20,1
1373.62,23.36,20,1
1373.74,23.36,20,1
1373.86,23.36,20,1
1373.99,23.36,20,1
1374.11,23.36,20,1
1374.23,23.36,20,1
1374.35,23.36,20,1
1374.48,23.36,20,1
1374.6,23.36,20,1
1374.72,23.36,20,1
1374.84,23.36,20,1
1374.97,23.36,20,1
1375.09,23.36,20,1
1375.21,23.36,20,1
1375.33,23.36,20,1
1375.46,23.35,20,1
1375.58,23.36,20,1
1375.7,23.36,20,1
1375.82,23.36,20,1
1375.95,23.36,20,1
1376.07,23.35,20,1
1376.19,23.36,20,1
1376.32,23.36,20,1
1376.44,23.35,20,1
1376.56,23.35,20,1
1376.68,23.35,20,1
1376.81,23.35,20,1
1376.93,23.35,20,1
1377.05,23.35,20,1
1377.17,23.36,20,1
1377.3,23.35,20,1
1377.42,23.35,20,1
1377.54,23.35,20,1
1377.67,23.35,20,1
1377.79,23.35,20,1
1377.91,23.35,20,1
1378.03,23.35,20,1
1378.16,23.35,20,1
1378.28,23.35,20,1
1378.4,23.35,20,1
1378.52,23.35,20,1
1378.64,23.35,20,1
1378.77,23.35,20,1
1378.89,23.35,20,1
1379.01,23.35,20,1
1379.14,23.35,20,1
1379.26,23.35,20,1
1379.38,23.35,20,1
1379.5,23.35,20,1
1379.63,23.35,20,1
1379.75,23.35,20,1
1379.87,23.35,20,1
1379.99,23.35,20,1
1380.11,23.35,20,1
1380.24,23.35,20,1
1380.36,23.35,20,1
1380.48,23.35,20,1
1380.6,23.35,20,1
1380.73,23.35,20,1
1380.85,23.35,20,1
1380.97,23.35,20,1
1381.1,23.35,20,1
1381.22,23.35,20,1
1381.34,23.35,20,1
1381.46,23.35,20,1
1381.59,23.35,20,1
1381.71,23.35,20,1
1381.83,23.35,20,1
1381.95,23.35,20,1
1382.08,23.35,20,1
1382.2,23.35,20,1
1382.32,23.35,20,1
1382.44,23.35,20,1
1382.57,23.35,20,1
1382.69,23.35,20,1
1382.81,23.35,20,1
1382.94,23.35,20,1
1383.06,23.35,20,1
1383.18,23.35,20,1
1383.3,23.35,20,1
1383.43,23.34,20,1
1383.55,23.35,20,1
1383.67,23.34,20,1
1383.79,23.34,20,1
1383.92,23.34,20,1
1384.04,23.34,20,1
1384.16,23.34,20,1
1384.28,23.34,20,1
1384.41,23.34,20,1
1384.53,23.34,20,1
1384.65,23.34,20,1
1384.77,23.34,20,1
1384.9,23.34,20,1
1385.02,23.34,20,1
1385.14,23.34,20,1
1385.26,23.34,20,1
1385.39,23.34,20,1
1385.51,23.34,20,1
1385.63,23.34,20,1
1385.75,23.34,20,1
1385.88,23.34,20,1
1386.0,23.34,20,1
1386.12,23.34,20,1
1386.25,23.34,20,1
1386.37,23.34,20,1
1386.49,23.34,20,1
1386.61,23.34,20,1
1386.73,23.34,20,1
1386.86,23.34,20,1
1386.98,23.34,20,1
1387.1,23.34,20,1
1387.22,23.33,20,1
1387.35,23.34,20,1
1387.47,23.33,20,1
1387.59,23.33,20,1
1387.71,23.33,20,1
1387.84,23.33,20,1
1387.96,23.33,20,1
1388.08,23.33,20,1
1388.21,23.33,20,1
1388.33,23.33,20,1
1388.45,23.33,20,1
1388.57,23.33,20,1
1388.7,23.33,20,1
1388.82,23.33,20,1
1388.94,23.33,20,1
1389.06,23.33,20,1
1389.19,23.33,20,1
1389.31,23.33,20,1
1389.43,23.33,20,1
1389.55,23.32,20,1
1389.68,23.33,20,1
1389.8,23.33,20,1
1389.92,23.32,20,1
1390.05,23.32,20,1
1390.17,23.32,20,1
1390.29,23.33,20,1
1390.41,23.32,20,1
1390.54,23.32,20,1
1390.66,23.32,20,1
1390.78,23.32,20,1
1390.9,23.32,20,1
1391.03,23.32,20,1
1391.15,23.32,20,1
1391.27,23.32,20,1
1391.39,23.32,20,1
1391.52,23.32,20,1
1391.64,23.32,20,1
1391.76,23.32,20,1
1391.88,23.32,20,1
1392.01,23.32,20,1
1392.13,23.32,20,1
1392.25,23.32,20,1
1392.37,23.32,20,1
1392.5,23.32,20,1
1392.62,23.31,20,1
1392.74,23.32,20,1
1392.86,23.31,20,1
1392.99,23.32,20,1
1393.11,23.32,20,1
1393.23,23.31,20,1
1393.35,23.31,20,1
1393.48,23.31,20,1
1393.6,23.31,20,1
1393.72,23.31,20,1
1393.84,23.31,20,1
1393.97,23.31,20,1
1394.09,23.31,20,1
1394.21,23.31,20,1
1394.33,23.31,20,1
1394.46,23.31,20,1
1394.58,23.31,20,1
1394.7,23.31,20,1
1394.82,23.31,20,1
1394.95,23.31,20,1
1395.07,23.31,20,1
1395.19,23.31,20,1
1395.31,23.31,20,1
1395.44,23.31,20,1
1395.56,23.31,20,1
1395.68,23.31,20,1
1395.81,23.31,20,1
1395.93,23.31,20,1
1396.05,23.31,20,1
1396.17,23.31,20,1
1396.3,23.31,20,1
1396.42,23.3,20,1
1396.54,23.31,20,1
1396.66,23.3,20,1
1396.79,23.3,20,1
1396.91,23.31,20,1
1397.03,23.3,20,1
1397.15,23.3,20,1
1397.28,23.3,20,1
1397.4,23.3,20,1
1397.52,23.3,20,1
1397.65,23.3,20,1
1397.77,23.3,20,1
1397.89,23.3,20,1
1398.01,23.3,20,1
1398.14,23.3,20,1
1398.26,23.3,20,1
1398.38,23.3,20,1
1398.5,23.3,20,1
1398.63,23.3,20,1
1398.75,23.3,20,1
1398.87,23.3,20,1
1398.99,23.3,20,1
1399.11,23.3,20,1
1399.24,23.3,20,1
1399.36,23.3,20,1
1399.48,23.3,20,1
1399.61,23.3,20,1
1399.73,23.3,20,1
1399.85,23.3,20,1
1399.97,23.3,20,1
1400.1,23.3,20,1
1400.22,23.3,20,1
1400.34,23.3,20,1
1400.46,23.3,20,1
1400.59,23.3,20,1
1400.71,23.3,20,1
1400.83,23.3,20,1
1400.95,23.3,20,1
1401.08,23.3,20,1
1401.2,23.3,20,1
1401.32,23.3,20,1
1401.44,23.3,20,1
1401.57,23.3,20,1
1401.69,23.3,20,1
1401.81,23.3,20,1
1401.93,23.3,20,1
1402.06,23.3,20,1
1402.18,23.3,20,1
1402.3,23.3,20,1
1402.43,23.3,20,1
1402.55,23.3,20,1
1402.67,23.3,20,1
1402.79,23.3,20,1
1402.92,23.29,20,1
1403.04,23.29,20,1
1403.16,23.29,20,1
1403.28,23.3,20,1
1403.41,23.29,20,1
1403.53,23.29,20,1
1403.65,23.29,20,1
1403.77,23.29,20,1
1403.9,23.29,20,1
1404.02,23.29,20,1
1404.14,23.29,20,1
1404.26,23.29,20,1
1404.39,23.29,20,1
1404.51,23.29,20,1
1404.63,23.29,20,1
1404.75,23.29,20,1
1404.88,23.29,20,1
1405.0,23.29,20,1
1405.12,23.29,20,1
1405.24,23.29,20,1
1405.37,23.29,20,1
1405.49,23.29,20,1
1405.61,23.29,20,1
1405.73,23.29,20,1
1405.86,23.29,20,1
1405.98,23.29,20,1
1406.1,23.29,20,1
1406.22,23.29,20,1
1406.35,23.29,20,1
1406.47,23.29,20,1
1406.59,23.29,20,1
1406.71,23.29,20,1
1406.84,23.29,20,1
1406.96,23.29,20,1
1407.08,23.29,20,1
1407.21,23.29,20,1
1407.33,23.29,20,1
1407.45,23.29,20,1
1407.57,23.29,20,1
1407.69,23.29,20,1
1407.82,23.29,20,1
1407.94,23.29,20,1
1408.06,23.29,20,1
1408.19,23.29,20,1
1408.31,23.29,20,1
1408.43,23.29,20,1
1408.55,23.29,20,1
1408.68,23.29,20,1
1408.8,23.29,20,1
1408.92,23.29,20,1
1409.04,23.29,20,1
1409.17,23.29,20,1
1409.29,23.29,20,1
1409.41,23.29,20,1
1409.53,23.29,20,1
1409.66,23.29,20,1
1409.78,23.29,20,1
1409.9,23.29,20,1
1410.03,23.29,20,1
1410.15,23.29,20,1
1410.27,23.29,20,1
1410.39,23.29,20,1
1410.52,23.29,20,1
1410.64,23.29,20,1
1410.76,23.29,20,1
1410.88,23.29,20,1
1411.01,23.29,20,1
1411.13,23.29,20,1
1411.25,23.29,20,1
1411.37,23.29,20,1
1411.5,23.29,20,1
1411.62,23.29,20,1
1411.74,23.29,20,1
1411.86,23.29,20,1
1411.99,23.29,20,1
1412.11,23.29,20,1
1412.23,23.29,20,1
1412.35,23.29,20,1
1412.48,23.29,20,1
1412.6,23.29,20,1
1412.72,23.29,20,1
1412.84,23.29,20,1
1412.97,23.29,20,1
1413.09,23.29,20,1
1413.21,23.29,20,1
1413.33,23.29,20,1
1413.46,23.29,20,1
1413.58,23.29,20,1
1413.7,23.29,20,1
1413.82,23.29,20,1
1413.95,23.29,20,1
1414.07,23.29,20,1
1414.19,23.29,20,1
1414.31,23.29,20,1
1414.44,23.29,20,1
1414.56,23.29,20,1
1414.68,23.29,20,1
1414.81,23.29,20,1
1414.93,23.29,20,1
1415.05,23.29,20,1
1415.17,23.29,20,1
1415.3,23.29,20,1
1415.42,23.29,20,1
1415.54,23.29,20,1
1415.66,23.29,20,1
1415.79,23.29,20,1
1415.91,23.29,20,1
1416.03,23.29,20,1
1416.15,23.29,20,1
1416.28,23.29,20,1
1416.4,23.29,20,1
1416.52,23.29,20,1
1416.64,23.29,20,1
1416.77,23.29,20,1
1416.89,23.29,20,1
1417.01,23.29,20,1
1417.14,23.29,20,1
1417.26,23.29,20,1
1417.38,23.29,20,1
1417.5,23.29,20,1
1417.62,23.29,20,1
1417.75,23.29,20,1
1417.87,23.29,20,1
1417.99,23.29,20,1
1418.11,23.29,20,1
1418.24,23.29,20,1
1418.36,23.29,20,1
1418.48,23.29,20,1
1418.6,23.29,20,1
1418.73,23.29,20,1
1418.85,23.29,20,1
1418.97,23.29,20,1
1419.1,23.29,20,1
1419.22,23.29,20,1
1419.34,23.29,20,1
1419.46,23.29,20,1
1419.59,23.29,20,1
1419.71,23.29,20,1
1419.83,23.29,20,1
1419.95,23.29,20,1
1420.08,23.29,20,1
1420.2,23.29,20,1
1420.32,23.29,20,1
1420.44,23.29,20,1
1420.57,23.29,20,1
1420.69,23.29,20,1
1420.81,23.29,20,1
1420.93,23.29,20,1
1421.06,23.29,20,1
1421.18,23.29,20,1
1421.3,23.29,20,1
1421.42,23.29,20,1
1421.55,23.29,20,1
1421.67,23.29,20,1
1421.79,23.29,20,1
1421.92,23.29,20,1
1422.04,23.29,20,1
1422.16,23.29,20,1
1422.28,23.29,20,1
1422.41,23.29,20,1
1422.53,23.29,20,1
1422.65,23.29,20,1
1422.77,23.29,20,1
1422.9,23.29,20,1
1423.02,23.29,20,1
1423.14,23.29,20,1
1423.26,23.29,20,1
1423.39,23.29,20,1
1423.51,23.29,20,1
1423.63,23.29,20,1
1423.75,23.29,20,1
1423.88,23.29,20,1
1424.0,23.29,20,1
1424.12,23.29,20,1
1424.24,23.29,20,1
1424.37,23.29,20,1
1424.49,23.29,20,1
1424.61,23.29,20,1
1424.73,23.29,20,1
1424.86,23.29,20,1
1424.98,23.29,20,1
1425.1,23.29,20,1
1425.22,23.29,20,1
1425.35,23.29,20,1
1425.47,23.29,20,1
1425.59,23.29,20,1
1425.71,23.29,20,1
1425.84,23.29,20,1
1425.96,23.29,20,1
1426.08,23.29,20,1
1426.2,23.29,20,1
1426.33,23.29,20,1
1426.45,23.29,20,1
1426.57,23.29,20,1
1426.7,23.29,20,1
1426.82,23.29,20,1
1426.94,23.29,20,1
1427.06,23.29,20,1
1427.19,23.29,20,1
1427.31,23.29,20,1
1427.43,23.29,20,1
1427.55,23.29,20,1
1427.68,23.29,20,1
1427.8,23.29,20,1
1427.92,23.29,20,1
1428.04,23.29,20,1
1428.17,23.29,20,1
1428.29,23.29,20,1
1428.41,23.29,20,1
1428.53,23.29,20,1
1428.66,23.29,20,1
1428.78,23.29,20,1
1428.9,23.29,20,1
1429.02,23.29,20,1
1429.15,23.29,20,1
1429.27,23.29,20,1
1429.39,23.29,20,1
1429.52,23.29,20,1
1429.64,23.29,20,1
1429.76,23.29,20,1
1429.88,23.29,20,1
1430.01,23.29,20,1
1430.13,23.29,20,1
1430.25,23.29,20,1
1430.37,23.29,20,1
1430.5,23.29,20,1
1430.62,23.29,20,1
1430.74,23.29,20,1
1430.86,23.29,20,1
1430.99,23.29,20,1
1431.11,23.29,20,1
1431.23,23.29,20,1
1431.35,23.29,20,1
1431.48,23.29,20,1
1431.6,23.29,20,1
1431.72,23.29,20,1
1431.84,23.29,20,1
1431.97,23.29,20,1
1432.09,23.29,20,1
1432.21,23.29,20,1
1432.33,23.29,20,1
1432.46,23.29,20,1
1432.58,23.29,20,1
1432.7,23.29,20,1
1432.82,23.29,20,1
1432.95,23.29,20,1
1433.07,23.29,20,1
1433.19,23.29,20,1
1433.31,23.29,20,1
1433.44,23.29,20,1
1433.56,23.29,20,1
1433.68,23.29,20,1
1433.81,23.29,20,1
1433.93,23.29,20,1
1434.05,23.29,20,1
1434.17,23.29,20,1
1434.3,23.29,20,1
1434.42,23.29,20,1
1434.54,23.29,20,1
1434.66,23.29,20,1
1434.79,23.29,20,1
1434.91,23.29,20,1
1435.03,23.29,20,1
1435.15,23.29,20,1
1435.28,23.29,20,1
1435.4,23.29,20,1
1435.52,23.29,20,1
1435.64,23.29,20,1
1435.77,23.29,20,1
1435.89,23.29,20,1
1436.01,23.29,20,1
1436.13,23.29,20,1
1436.26,23.29,20,1
1436.38,23.29,20,1
1436.5,23.29,20,1
1436.62,23.29,20,1
1436.75,23.29,20,1
1436.87,23.29,20,1
1436.99,23.29,20,1
1437.11,23.29,20,1
1437.24,23.29,20,1
1437.36,23.29,20,1
1437.48,23.29,20,1
1437.6,23.29,20,1
1437.73,23.29,20,1
1437.85,23.29,20,1
1437.97,23.29,20,1
1438.09,23.29,20,1
1438.22,23.29,20,1
1438.34,23.29,20,1
1438.46,23.29,20,1
1438.58,23.29,20,1
1438.71,23.29,20,1
1438.83,23.29,20,1
1438.95,23.29,20,1
1439.08,23.29,20,1
1439.2,23.29,20,1
1439.32,23.29,20,1
1439.44,23.29,20,1
1439.57,23.29,20,1
1439.69,23.29,20,1
1439.81,23.29,20,1
1439.93,23.29,20,1
1440.06,23.29,20,1
1440.18,23.29,20,1
1440.3,23.29,20,1
1440.42,23.29,20,1
1440.55,23.29,20,1
1440.67,23.28,20,1
1440.79,23.29,20,1
1440.92,23.29,20,1
1441.04,23.29,20,1
1441.16,23.29,20,1
1441.28,23.29,20,1
1441.4,23.29,20,1
1441.53,23.29,20,1
1441.65,23.28,20,1
1441.77,23.29,20,1
1441.9,23.29,20,1
1442.02,23.29,20,1
1442.14,23.28,20,1
1442.26,23.28,20,1
1442.39,23.28,20,1
1442.51,23.29,20,1
1442.63,23.29,20,1
1442.75,23.29,20,1
1442.88,23.29,20,1
1443.0,23.29,20,1
1443.12,23.29,20,1
1443.24,23.29,20,1
1443.37,23.29,20,1
1443.49,23.29,20,1
1443.61,23.29,20,1
1443.73,23.28,20,1
1443.86,23.29,20,1
1443.98,23.29,20,1
1444.1,23.29,20,1
1444.22,23.29,20,1
1444.35,23.29,20,1
1444.47,23.28,20,1
1444.59,23.29,20,1
1444.71,23.29,20,1
1444.84,23.29,20,1
1444.96,23.28,20,1
1445.08,23.28,20,1
1445.2,23.28,20,1
1445.33,23.28,20,1
1445.45,23.28,20,1
1445.57,23.28,20,1
1445.69,23.28,20,1
1445.82,23.28,20,1
1445.94,23.28,20,1
1446.06,23.28,20,1
1446.19,23.28,20,1
1446.31,23.28,20,1
1446.43,23.28,20,1
1446.55,23.28,20,1
1446.68,23.28,20,1
1446.8,23.28,20,1
1446.92,23.28,20,1
1447.04,23.28,20,1
1447.17,23.28,20,1
1447.29,23.28,20,1
1447.41,23.28,20,1
1447.53,23.28,20,1
1447.66,23.28,20,1
1447.78,23.28,20,1
1447.9,23.28,20,1
1448.03,23.28,20,1
1448.15,23.28,20,1
1448.27,23.28,20,1
1448.39,23.28,20,1
1448.51,23.28,20,1
1448.64,23.28,20,1
1448.76,23.28,20,1
1448.88,23.28,20,1
1449.01,23.28,20,1
1449.13,23.28,20,1
1449.25,23.28,20,1
1449.37,23.28,20,1
1449.5,23.28,20,1
1449.62,23.28,20,1
1449.74,23.28,20,1
1449.86,23.28,20,1
1449.99,23.28,20,1
1450.11,23.28,20,1
1450.23,23.28,20,1
1450.35,23.28,20,1
1450.48,23.28,20,1
1450.6,23.28,20,1
1450.72,23.28,20,1
1450.84,23.28,20,1
1450.97,23.28,20,1
1451.09,23.28,20,1
1451.21,23.28,20,1
1451.33,23.28,20,1
1451.46,23.28,20,1
1451.58,23.28,20,1
1451.7,23.28,20,1
1451.82,23.28,20,1
1451.95,23.28,20,1
1452.07,23.28,20,1
1452.19,23.28,20,1
1452.31,23.28,20,1
1452.44,23.28,20,1
1452.56,23.28,20,1
1452.68,23.28,20,1
1452.81,23.28,20,1
1452.93,23.28,20,1
1453.05,23.28,20,1
1453.17,23.28,20,1
1453.3,23.28,20,1
1453.42,23.28,20,1
1453.54,23.28,20,1
1453.66,23.28,20,1
1453.79,23.28,20,1
1453.91,23.28,20,1
1454.03,23.28,20,1
1454.15,23.28,20,1
1454.28,23.28,20,1
1454.4,23.28,20,1
1454.52,23.28,20,1
1454.64,23.28,20,1
1454.77,23.28,20,1
1454.89,23.28,20,1
1455.01,23.28,20,1
1455.13,23.28,20,1
1455.26,23.28,20,1
1455.38,23.28,20,1
1455.5,23.28,20,1
1455.63,23.28,20,1
1455.75,23.28,20,1
